정책,시간제한_분,재배치출발구,재배치도착구,총재배치UD,평균이동시간_분,총예측커버리지증가,총공차차량시간_분
LightGBM선제,20,강남구,송파구,42.009136000527555,18.458716666666668,3.500761333377295,775.4347388452047
LightGBM선제,20,강북구,도봉구,13.120442411271725,15.90874166666667,1.0933702009393098,208.729728873299
LightGBM선제,20,강북구,성북구,10.625569214825914,18.413641666666667,0.8854641012354924,195.65542402616907
LightGBM선제,20,관악구,금천구,25.390788583695123,19.438299999999998,2.115899048641261,493.5537657264409
LightGBM선제,20,관악구,동작구,43.2630271006765,16.510616666666667,3.605252258389708,714.2992562988812
LightGBM선제,20,구로구,양천구,22.290145847204137,17.010550000000002,1.857512153933678,379.16764044115837
LightGBM선제,20,구로구,영등포구,11.833002523265487,18.7515,0.986083543605456,221.88654681501276
LightGBM선제,20,노원구,도봉구,37.57895136365969,18.564666666666668,3.1315792803049733,697.640705749221
LightGBM선제,20,도봉구,강북구,30.563896870026042,15.060066666666668,2.546991405835504,460.2943244557169
LightGBM선제,20,도봉구,노원구,60.16260553494368,17.494616666666666,5.013550461245307,1052.5217215017178
LightGBM선제,20,동대문구,성동구,17.630642499414897,16.761933333333335,1.4692202082845731,295.5236541990259
LightGBM선제,20,동대문구,성북구,15.419928189558735,17.708283333333334,1.2849940157965614,273.0604573603598
LightGBM선제,20,동대문구,중랑구,43.34831751251048,18.962666666666667,3.6123597927092037,821.9996955505653
LightGBM선제,20,동작구,관악구,27.63005970660029,16.662033333333333,2.3025049755500246,460.37297583336425
LightGBM선제,20,동작구,영등포구,34.46834482442181,15.856416666666664,2.872362068701817,546.5444373463757
LightGBM선제,20,동작구,용산구,58.315354220972914,19.213608333333333,4.859612851747743,1120.4483758213703
LightGBM선제,20,마포구,서대문구,19.09472472165615,17.863116666666667,1.5912270601380123,341.091295420828
LightGBM선제,20,서대문구,마포구,79.66547976922784,15.560275,6.638789980768985,1239.6167732161218
LightGBM선제,20,성동구,동대문구,8.553100833717497,16.00335833333333,0.7127584028097924,136.8783375031132
LightGBM선제,20,성동구,중구,16.755815403535898,15.657333333333334,1.3963179502946577,262.35138704496273
LightGBM선제,20,성북구,강북구,56.61335957967433,18.153808333333334,4.717779964972863,1027.7480789154883
LightGBM선제,20,성북구,동대문구,29.52519215398719,18.263666666666666,2.4604326794989317,539.2382677697041
LightGBM선제,20,송파구,강남구,26.225179967918447,18.524608333333333,2.185431663993203,485.8111873768685
LightGBM선제,20,양천구,구로구,36.6256722601179,16.561558333333334,3.0521393550098233,606.5782076334912
LightGBM선제,20,양천구,영등포구,18.53552117438518,19.560000000000002,1.5446267645320981,362.55479417097416
LightGBM선제,20,영등포구,구로구,34.96902780969186,19.61210833333333,2.914085650807653,685.8163617150227
LightGBM선제,20,영등포구,동작구,44.95559158226093,16.988225,3.7462992985217447,763.7157048075546
LightGBM선제,20,영등포구,양천구,38.64605748269692,18.567133333333334,3.220504790224742,717.546502088898
LightGBM선제,20,용산구,동작구,9.125564293161684,19.465025,0.7604636910968069,177.6293371054995
LightGBM선제,20,용산구,중구,12.680624805037779,19.266466666666666,1.0567187337531474,244.31083511876685
LightGBM선제,20,종로구,서대문구,35.80962330602578,19.161966666666665,2.984135275502147,686.1828081359557
LightGBM선제,20,중구,성동구,32.83486989867052,15.958,2.736239158222542,523.9788538429841
LightGBM선제,20,중구,용산구,22.113389170465165,18.463216666666664,1.842782430872097,408.28429548861857
LightGBM선제,20,중랑구,노원구,88.32497867003107,18.242725,7.360414889169254,1611.2882965082426
LightGBM선제,20,중랑구,동대문구,31.593201339296016,19.364050000000002,2.6327667782746684,611.7723303941951
LightGBM선제,30,강남구,서초구,11.10545493876034,23.716166666666666,0.9254545782300274,263.3788202367967
LightGBM선제,30,강남구,성동구,35.30475374769055,28.276675,2.942062812307546,998.3010476784776
LightGBM선제,30,강남구,송파구,37.62379182807451,18.458716666666668,3.135315985672876,694.4869132800761
LightGBM선제,30,강동구,광진구,58.262219433005534,21.263475,4.855184952750463,1238.8572463582273
LightGBM선제,30,강동구,송파구,26.085899743670666,23.67438333333333,2.173824978639221,617.5675901265611
LightGBM선제,30,강북구,노원구,12.977836786786646,21.465,1.0814863988988865,278.5692666283754
LightGBM선제,30,강북구,도봉구,12.64733486045834,15.908741666666668,1.0539445717048634,201.20318306685945
LightGBM선제,30,강북구,동대문구,3.630264175829067,26.56055,0.3025220146524219,96.42181315531671
LightGBM선제,30,강북구,성북구,6.9075986405564915,18.413641666666667,0.5756332200463739,127.19404614436104
LightGBM선제,30,강서구,마포구,12.847308261414923,28.315825,1.0706090217845767,363.7821324512792
LightGBM선제,30,강서구,양천구,9.686160235093546,22.52545,0.8071800195911274,218.1851180675879
LightGBM선제,30,강서구,영등포구,13.479312806222216,28.074216666666665,1.1232760671851856,378.42114823965716
LightGBM선제,30,관악구,구로구,11.266246807127022,24.361575000000002,0.9388539005939177,274.4635165603355
LightGBM선제,30,관악구,금천구,17.47203661714346,19.438299999999998,1.4560030514286233,339.6266893750197
LightGBM선제,30,관악구,동작구,39.65493822693076,16.510616666666667,3.304578185577563,654.7274840052002
LightGBM선제,30,관악구,서초구,36.606473769062745,26.594749999999998,3.0505394807552277,973.5400182697814
LightGBM선제,30,관악구,영등포구,30.39451713868072,23.91443333333333,2.5328764282233935,726.8676538118374
LightGBM선제,30,광진구,강남구,10.741331607939745,28.8659,0.8951109673283114,310.0582040616279
LightGBM선제,30,광진구,강동구,23.26357682926601,21.346725,1.9386314024388331,496.60117709071346
LightGBM선제,30,광진구,노원구,22.33534478137509,27.96960833333333,1.861278731781256,624.7108455250218
LightGBM선제,30,광진구,동대문구,8.075670151925328,20.317,0.6729725126604433,164.0733904766669
LightGBM선제,30,광진구,성동구,5.375039373936707,20.313383333333334,0.447919947828059,109.18523523453634
LightGBM선제,30,광진구,송파구,25.257038327908823,20.769000000000002,2.104753193992403,524.5634290323384
LightGBM선제,30,광진구,중랑구,5.631309873302173,23.3155,0.4692758227751812,131.2968053509768
LightGBM선제,30,구로구,관악구,52.29820067732592,23.116116666666667,4.358183389777159,1208.9313083138118
LightGBM선제,30,구로구,금천구,10.51499240444954,21.0159,0.8762493670374625,220.98202887267107
LightGBM선제,30,구로구,동작구,4.75819920194354,26.465233333333334,0.39651660016196144,125.92685212591626
LightGBM선제,30,구로구,양천구,16.21391025894492,17.010550000000002,1.35115918824541,275.8075311552956
LightGBM선제,30,구로구,영등포구,5.156012415713732,18.7515,0.42966770130947807,96.68296681325606
LightGBM선제,30,금천구,관악구,6.4180899007965575,20.266166666666667,0.53484082506638,130.07007961119317
LightGBM선제,30,금천구,구로구,15.218855943746007,20.51225,1.2682379953121667,312.17297783210404
LightGBM선제,30,금천구,동작구,1.0179241546827746,26.967475,0.08482701289023098,27.45084419330386
LightGBM선제,30,금천구,양천구,11.116176514313896,27.716616666666667,0.926348042859492,308.1028032462411
LightGBM선제,30,금천구,영등포구,7.384643922629198,25.662583333333334,0.6153869935524343,189.50904005146535
LightGBM선제,30,노원구,강북구,37.43929422988855,23.014383333333335,3.119941185824046,861.64226913611
LightGBM선제,30,노원구,도봉구,31.379084484319606,18.564666666666668,2.614923707026633,582.5422437565654
LightGBM선제,30,노원구,동대문구,30.652240798850922,27.870833333333334,2.554353399904244,854.3034945979742
LightGBM선제,30,노원구,성북구,24.5548803597741,25.108999999999998,2.0462400299811745,616.5484909535678
LightGBM선제,30,노원구,중랑구,33.110337662050746,20.25819166666667,2.759194805170896,670.755566505876
LightGBM선제,30,도봉구,강북구,33.25147456563799,15.060066666666668,2.770956213803165,500.76942372347924
LightGBM선제,30,도봉구,노원구,54.3172264963193,17.494616666666666,4.52643554135994,950.2590559496158
LightGBM선제,30,동대문구,강북구,6.963823151160739,28.16711666666667,0.5803185959300617,196.15081914477884
LightGBM선제,30,동대문구,광진구,7.941985017267146,21.610391666666665,0.661832084772262,171.62940683394143
LightGBM선제,30,동대문구,노원구,50.70845605109504,23.667525,4.225704670924585,1200.1436513006931
LightGBM선제,30,동대문구,성동구,6.928630319637412,16.761933333333335,0.5773858599697839,116.13723950907433
LightGBM선제,30,동대문구,성북구,10.222284498885928,17.708283333333334,0.8518570415738274,181.01911022021338
LightGBM선제,30,동대문구,종로구,2.540470329154088,26.766716666666664,0.2117058607628407,68.00004950054087
LightGBM선제,30,동대문구,중구,1.7287904665209615,26.315833333333334,0.14406587221007972,45.4945617852212
LightGBM선제,30,동대문구,중랑구,29.591371118603217,18.962666666666667,2.4659475932169324,561.1313067317
LightGBM선제,30,동작구,관악구,16.584167736544433,16.662033333333333,1.3820139780453693,276.32595563189454
LightGBM선제,30,동작구,구로구,7.418308608010895,27.241441666666667,0.6181923840009078,202.08542121046
LightGBM선제,30,동작구,금천구,13.638995532797065,26.22005,1.1365829610664218,357.6151448197157
LightGBM선제,30,동작구,서초구,24.898454467890517,21.908,2.0748712056575433,545.4753404825454
LightGBM선제,30,동작구,양천구,9.650020526927104,27.872116666666667,0.8041683772439251,268.9664979622404
LightGBM선제,30,동작구,영등포구,21.3181221329947,15.856416666666666,1.7765101777495573,338.02902709165267
LightGBM선제,30,동작구,용산구,51.210762402100954,19.213608333333333,4.267563533508412,983.9435312453602
LightGBM선제,30,마포구,강서구,35.45476479361517,24.217716666666668,2.9545637328012635,858.6334482550807
LightGBM선제,30,마포구,서대문구,10.28346649504363,17.863116666666667,0.8569555412536357,183.69476173872212
LightGBM선제,30,마포구,양천구,6.5655820749614,25.566050000000004,0.5471318395801167,167.85599960756693
LightGBM선제,30,마포구,영등포구,7.877594767858439,20.758033333333334,0.6564662306548689,163.52337477769774
LightGBM선제,30,마포구,용산구,20.29823394317001,25.322049999999997,1.691519495264167,513.9928948206481
LightGBM선제,30,마포구,은평구,1.7955125765904631,22.261883333333333,0.1496260480492051,39.971491503589625
LightGBM선제,30,마포구,종로구,25.719844504428853,28.247691666666668,2.14332037536907,726.5262372757174
LightGBM선제,30,마포구,중구,20.781390866904264,28.673241666666666,1.7317825722420226,595.8698424962055
LightGBM선제,30,서대문구,마포구,47.97622800364785,15.560275,3.998019000303987,746.5233011994616
LightGBM선제,30,서대문구,영등포구,5.600325543613188,28.514666666666667,0.4666937953010986,159.69141610094886
LightGBM선제,30,서대문구,용산구,14.199165727109477,27.568833333333334,1.1832638105924556,391.45443340306
LightGBM선제,30,서대문구,은평구,27.116210993940875,20.867966666666668,2.2596842494950735,565.8601871478584
LightGBM선제,30,서대문구,종로구,78.97842873013889,20.166549999999997,6.581535727511574,1592.7224319077823
LightGBM선제,30,서대문구,중구,44.855913912509735,25.82038333333333,3.7379928260424773,1158.196891988001
LightGBM선제,30,서초구,강남구,68.65245923617793,21.714441666666666,5.721038269681495,1490.7498213571969
LightGBM선제,30,서초구,관악구,25.153893983859824,24.71916666666667,2.096157831988319,621.783297702695
LightGBM선제,30,서초구,동작구,12.05689044168801,24.31783333333333,1.0047408701406675,293.1974522792287
LightGBM선제,30,서초구,용산구,13.23938579110391,26.39955833333333,1.103282149258659,349.51393748975215
LightGBM선제,30,성동구,광진구,2.6247215092921854,20.813166666666667,0.21872679244101545,54.62876622648314
LightGBM선제,30,성동구,노원구,8.036430205051186,29.8739,0.6697025170875988,240.0795123026786
LightGBM선제,30,성동구,동대문구,5.24748626105286,16.00335833333333,0.4372905217544062,83.97740298487244
LightGBM선제,30,성동구,성북구,2.6878304872177146,23.11425,0.2239858739348095,62.12718583917206
LightGBM선제,30,성동구,용산구,2.7574666451165055,24.56341666666667,0.2297888870930419,67.7328021484322
LightGBM선제,30,성동구,종로구,2.662544626475645,22.066325,0.22187871887297084,58.75257505481519
LightGBM선제,30,성동구,중구,8.120455376007216,15.657333333333334,0.6767046146672676,127.14467664060366
LightGBM선제,30,성동구,중랑구,12.623234309757423,29.372833333333332,1.0519361924797859,370.7801575081198
LightGBM선제,30,성북구,강북구,37.32027266835732,18.153808333333334,3.11002272236311,677.5050769690973
LightGBM선제,30,성북구,노원구,48.02546600043238,23.014533333333333,4.002122166702696,1105.2836881158178
LightGBM선제,30,성북구,동대문구,19.80340011952256,18.263666666666666,1.6502833432935453,361.6826986495868
LightGBM선제,30,성북구,성동구,4.565792780942928,22.76824166666666,0.3804827317452443,103.95507343643062
LightGBM선제,30,성북구,종로구,7.790115709773151,21.368550000000003,0.6491763091477626,166.46347705007307
LightGBM선제,30,성북구,중랑구,4.43898721847599,24.96345,0.36991560153966596,110.81243547906446
LightGBM선제,30,송파구,강남구,16.632980237064483,18.524608333333333,1.386081686422039,308.11944430769336
LightGBM선제,30,송파구,강동구,16.467841536812045,22.319833333333335,1.3723201280676705,367.5594784613887
LightGBM선제,30,송파구,광진구,21.453294556090125,21.566,1.787774546340845,462.6617503966396
LightGBM선제,30,양천구,강서구,126.94125451857255,22.902766666666665,10.57843787654771,2907.3059326128127
LightGBM선제,30,양천구,구로구,24.519182006566872,16.561558333333334,2.0432651672139066,406.07586308737433
LightGBM선제,30,양천구,금천구,12.284869959988663,27.973666666666666,1.0237391633323871,343.6528573040695
LightGBM선제,30,양천구,동작구,14.477704186973952,29.805775,1.2064753489144957,431.5191935135036
LightGBM선제,30,양천구,마포구,8.878417831254113,24.11991666666667,0.7398681526045093,214.14669822169662
LightGBM선제,30,양천구,영등포구,11.980574797094851,19.560000000000002,0.9983812330912376,234.34004303117533
LightGBM선제,30,영등포구,강서구,71.05118072394743,26.61638333333333,5.920931726995619,1891.1254624345288
LightGBM선제,30,영등포구,관악구,61.56792951439683,24.46505,5.1306607928664025,1506.2624739661942
LightGBM선제,30,영등포구,구로구,29.446291826464986,19.61210833333333,2.453857652205416,577.5038653155791
LightGBM선제,30,영등포구,금천구,20.865905215232324,27.179666666666666,1.7388254346026932,567.1283484482761
LightGBM선제,30,영등포구,동작구,29.28735418146449,16.988225,2.4406128484553733,497.54016248940957
LightGBM선제,30,영등포구,마포구,40.99226738828129,21.029525,3.4160222823567734,862.0479118485462
LightGBM선제,30,영등포구,양천구,26.32261923064719,18.567133333333334,2.193551602553932,488.7355809379905
LightGBM선제,30,영등포구,용산구,31.84648479956661,24.7146,2.6538737332972167,787.073133227369
LightGBM선제,30,용산구,관악구,5.883541493211685,29.670383333333334,0.49029512443430767,174.56693146116308
LightGBM선제,30,용산구,동작구,3.9324367966346268,19.465025,0.32770306638621893,76.54498055741293
LightGBM선제,30,용산구,마포구,8.13240536283311,22.568266666666666,0.6777004469027585,183.53429286984772
LightGBM선제,30,용산구,서대문구,2.5879915146158408,23.416441666666664,0.21566595955131973,60.60155233583014
LightGBM선제,30,용산구,서초구,3.8600782177460893,26.443583333333333,0.32167318481217455,102.07430002415352
LightGBM선제,30,용산구,성동구,6.992767367350122,22.265333333333334,0.5827306139458435,155.69629635650625
LightGBM선제,30,용산구,영등포구,8.106124077328198,20.9109,0.6755103397773502,169.50634996860222
LightGBM선제,30,용산구,종로구,17.392112799852264,25.117549999999998,1.4493427333210218,436.84726285592916
LightGBM선제,30,용산구,중구,5.283665837365223,19.266466666666666,0.44030548644710166,101.79757173340249
LightGBM선제,30,은평구,마포구,43.014817331738215,22.569975,3.584568110978183,970.8433518068982
LightGBM선제,30,은평구,서대문구,54.751530059963315,22.060283333333334,4.562627504996943,1207.8342660563078
LightGBM선제,30,은평구,양천구,17.59401112259653,28.97560833333333,1.4661675935497098,509.79717530066733
LightGBM선제,30,종로구,강북구,16.362130179203355,29.801741666666665,1.3635108482669465,487.61997671698873
LightGBM선제,30,종로구,동대문구,15.893801375907282,27.216775,1.3244834479922742,432.5780159427589
LightGBM선제,30,종로구,마포구,6.764523252113527,27.521216666666668,0.5637102710094601,186.16791006812102
LightGBM선제,30,종로구,서대문구,23.4878077374741,19.161966666666665,1.9573173114561737,450.0725889385541
LightGBM선제,30,종로구,성동구,12.857704536913932,24.720333333333333,1.071475378076161,317.8467420540247
LightGBM선제,30,종로구,성북구,32.33834489431536,21.6947,2.694862074526279,701.5706909787035
LightGBM선제,30,종로구,용산구,1.7240937338307183,28.37,0.1436744778192265,48.91253922877748
LightGBM선제,30,종로구,중구,2.578656518160128,24.242783333333335,0.2148880431800103,62.513811260843724
LightGBM선제,30,중구,동대문구,26.735885328800904,23.739666666666665,2.227990444066741,634.7010057439571
LightGBM선제,30,중구,마포구,1.5335077997741646,29.42460833333333,0.12779231664784718,45.12286638446655
LightGBM선제,30,중구,서대문구,18.57831352918601,23.04096666666667,1.5481927940988345,428.06230274885723
LightGBM선제,30,중구,성동구,19.49850233851745,15.958,1.6248751948764537,311.1571003180615
LightGBM선제,30,중구,성북구,11.129578503719983,27.66916666666667,0.9274648753099994,307.9461625491789
LightGBM선제,30,중구,영등포구,1.3778499938783295,29.267116666666666,0.114820832823194,40.32569652000302
LightGBM선제,30,중구,용산구,9.03577195769842,18.463216666666664,0.752980996474868,166.82941540557675
LightGBM선제,30,중구,종로구,2.924501021015258,22.101733333333335,0.243708418417938,64.6365416995403
LightGBM선제,30,중랑구,광진구,8.862342974124832,24.272750000000002,0.7385285811770703,215.11343542518856
LightGBM선제,30,중랑구,노원구,81.35161665951611,18.242725,6.7793013882930095,1484.075171024971
LightGBM선제,30,중랑구,동대문구,29.89214112052091,19.364050000000002,2.4910117600434107,578.832915264823
LightGBM선제,30,중랑구,성북구,6.993541893252197,28.76795,0.5827951577710165,201.18986350798454
LightGBM선제,45,강남구,강동구,10.045396454609804,30.22328333333333,0.8371163712174832,303.60486324333425
LightGBM선제,45,강남구,관악구,5.718803286867386,43.348108333333336,0.47656694057228133,247.89930441615022
LightGBM선제,45,강남구,광진구,5.653495465077217,30.712641666666666,0.47112462208976824,173.63378038304157
LightGBM선제,45,강남구,노원구,89.1946598064508,43.12883333333333,7.43288831720423,3846.861617015782
LightGBM선제,45,강남구,동대문구,12.335841994295444,37.42316666666667,1.0279868328579536,461.6462709261841
LightGBM선제,45,강남구,동작구,1.8166141188299718,43.38625833333333,0.15138450990249785,78.81608945153785
LightGBM선제,45,강남구,서초구,3.6652845820984634,23.716166666666666,0.30544038184153843,86.92650002981084
LightGBM선제,45,강남구,성동구,10.002811507830003,28.276674999999997,0.8335676256524994,282.8462500931689
LightGBM선제,45,강남구,송파구,18.618382199813492,18.458716666666668,1.5515318499844561,343.6714418180673
LightGBM선제,45,강남구,용산구,4.4157314946381865,33.97806666666666,0.3679776245531817,150.03801910691593
LightGBM선제,45,강남구,종로구,7.618879498146131,43.8565,0.6349066248455102,334.1373887104458
LightGBM선제,45,강남구,중구,3.932693326443489,36.62116666666667,0.3277244438702912,144.01981775657475
LightGBM선제,45,강동구,강남구,20.357291553407233,31.065974999999998,1.6964409627839356,632.4191104658602
LightGBM선제,45,강동구,광진구,31.180560569287287,21.263475,2.598380047440608,663.007070151026
LightGBM선제,45,강동구,노원구,73.56073047896982,40.12925,6.130060873247483,2951.9369435731996
LightGBM선제,45,강동구,동대문구,18.40520411693119,35.221333333333334,1.5337670097442673,648.2558292704724
LightGBM선제,45,강동구,성동구,9.506339414121138,38.030833333333334,0.792194951176761,361.53400986853865
LightGBM선제,45,강동구,송파구,14.236073275040605,23.67438333333333,1.1863394395867157,337.03025587473337
LightGBM선제,45,강동구,중구,7.007616559271021,44.42969166666666,0.5839680466059187,311.346243046639
LightGBM선제,45,강동구,중랑구,49.487072815577356,33.169333333333334,4.123922734631445,1641.453213910824
LightGBM선제,45,강북구,광진구,0.7226643967089755,41.378550000000004,0.060222033059081026,29.902804872442182
LightGBM선제,45,강북구,노원구,14.158175969451367,21.465,1.1798479974542802,303.9052471842736
LightGBM선제,45,강북구,도봉구,10.75193128919104,15.90874166666667,0.8959942740992535,171.04969729749058
LightGBM선제,45,강북구,동대문구,2.667913836891397,26.56055,0.22232615307428283,70.86125886044579
LightGBM선제,45,강북구,서대문구,3.7822866132768893,41.92345,0.31519055110640737,158.56650371738303
LightGBM선제,45,강북구,성동구,0.9396306622247407,40.925,0.07830255518539508,38.45438485154751
LightGBM선제,45,강북구,성북구,2.397959280243563,18.413641666666667,0.19982994002029753,44.155162917662885
LightGBM선제,45,강북구,은평구,0.4017629365752058,44.0774,0.033480244714600316,17.708665660599973
LightGBM선제,45,강북구,종로구,0.7734838110240903,31.900725000000005,0.06445698425200763,24.674694347431476
LightGBM선제,45,강북구,중구,0.6001501870810247,42.125,0.05001251559008535,25.28132663078817
LightGBM선제,45,강북구,중랑구,1.1994867324225105,33.49010833333333,0.09995722770187543,40.17094061322589
LightGBM선제,45,강서구,구로구,11.289343020146951,38.321000000000005,0.9407785850122447,432.61891387505136
LightGBM선제,45,강서구,동작구,11.561309063307705,38.724975,0.9634424219423099,447.7114044438643
LightGBM선제,45,강서구,마포구,14.779100389762919,28.315825,1.2315916991469098,418.48242029395857
LightGBM선제,45,강서구,서대문구,9.57411644466198,40.977549999999994,0.7978430370551644,392.3238353169585
LightGBM선제,45,강서구,양천구,8.19461004126965,22.52545,0.6828841701058034,184.58727875411742
LightGBM선제,45,강서구,영등포구,11.60104059333606,28.074216666666665,0.9667533827780043,325.6901271761118
LightGBM선제,45,강서구,용산구,13.068156326540254,42.221716666666666,1.0890130272116871,551.7599937748901
LightGBM선제,45,강서구,은평구,4.331106489390039,35.869775000000004,0.3609255407825025,155.3558152754606
LightGBM선제,45,관악구,강남구,55.68900945254682,42.88366666666666,4.640750787712236,2388.148918359867
LightGBM선제,45,관악구,구로구,7.371108895506867,24.361575,0.6142590746255728,179.5718221910577
LightGBM선제,45,관악구,금천구,11.838115844935151,19.438299999999998,0.9865096537445954,230.11284722860293
LightGBM선제,45,관악구,동작구,34.056424367030594,16.510616666666667,2.838035363919214,562.2925677613681
LightGBM선제,45,관악구,마포구,16.578119434351436,36.97161666666667,1.3815099528626202,612.9198767810582
LightGBM선제,45,관악구,서초구,39.056882394862384,26.594749999999998,3.2547401995718652,1038.7080230707663
LightGBM선제,45,관악구,양천구,13.966943050547425,31.267833333333336,1.1639119208789528,436.7160474806752
LightGBM선제,45,관악구,영등포구,28.48504915322642,23.91443333333333,2.3737540961022017,681.2038089715563
LightGBM선제,45,관악구,용산구,18.167788602242275,31.011325,1.5139823835201889,563.4071968754309
LightGBM선제,45,관악구,은평구,10.495083383313961,43.979283333333335,0.8745902819428306,461.5662457217233
LightGBM선제,45,관악구,중구,17.224780093616904,36.87788333333333,1.4353983411347424,635.2134307347266
LightGBM선제,45,광진구,강남구,4.475233426629508,28.8659,0.37293611888579237,129.1816405697447
LightGBM선제,45,광진구,강동구,20.256249240094185,21.346725,1.688020770007849,432.40458205974954
LightGBM선제,45,광진구,강북구,3.648729017273802,38.52761666666667,0.3040607514394831,140.5768328980684
LightGBM선제,45,광진구,노원구,15.998183258130295,27.969608333333333,1.3331819381775247,447.4629197747949
LightGBM선제,45,광진구,도봉구,3.8515981748688946,39.87661666666667,0.320966514572408,153.58870397327988
LightGBM선제,45,광진구,동대문구,2.2620520898104037,20.317,0.18850434081753364,45.958112308677975
LightGBM선제,45,광진구,동작구,0.8298141878949499,39.98028333333333,0.06915118232457873,33.17620634606
LightGBM선제,45,광진구,서초구,3.93526709410876,41.37778333333333,0.32793892450906337,162.83262917882854
LightGBM선제,45,광진구,성동구,5.111388060923255,20.313383333333334,0.42594900507693734,103.82958504695743
LightGBM선제,45,광진구,성북구,2.069502622433382,31.341975,0.17245855186944836,64.8622994547415
LightGBM선제,45,광진구,송파구,25.631416963283517,20.769000000000002,2.13595141360696,532.3388989104354
LightGBM선제,45,광진구,영등포구,2.676052145873257,41.27411666666667,0.22300434548943804,110.45168847485651
LightGBM선제,45,광진구,용산구,0.3130323124201457,34.0775,0.026086026035011978,10.667358626497514
LightGBM선제,45,광진구,종로구,2.015856965652355,36.430975000000004,0.16798808047102953,73.4396347192568
LightGBM선제,45,광진구,중구,3.0426275991405554,32.89830833333333,0.2535522999283799,100.09730090003572
LightGBM선제,45,광진구,중랑구,5.96871056713043,23.3155,0.49739254726086946,139.16347122792956
LightGBM선제,45,구로구,강서구,22.145041168370675,35.28195,1.8454200973642205,781.3202352503957
LightGBM선제,45,구로구,관악구,45.94539584653671,23.116116666666667,3.8287829872113934,1062.0791306847248
LightGBM선제,45,구로구,금천구,12.7625699231361,21.0159,1.0635474935946743,268.21689324763594
LightGBM선제,45,구로구,동작구,6.234318040898857,26.465233333333334,0.5195265034082378,164.9926816265978
LightGBM선제,45,구로구,마포구,0.7337443407948517,31.67160833333333,0.06114536173290408,23.238863378454397
LightGBM선제,45,구로구,양천구,12.663540865498545,17.010550000000002,1.0552950721248773,215.4137950696063
LightGBM선제,45,구로구,영등포구,7.0525729407387905,18.7515,0.5877144117282326,132.24632149826343
LightGBM선제,45,금천구,강서구,19.24445320595839,43.175775,1.6037044338298663,830.8941816184881
LightGBM선제,45,금천구,관악구,5.631750476058394,20.266166666666667,0.46931253967153175,114.13399377287875
LightGBM선제,45,금천구,구로구,13.226461390619365,20.51225,1.102205115884947,271.3044826597321
LightGBM선제,45,금천구,동작구,1.538337657790757,26.967475,0.1281948048158963,41.4850823280308
LightGBM선제,45,금천구,마포구,3.6193023554602064,42.673716666666664,0.3016085296216837,154.44908324790813
LightGBM선제,45,금천구,양천구,10.995158564036219,27.716616666666667,0.9162632136696862,304.748595108609
LightGBM선제,45,금천구,영등포구,8.767056627916892,25.662583333333334,0.7305880523264081,224.98532130196958
LightGBM선제,45,노원구,강동구,50.12971778567621,44.925666666666665,4.177476482139683,2252.1109913333607
LightGBM선제,45,노원구,강북구,32.927442655934655,23.014383333333335,2.7439535546612204,757.8047874700317
LightGBM선제,45,노원구,광진구,10.08851620759641,35.62016666666667,0.8407096839663672,359.3546287339521
LightGBM선제,45,노원구,도봉구,31.87612637130795,18.564666666666668,2.6563438642756627,591.769660707875
LightGBM선제,45,노원구,동대문구,33.43115085006226,27.870833333333334,2.785929237505189,931.7540334836102
LightGBM선제,45,노원구,성동구,13.139544012275364,37.325500000000005,1.0949620010229473,490.4400500301842
LightGBM선제,45,노원구,성북구,25.789183798000398,25.108999999999998,2.1490986498333657,647.540615983992
LightGBM선제,45,노원구,중랑구,28.900644213386354,20.25819166666667,2.4083870177821973,585.4747897649218
LightGBM선제,45,도봉구,강북구,22.189788094107953,15.060066666666668,1.8491490078423305,334.1796880164721
LightGBM선제,45,도봉구,광진구,2.2583522754768413,42.97978333333333,0.18819602295640347,97.06349149033494
LightGBM선제,45,도봉구,노원구,49.80064521664603,17.494616666666666,4.150053768053834,871.2431978178893
LightGBM선제,45,도봉구,동대문구,9.979164434612041,34.36025,0.8315970362176708,342.8865847643784
LightGBM선제,45,도봉구,성동구,3.564093228142116,41.530366666666666,0.2970077690118432,148.01809859892572
LightGBM선제,45,도봉구,성북구,3.21422387059247,30.62078333333334,0.2678519892160397,98.42205272624008
LightGBM선제,45,도봉구,종로구,4.040297850172045,44.96478333333334,0.3366914875143374,181.67111743511845
LightGBM선제,45,도봉구,중랑구,8.580705652606442,33.424933333333335,0.7150588043838697,286.80951439132684
LightGBM선제,45,동대문구,강남구,4.342959450746031,36.82341666666667,0.3619132875621687,159.9226054212589
LightGBM선제,45,동대문구,강동구,12.797397456047479,34.728716666666664,1.0664497880039567,444.43719032179365
LightGBM선제,45,동대문구,강북구,3.342126198970754,28.167116666666672,0.278510516580896,94.13805856113245
LightGBM선제,45,동대문구,광진구,1.6765622770823043,21.610391666666665,0.13971352309019192,36.231167461307116
LightGBM선제,45,동대문구,노원구,44.18239689696539,23.667525,3.6818664080804484,1045.687983118851
LightGBM선제,45,동대문구,도봉구,8.348816848868054,36.35055833333333,0.6957347374056707,303.4841538790944
LightGBM선제,45,동대문구,마포구,1.7519459937529867,41.371916666666664,0.1459954994794156,72.48136365804908
LightGBM선제,45,동대문구,서대문구,5.266322393747882,42.55489166666666,0.4388601994789908,224.10777894768177
LightGBM선제,45,동대문구,성동구,4.261789597051424,16.761933333333335,0.355149133087618,71.4358331064695
LightGBM선제,45,동대문구,성북구,4.762153576474748,17.708283333333334,0.39684613137289604,84.3295648090615
LightGBM선제,45,동대문구,송파구,3.592667344683242,35.85409166666666,0.2993889453902705,128.81182430411286
LightGBM선제,45,동대문구,영등포구,2.4323039769133135,42.43216666666667,0.2026919980761095,103.20792773238188
LightGBM선제,45,동대문구,용산구,0.7964231139796014,35.97685833333333,0.06636859283163332,28.652801545036304
LightGBM선제,45,동대문구,종로구,2.2793820794050195,26.766716666666664,0.1899485066170844,61.011574294511654
LightGBM선제,45,동대문구,중구,0.9124261086216695,26.315833333333334,0.07603550905180545,24.011253403469752
LightGBM선제,45,동대문구,중랑구,23.46252339996746,18.962666666666667,1.9552102833306217,444.91201039244964
LightGBM선제,45,동작구,강남구,27.99128337223216,40.271,2.3326069476860125,1127.2369726831614
LightGBM선제,45,동작구,강동구,27.465779710167283,43.67916666666667,2.2888149758472727,1199.6823695903483
LightGBM선제,45,동작구,강서구,14.607806006245022,37.00055833333333,1.2173171671870862,540.496978256086
LightGBM선제,45,동작구,관악구,6.9113828068462215,16.662033333333333,0.5759485672371857,115.15769070709864
LightGBM선제,45,동작구,광진구,18.62488649878883,33.822975,1.552073874899071,629.949070426372
LightGBM선제,45,동작구,구로구,3.6412576604395257,27.24144166666667,0.30343813836996036,99.1931081501665
LightGBM선제,45,동작구,금천구,13.300348840380925,26.220049999999997,1.108362403365077,348.73581161222984
LightGBM선제,45,동작구,동대문구,9.740545977072545,40.32966666666667,0.8117121647560452,392.83297240667673
LightGBM선제,45,동작구,마포구,4.221701054161908,30.197725,0.3518084211801592,127.4857674657914
LightGBM선제,45,동작구,서대문구,5.605965928563004,38.78573333333333,0.46716382738025,217.43149958099704
LightGBM선제,45,동작구,서초구,12.92623146257276,21.908,1.077185955214397,283.18787888204406
LightGBM선제,45,동작구,성동구,12.502825763439324,37.02395,1.041902146953276,462.90399592428935
LightGBM선제,45,동작구,양천구,2.113222249268921,27.872116666666667,0.17610185410574397,58.899977074219116
LightGBM선제,45,동작구,영등포구,6.739615364492122,15.856416666666666,0.5616346137076768,106.86614939245563
LightGBM선제,45,동작구,용산구,14.40810982012671,19.213608333333333,1.2006758183438921,276.8317789075684
LightGBM선제,45,동작구,은평구,0.9012935902913912,41.72566666666667,0.07510779919094945,37.60707591730183
LightGBM선제,45,동작구,종로구,15.667685733282216,44.03283333333333,1.305640477773517,689.8925946126602
LightGBM선제,45,동작구,중구,5.398419685744505,36.32171666666667,0.44986830714537507,196.07987027336762
LightGBM선제,45,마포구,강서구,17.605065312799436,24.217716666666668,1.4670887760666202,426.3544836435381
LightGBM선제,45,마포구,관악구,22.2545674925033,38.55052499999999,1.8545472910419403,857.9252604839355
LightGBM선제,45,마포구,구로구,6.802890091491146,33.119975,0.5669075076242619,225.31154975793444
LightGBM선제,45,마포구,금천구,5.828343067397496,38.73726666666666,0.485695255616458,225.77407962659476
LightGBM선제,45,마포구,동작구,5.396421553804119,32.0008,0.44970179615034245,172.68980685897483
LightGBM선제,45,마포구,서대문구,7.660541611281579,17.863116666666667,0.6383784676067977,136.8411485321775
LightGBM선제,45,마포구,서초구,14.585271105100716,42.423100000000005,1.2154392587583938,618.7524146187983
LightGBM선제,45,마포구,성북구,17.514880373500073,33.37551666666667,1.4595733644583397,584.5681818204247
LightGBM선제,45,마포구,양천구,2.834958348948889,25.566050000000004,0.23624652907907362,72.47868689714475
LightGBM선제,45,마포구,영등포구,1.532624409025489,20.758033333333334,0.127718700752124,31.814268570031402
LightGBM선제,45,마포구,용산구,12.987984480506588,25.32205,1.0823320400422158,328.88239241461184
LightGBM선제,45,마포구,은평구,1.606877792950721,22.261883333333333,0.13390648274589334,35.772125957593104
LightGBM선제,45,마포구,종로구,13.603574151938835,28.247691666666668,1.1336311793282343,384.2695682086047
LightGBM선제,45,마포구,중구,16.309445832697556,28.673241666666666,1.3591204860581292,467.6446818103466
LightGBM선제,45,서대문구,강서구,30.772903784462333,33.52816666666667,2.5644086487051956,1031.7590469027507
LightGBM선제,45,서대문구,구로구,11.490445642516777,40.98708333333333,0.957537136876398,470.959853086972
LightGBM선제,45,서대문구,동대문구,31.08105432924071,41.626333333333335,2.590087860770058,1293.790327860417
LightGBM선제,45,서대문구,동작구,9.86360448592879,40.25635833333334,0.8219670404940654,397.0727966438235
LightGBM선제,45,서대문구,마포구,36.7912666735552,15.560275,3.0659388894629327,572.4822270388541
LightGBM선제,45,서대문구,성북구,37.54394214320686,36.628775000000005,3.1286618452672372,1375.1886093765422
LightGBM선제,45,서대문구,양천구,21.28633428332001,32.522283333333334,1.7738611902766668,692.2801946901803
LightGBM선제,45,서대문구,영등포구,4.4096907966766326,28.514666666666667,0.36747423305638605,125.74086317030195
LightGBM선제,45,서대문구,용산구,19.123513107034263,27.568833333333338,1.5936260922528547,527.2129455956432
LightGBM선제,45,서대문구,은평구,17.976992244346793,20.867966666666668,1.4980826870288986,375.14327492195406
LightGBM선제,45,서대문구,종로구,41.24530110915113,20.166549999999997,3.437108425762594,831.7754270827515
LightGBM선제,45,서대문구,중구,31.983064704594465,25.820383333333332,2.6652553920495383,825.8149908474325
LightGBM선제,45,서초구,강남구,36.10179839236916,21.714441666666666,3.0084831993640977,783.9303952528605
LightGBM선제,45,서초구,강동구,19.254865601155142,41.281525,1.604572133429595,794.8702156857261
LightGBM선제,45,서초구,관악구,13.069134136778674,24.71916666666667,1.0890945113982227,323.0581049160549
LightGBM선제,45,서초구,광진구,7.795128985764112,39.33477499999999,0.6495940821470102,306.6196447510095
LightGBM선제,45,서초구,금천구,5.991969704549913,40.24883333333334,0.4993308087124926,241.16978997681204
LightGBM선제,45,서초구,노원구,51.322907043230735,42.6435,4.2769089202692285,2188.58838649801
LightGBM선제,45,서초구,동대문구,11.185971831574141,38.17383333333333,0.9321643192978459,427.0114243698726
LightGBM선제,45,서초구,동작구,3.0055303713042285,24.317833333333333,0.2504608642753524,73.08798664764768
LightGBM선제,45,서초구,마포구,3.2248859548860533,32.498583333333336,0.2687404962405049,104.80422494536066
LightGBM선제,45,서초구,성동구,14.035642233818539,33.541775,1.1696368528182122,470.7803537872388
LightGBM선제,45,서초구,송파구,17.126664342283227,34.61933333333333,1.4272220285236021,592.913701753617
LightGBM선제,45,서초구,영등포구,1.995827351913667,36.42466666666667,0.16631894599280572,72.69734601767135
LightGBM선제,45,서초구,용산구,5.75364885093017,26.39955833333333,0.47947073757751435,151.89378846964732
LightGBM선제,45,서초구,종로구,1.8622702724027442,43.45433333333333,0.15518918936689552,80.92371317374631
LightGBM선제,45,서초구,중구,3.5810074661144564,35.57758333333333,0.2984172888428711,127.4035915429759
LightGBM선제,45,성동구,강남구,5.698529226351199,30.968950000000003,0.4748774355292661,176.47746668440897
LightGBM선제,45,성동구,강동구,7.80840855629854,35.2266,0.6507007130248781,275.0636848493061
LightGBM선제,45,성동구,강북구,0.5660723328817646,38.9205,0.04717269440681382,22.031818231924717
LightGBM선제,45,성동구,광진구,1.3865089341879846,20.813166666666667,0.11554241118233177,28.85764153207689
LightGBM선제,45,성동구,노원구,9.884242073576424,29.8739,0.8236868394647018,295.2808592818147
LightGBM선제,45,성동구,도봉구,2.489512115274245,37.623450000000005,0.20745934293952062,93.66403459341481
LightGBM선제,45,성동구,동대문구,2.055997679476095,16.00335833333333,0.1713331399563408,32.90286759715776
LightGBM선제,45,성동구,동작구,0.3279783383974189,37.017900000000004,0.027331528199785127,12.141069332961814
LightGBM선제,45,성동구,서대문구,0.37500745546737935,39.08166666666667,0.03125062128894818,14.655916372090966
LightGBM선제,45,성동구,서초구,3.276093800182665,34.87695,0.2730078166818888,114.26015966428079
LightGBM선제,45,성동구,성북구,0.5192370076435527,23.114250000000002,0.04326975063696281,12.00177400392499
LightGBM선제,45,성동구,송파구,1.1410059008244302,35.57541666666667,0.09508382506870228,40.59176034095445
LightGBM선제,45,성동구,영등포구,0.18164989474293586,43.975116666666665,0.015137491228578215,7.9880753138083245
LightGBM선제,45,성동구,용산구,0.6883227069926514,24.563416666666665,0.057360225582720914,16.90755745298841
LightGBM선제,45,성동구,종로구,0.47370508435106246,22.066325,0.03947542369592194,10.452930345442958
LightGBM선제,45,성동구,중구,0.5671236143137133,15.657333333333334,0.04726030119280955,8.87964347051458
LightGBM선제,45,성동구,중랑구,10.259516757141851,29.372833333333332,0.8549597297618217,301.35107578806804
LightGBM선제,45,성북구,강남구,12.485812588757396,43.43911666666667,1.0404843823964494,542.3726697211679
LightGBM선제,45,성북구,강북구,16.527345765829757,18.153808333333334,1.3772788138191485,300.0342672916016
LightGBM선제,45,성북구,광진구,2.7737614237697135,39.7277,0.23114678531414223,110.19516171509605
LightGBM선제,45,성북구,노원구,49.713577478971516,23.01453333333333,4.142798123247625,1144.134786009039
LightGBM선제,45,성북구,도봉구,6.584187985442319,30.243091666666665,0.5486823321201929,199.12620079429738
LightGBM선제,45,성북구,동대문구,16.98783423311192,18.263666666666666,1.4156528527593262,310.26014182214504
LightGBM선제,45,성북구,마포구,1.272589412408713,37.42260833333333,0.10604911770072634,47.62361514971806
LightGBM선제,45,성북구,서대문구,0.9027599825079737,34.47671666666667,0.07522999854233148,31.12420013493237
LightGBM선제,45,성북구,성동구,3.1173526830948783,22.76824166666666,0.259779390257907,70.97663924893592
LightGBM선제,45,성북구,영등포구,0.8490807250951796,43.174949999999995,0.07075672709126513,36.65901785194812
LightGBM선제,45,성북구,용산구,3.493666369555403,39.08506666666666,0.29113886412961665,136.55018296516423
LightGBM선제,45,성북구,은평구,1.6869326926969088,35.94996666666667,0.14057772439140837,60.64517407136412
LightGBM선제,45,성북구,종로구,3.8753885806250845,21.368550000000003,0.32294904838542304,82.81143465451616
LightGBM선제,45,성북구,중구,5.833409665241975,31.57671666666667,0.4861174721034981,184.1999241999407
LightGBM선제,45,성북구,중랑구,5.212524045406319,24.96345,0.43437700378386024,130.12258338129837
LightGBM선제,45,송파구,강남구,10.17865620671234,18.524608333333333,0.8482213505593605,188.55561958899847
LightGBM선제,45,송파구,강동구,15.826857584206495,22.319833333333335,1.318904798683874,353.2528234698916
LightGBM선제,45,송파구,광진구,18.19917177263759,21.566,1.5165976477197987,392.4833384487023
LightGBM선제,45,송파구,동대문구,25.30878998516238,36.824949999999994,2.1090658320968645,931.9949257641052
LightGBM선제,45,송파구,서초구,9.280209643035773,37.06005,0.7733508035863144,343.9250333813879
LightGBM선제,45,송파구,성동구,10.34560514562409,33.772,0.862133762135341,349.39177697801676
LightGBM선제,45,송파구,성북구,12.584488254058545,43.52699166666666,1.0487073545048777,547.7649153636708
LightGBM선제,45,송파구,용산구,4.545120966009427,38.813225,0.37876008050078624,176.41080270594125
LightGBM선제,45,송파구,중랑구,38.28341246127433,40.621566666666666,3.1902843717728593,1555.1321915231526
LightGBM선제,45,양천구,강서구,103.5931091526113,22.902766666666665,8.63275909605094,2372.5688071967875
LightGBM선제,45,양천구,관악구,29.490759189809058,33.56769166666666,2.457563265817422,989.9367114994268
LightGBM선제,45,양천구,구로구,20.262701120406124,16.561558333333334,1.688558426700511,335.5819065965047
LightGBM선제,45,양천구,금천구,13.964358314241,27.973666666666666,1.1636965261867496,390.634304696473
LightGBM선제,45,양천구,동작구,9.940206400162173,29.805775,0.8283505333468478,296.27555541679374
LightGBM선제,45,양천구,마포구,12.254499781198053,24.11991666666667,1.0212083150998381,295.577513514182
LightGBM선제,45,양천구,서대문구,7.439135770464462,38.88278333333334,0.6199279808720377,289.2543043502195
LightGBM선제,45,양천구,영등포구,12.918480831556856,19.560000000000002,1.0765400692964033,252.68548506525212
LightGBM선제,45,양천구,용산구,23.88990144083179,33.821641666666665,1.9908251200693166,807.9956859837964
LightGBM선제,45,양천구,은평구,8.649425464415495,31.274083333333337,0.7207854553679576,270.5028527595856
LightGBM선제,45,영등포구,강서구,55.14473349866964,26.616383333333328,4.5953944582224695,1467.7533656150986
LightGBM선제,45,영등포구,관악구,52.31245432359435,24.46505,4.359371193632863,1279.826810649452
LightGBM선제,45,영등포구,광진구,21.966598233244934,42.665216666666666,1.8305498527704098,937.2096730510123
LightGBM선제,45,영등포구,구로구,26.758159454414415,19.61210833333333,2.2298466212012,524.783922020583
LightGBM선제,45,영등포구,금천구,19.542224205706134,27.179666666666666,1.6285186838088457,531.1511398363575
LightGBM선제,45,영등포구,동작구,23.7698124155379,16.988225,1.980817701294825,403.8069215229513
LightGBM선제,45,영등포구,마포구,34.501078459527335,21.029525,2.875089871627278,725.5412919915916
LightGBM선제,45,영등포구,서대문구,37.34354736877957,30.173916666666667,3.1119622807316305,1126.801086343274
LightGBM선제,45,영등포구,서초구,22.632827552554854,39.45533333333334,1.8860689627129041,892.9857553619029
LightGBM선제,45,영등포구,양천구,19.555144412705914,18.567133333333334,1.6295953677254924,363.0829736632991
LightGBM선제,45,영등포구,용산구,20.71760238914299,24.7146,1.7264668657619149,512.0272560067133
LightGBM선제,45,영등포구,은평구,9.017354041277024,32.44688333333333,0.7514461701064182,292.5850345526774
LightGBM선제,45,영등포구,종로구,6.055547625008163,42.627833333333335,0.50462896875068,258.1348749009105
LightGBM선제,45,영등포구,중구,15.07018774933137,34.373666666666665,1.2558489791109482,518.0176102996
LightGBM선제,45,용산구,강남구,3.4772335400521053,36.84860833333333,0.28976946167100937,128.13121680091015
LightGBM선제,45,용산구,강동구,8.71520842426127,37.17443333333333,0.7262673686884406,323.98293455380565
LightGBM선제,45,용산구,강서구,3.1183721254883148,37.35885833333333,0.25986434379069234,116.4988224667335
LightGBM선제,45,용산구,관악구,3.438467817138218,29.670383333333334,0.28653898476151807,102.02065821382084
LightGBM선제,45,용산구,광진구,4.76766589467083,31.679383333333334,0.3973054912225694,151.03671548253683
LightGBM선제,45,용산구,금천구,1.1000622054189682,43.525616666666664,0.09167185045158066,47.88088586255393
LightGBM선제,45,용산구,동대문구,1.1740929481148794,33.97383333333333,0.0978410790095734,39.88843813709689
LightGBM선제,45,용산구,동작구,1.473321985780835,19.465025,0.12277683214840307,28.6782492862736
LightGBM선제,45,용산구,마포구,6.826991135449442,22.568266666666666,0.5689159279541204,154.07335647579248
LightGBM선제,45,용산구,서대문구,2.497312308086599,23.416441666666664,0.20810935900721617,58.47816798575853
LightGBM선제,45,용산구,서초구,1.1107877570963458,26.443583333333333,0.09256564642469534,29.373208620423643
LightGBM선제,45,용산구,성동구,4.529592438403543,22.265333333333334,0.37746603653362865,100.85288550520102
LightGBM선제,45,용산구,성북구,1.6386819936304664,36.47716666666667,0.13655683280253883,59.774476195324134
LightGBM선제,45,용산구,송파구,9.714122420350245,36.15103333333333,0.8095102016958543,351.1755634221624
LightGBM선제,45,용산구,양천구,1.5398003013208708,32.063358333333326,0.12831669177673888,49.371168823025705
LightGBM선제,45,용산구,영등포구,2.8184669416818964,20.9109,0.23487224514015803,58.93668037081597
LightGBM선제,45,용산구,은평구,1.2370159786543344,40.025333333333336,0.10308466488786117,49.51197688429929
LightGBM선제,45,용산구,종로구,9.358653651116743,25.11755,0.7798878042597288,235.06645101460737
LightGBM선제,45,용산구,중구,0.22223541736064703,19.266466666666666,0.018519618113387537,4.281691260731661
LightGBM선제,45,용산구,중랑구,11.152116173065822,39.580666666666666,0.9293430144221511,441.4081928740606
LightGBM선제,45,은평구,강북구,93.58921175881805,41.12528333333333,7.799100979901505,3848.882850524724
LightGBM선제,45,은평구,강서구,49.05757686877618,35.92699999999999,4.08813140573135,1762.4915641645214
LightGBM선제,45,은평구,구로구,9.909596613709022,41.99788333333333,0.8257997178090842,416.1820824629465
LightGBM선제,45,은평구,동작구,5.304774159830943,43.128166666666665,0.4420645133192447,228.78518409421554
LightGBM선제,45,은평구,마포구,31.1742052885475,22.569975,2.5978504407122904,703.6010340073849
LightGBM선제,45,은평구,서대문구,39.18102189679371,22.060283333333334,3.265085158066143,864.3444443328067
LightGBM선제,45,은평구,성북구,24.352521899045804,40.629558333333335,2.029376824920483,989.432209061059
LightGBM선제,45,은평구,양천구,13.026391297290578,28.975608333333334,1.0855326081075471,377.4476122270337
LightGBM선제,45,은평구,영등포구,22.773920339842316,32.17111666666666,1.8978266949868592,732.6624482104401
LightGBM선제,45,은평구,용산구,23.84864415401837,43.04866666666666,1.987387012834864,1026.6523326382853
LightGBM선제,45,은평구,종로구,84.45328275476422,35.62088333333334,7.037773562897018,3008.3005321244686
LightGBM선제,45,은평구,중구,45.02951277777999,39.22471666666667,3.752459398148333,1766.2698803464668
LightGBM선제,45,종로구,강북구,15.049710183623668,29.80174166666667,1.2541425153019734,448.50757505055515
LightGBM선제,45,종로구,광진구,6.201558976146747,41.475975000000005,0.5167965813455625,257.2157050556881
LightGBM선제,45,종로구,노원구,29.641667890096997,43.43438333333334,2.470138990841417,1287.467565777831
LightGBM선제,45,종로구,도봉구,7.9895726151334925,44.902775,0.6657977179277904,358.7539814835008
LightGBM선제,45,종로구,동대문구,13.127373307734304,27.216775,1.0939477756445248,357.2847656576103
LightGBM선제,45,종로구,마포구,5.085012815083189,27.521216666666668,0.4237510679235984,139.94573943668107
LightGBM선제,45,종로구,서대문구,8.399492354172683,19.161966666666665,0.6999576961810564,160.95079250757846
LightGBM선제,45,종로구,서초구,1.9378996454656492,43.089283333333334,0.1614916371221372,83.50270689503557
LightGBM선제,45,종로구,성동구,8.986402712513103,24.720333333333333,0.7488668927094244,222.14687052089474
LightGBM선제,45,종로구,성북구,12.888219697299956,21.6947,1.0740183081083279,279.60605986701336
LightGBM선제,45,종로구,영등포구,0.6483764914623646,44.53738333333333,0.05403137428853033,28.87699234458106
LightGBM선제,45,종로구,용산구,1.7139820247518007,28.37,0.14283183539598343,48.62567004220859
LightGBM선제,45,종로구,은평구,12.372168577634003,30.722666666666665,1.0310140481361665,380.1060111544569
LightGBM선제,45,종로구,중구,0.6317665511492255,24.242783333333335,0.052647212595768544,15.315779616757927
LightGBM선제,45,종로구,중랑구,6.551645241946406,44.52461666666667,0.5459704368288681,291.7094929336543
LightGBM선제,45,중구,강남구,10.527496261434276,39.62963333333333,0.8772913551195235,417.20081675867783
LightGBM선제,45,중구,강북구,12.018517902603147,38.57638333333333,1.001543158550262,463.6309537093483
LightGBM선제,45,중구,관악구,2.8738173380043444,39.065,0.23948477816702834,112.26567430913971
LightGBM선제,45,중구,광진구,4.0577277777653284,33.67261666666666,0.33814398148044444,136.6343119983771
LightGBM선제,45,중구,노원구,11.832978095303904,42.67978333333333,0.986081507941991,505.02894129565
LightGBM선제,45,중구,동대문구,14.15475059663854,23.739666666666665,1.1795625497198783,336.029060914
LightGBM선제,45,중구,동작구,3.2278991201495475,33.68833333333333,0.2689915933457955,108.74254152597133
LightGBM선제,45,중구,마포구,2.0089537979403342,29.42460833333333,0.1674128164950276,59.1126786641568
LightGBM선제,45,중구,서대문구,15.838160502122996,23.04096666666667,1.3198467085102497,364.9265281907326
LightGBM선제,45,중구,서초구,1.818630702325388,31.746416666666665,0.1515525585271157,57.7350080388144
LightGBM선제,45,중구,성동구,10.501364918724923,15.958,0.8751137432270762,167.58078137301231
LightGBM선제,45,중구,성북구,3.6287584989210275,27.66916666666667,0.3023965415767528,100.40472369972908
LightGBM선제,45,중구,송파구,6.279369472482503,42.40656666666666,0.5232807893735425,266.28650015946073
LightGBM선제,45,중구,영등포구,1.0542016941597743,29.26711666666667,0.08785014117998113,30.853443973171768
LightGBM선제,45,중구,용산구,0.8813478182603327,18.463216666666664,0.07344565152169458,16.272515727234477
LightGBM선제,45,중구,은평구,0.7295365018108888,42.22658333333334,0.06079470848424051,30.805833888425983
LightGBM선제,45,중구,종로구,1.0395401049647002,22.101733333333335,0.08662834208039172,22.97563818923515
LightGBM선제,45,중구,중랑구,5.4357867042467936,38.878616666666666,0.4529822253539001,211.33586755617446
LightGBM선제,45,중랑구,강동구,37.4002402292484,33.21576666666667,3.116686685770701,1242.2776527319947
LightGBM선제,45,중랑구,강북구,14.926753048839643,32.374383333333334,1.2438960874033043,483.2444251251367
LightGBM선제,45,중랑구,광진구,1.761444061041091,24.272750000000002,0.14678700508675768,42.755091332635146
LightGBM선제,45,중랑구,노원구,63.13315392278527,18.242725,5.261096160232105,1151.720765396043
LightGBM선제,45,중랑구,도봉구,19.259327861865565,30.7018,1.604943988488797,591.2960321494241
LightGBM선제,45,중랑구,동대문구,11.693104267469362,19.364050000000002,0.9744253556224474,226.42585569049012
LightGBM선제,45,중랑구,성동구,2.122305408802845,33.119975,0.17685878406690414,70.29070208191499
LightGBM선제,45,중랑구,성북구,2.7656328884505337,28.767949999999995,0.23046940737087795,79.56158865330052
LightGBM선제,45,중랑구,송파구,7.39478925178046,40.402525,0.616232437648372,298.7681576147913
LightGBM선제,45,중랑구,종로구,2.4367378201282186,44.48566666666667,0.20306148501068455,108.39990642028388
LightGBM선제,60,강남구,강동구,8.974357020748641,30.22328333333333,0.7478630850623869,271.2345349725754
LightGBM선제,60,강남구,강북구,6.245555694651568,52.40553333333334,0.5204629745542975,327.3016771412526
LightGBM선제,60,강남구,강서구,4.871032416153241,59.58914166666667,0.4059193680127702,290.26064070908114
LightGBM선제,60,강남구,관악구,6.352827256727428,43.348108333333336,0.5294022713939519,275.3830441475734
LightGBM선제,60,강남구,광진구,9.378225355068317,30.71264166666667,0.7815187795890276,288.030074799461
LightGBM선제,60,강남구,금천구,4.3081210138675745,51.377500000000005,0.35901008448896554,221.34048738998132
LightGBM선제,60,강남구,노원구,33.463623749614655,43.12883333333333,2.7886353124678873,1443.2470514265055
LightGBM선제,60,강남구,도봉구,17.851199631826862,50.341833333333334,1.487599969318904,898.6621166654893
LightGBM선제,60,강남구,동대문구,6.294608351531442,37.42316666666667,0.5245506959609543,235.5641774407531
LightGBM선제,60,강남구,동작구,1.8306665269350926,43.38625833333332,0.15255554391125825,79.42577085979204
LightGBM선제,60,강남구,마포구,3.6307950049161737,48.839083333333335,0.3025662504096811,177.32469981135142
LightGBM선제,60,강남구,서대문구,7.3274112479295335,54.040216666666666,0.6106176039941278,395.97489144388237
LightGBM선제,60,강남구,서초구,4.552327283470958,23.716166666666666,0.37936060695591267,107.96375257601115
LightGBM선제,60,강남구,성동구,6.328075744636467,28.276675,0.5273396453863718,178.9369412064684
LightGBM선제,60,강남구,성북구,9.755585351242551,47.228766666666665,0.8129654459368794,460.74426425058584
LightGBM선제,60,강남구,송파구,11.217333338190747,18.458716666666668,0.9347777781825622,207.05757784521717
LightGBM선제,60,강남구,영등포구,5.316130789261784,49.73161666666666,0.4430108991051487,264.3797785614311
LightGBM선제,60,강남구,용산구,4.273698969169195,33.97806666666666,0.35614158076409963,145.2120284876955
LightGBM선제,60,강남구,종로구,8.995071687891746,43.8565,0.7495893073243123,394.49236148002433
LightGBM선제,60,강남구,중구,2.3839097008151087,36.62116666666667,0.19865914173459243,87.30155447183357
LightGBM선제,60,강남구,중랑구,19.591065852424244,45.373666666666665,1.6325888210353532,888.9184916326135
LightGBM선제,60,강동구,강남구,11.542227614127684,31.065975,0.9618523011773074,358.5705545048003
LightGBM선제,60,강동구,강북구,20.371755646049696,51.984116666666665,1.6976463038374743,1059.0077222090727
LightGBM선제,60,강동구,광진구,27.610002649430395,21.263475,2.3008335541191993,587.084601086097
LightGBM선제,60,강동구,노원구,45.36893612433855,40.12925,3.7807446770282107,1820.621379967613
LightGBM선제,60,강동구,도봉구,22.303790354151666,59.58526666666667,1.8586491961793061,1328.9772959295549
LightGBM선제,60,강동구,동대문구,14.9845775733513,35.221333333333334,1.248714797779276,527.7768015701972
LightGBM선제,60,강동구,동작구,5.294841263601161,52.084999999999994,0.4412367719667635,275.78180721466646
LightGBM선제,60,강동구,마포구,4.802789479320287,56.764358333333334,0.4002324566100244,272.6272630037002
LightGBM선제,60,강동구,서초구,3.394124763140095,51.63739166666667,0.28284373026167453,175.26374975979732
LightGBM선제,60,강동구,성동구,10.32525404459244,38.030833333333334,0.8604378370493705,392.67801569422096
LightGBM선제,60,강동구,성북구,9.993217596082278,50.881049999999995,0.8327681330068563,508.46540416714214
LightGBM선제,60,강동구,송파구,10.361449424714104,23.674383333333328,0.863454118726175,245.3009255696278
LightGBM선제,60,강동구,영등포구,6.932133877093508,54.738066666666676,0.5776778230911263,379.45160630660297
LightGBM선제,60,강동구,용산구,6.513618063918716,47.43253333333333,0.5428015053265596,308.9574059374266
LightGBM선제,60,강동구,종로구,5.070804649422558,52.284275,0.4225670541185462,265.12334476168763
LightGBM선제,60,강동구,중구,4.207781100776337,44.42969166666667,0.3506484250646944,186.95041690831994
LightGBM선제,60,강동구,중랑구,35.497709372356795,33.169333333333334,2.9581424476963987,1177.4353547414933
LightGBM선제,60,강북구,강남구,2.6854752278694307,54.26441666666667,0.22378960232245304,145.7257467131184
LightGBM선제,60,강북구,강동구,1.7900270639808058,54.45505,0.14916892199839982,97.47601327042798
LightGBM선제,60,강북구,강서구,0.4615703781416252,57.84146666666667,0.038464198178468356,26.697907641599546
LightGBM선제,60,강북구,광진구,2.2667169856710947,41.378550000000004,0.18889308213925737,93.79346212744069
LightGBM선제,60,강북구,노원구,5.022670997818198,21.465,0.41855591648485035,107.81163296816761
LightGBM선제,60,강북구,도봉구,2.843676146580514,15.908741666666668,0.23697301221504252,45.23930919961153
LightGBM선제,60,강북구,동대문구,2.7457438143137014,26.56055,0.2288119845261417,72.92846586726978
LightGBM선제,60,강북구,마포구,1.099481745669216,48.85480833333334,0.09162347880576815,53.714969950668305
LightGBM선제,60,강북구,서대문구,1.4668291918711802,41.92345,0.12223576598926522,61.494540283951835
LightGBM선제,60,강북구,성동구,1.6971200041995465,40.925,0.14142666701662843,69.45463617186644
LightGBM선제,60,강북구,성북구,2.830964116493788,18.413641666666667,0.23591367637448246,52.12835881230821
LightGBM선제,60,강북구,송파구,5.592003900012404,52.64105,0.46600032500103294,294.36895690074795
LightGBM선제,60,강북구,양천구,1.6730089779421882,53.707225,0.1394174148285151,89.85266960536114
LightGBM선제,60,강북구,영등포구,1.4610452951949569,53.42171666666667,0.12175377459957948,78.05154779707135
LightGBM선제,60,강북구,용산구,0.5586452882520307,52.741299999999995,0.04655377402100225,29.463678741286827
LightGBM선제,60,강북구,은평구,0.3251174921670118,44.0774,0.027093124347251085,14.330333749242245
LightGBM선제,60,강북구,종로구,2.128377833430295,31.900724999999998,0.17736481945252414,67.89679596035565
LightGBM선제,60,강북구,중구,0.9288851362645862,42.125,0.0774070946887162,39.129286365145695
LightGBM선제,60,강북구,중랑구,1.7818916168741241,33.49010833333333,0.14849096807284368,59.67574328737291
LightGBM선제,60,강서구,강북구,17.84152334321645,58.08961666666666,1.4867936119347034,1036.4072517568286
LightGBM선제,60,강서구,관악구,10.772855847251774,45.582766666666664,0.8977379872709801,491.05657441891327
LightGBM선제,60,강서구,구로구,10.305184816392083,38.321000000000005,0.8587654013660061,394.9049873489611
LightGBM선제,60,강서구,금천구,8.88386974421545,46.08421666666666,0.7403224786846214,409.40617813086936
LightGBM선제,60,강서구,도봉구,18.360827573877458,59.23471666666667,1.5300689644897882,1087.598419104152
LightGBM선제,60,강서구,동대문구,11.947133496510968,57.52324166666666,0.9955944580425803,687.2378473437286
LightGBM선제,60,강서구,동작구,5.787873262605185,38.724975,0.48232277188376593,224.13524739755422
LightGBM선제,60,강서구,마포구,19.203763626642484,28.315825,1.6003136355535403,543.7704101933739
LightGBM선제,60,강서구,서대문구,7.158925932016818,40.977549999999994,0.5965771610014022,293.35524532551574
LightGBM선제,60,강서구,서초구,5.091310715327962,53.78771666666667,0.4242758929439965,273.84997821802443
LightGBM선제,60,강서구,성동구,7.931166112805365,58.864916666666666,0.6609305094004468,466.86743229977844
LightGBM선제,60,강서구,성북구,10.925519195295841,51.440000000000005,0.9104599329413201,562.0087074060182
LightGBM선제,60,강서구,양천구,7.555800303624786,22.52545,0.6296500253020654,170.19780194928492
LightGBM선제,60,강서구,영등포구,12.610352282854198,28.074216666666665,1.0508626902378488,354.0257622318433
LightGBM선제,60,강서구,용산구,11.910258513597467,42.221716666666666,0.992521542799789,502.87156038786674
LightGBM선제,60,강서구,은평구,3.431322730423747,35.869775000000004,0.2859435608686449,123.08077429268548
LightGBM선제,60,강서구,종로구,11.594082258766795,52.7067,0.9661735215638985,611.0858153881438
LightGBM선제,60,강서구,중구,6.7131439142283105,55.012225,0.5594286595190253,369.30498346690854
LightGBM선제,60,관악구,강남구,29.628987415075173,42.88366666666666,2.4690822845895974,1270.5996199789452
LightGBM선제,60,관악구,강동구,19.384250719078146,53.835,1.615354226589845,1043.5511374615721
LightGBM선제,60,관악구,강서구,21.148147096350705,46.952,1.7623455913625587,992.9478024678583
LightGBM선제,60,관악구,광진구,6.377839257714622,57.59506666666667,0.5314866048095515,367.3320772373575
LightGBM선제,60,관악구,구로구,6.649416954540008,24.361575,0.5541180795450008,161.99026984429798
LightGBM선제,60,관악구,금천구,7.656811705389138,19.438299999999998,0.6380676421157613,148.83540297286567
LightGBM선제,60,관악구,노원구,58.0021436459527,57.494749999999996,4.8335119704960565,3334.818748388139
LightGBM선제,60,관악구,동대문구,7.512062135123254,50.335233333333335,0.6260051779269377,378.1214003859272
LightGBM선제,60,관악구,동작구,25.941133693804073,16.510616666666667,2.161761141150338,428.30411431714975
LightGBM선제,60,관악구,마포구,12.27981536774997,36.97161666666667,1.0233179473124978,454.0046265138943
LightGBM선제,60,관악구,서대문구,9.99557253271468,49.02995,0.8329643777262231,490.08242150037415
LightGBM선제,60,관악구,서초구,23.483331153144647,26.594749999999998,1.956944262762054,624.5333211850935
LightGBM선제,60,관악구,성동구,7.429701952293138,46.04311666666667,0.6191418293577615,342.08663378799406
LightGBM선제,60,관악구,송파구,22.359277310868436,49.4588,1.8632731092390373,1105.8630246627797
LightGBM선제,60,관악구,양천구,6.174147643956327,31.267833333333332,0.5145123036630276,193.0522195066191
LightGBM선제,60,관악구,영등포구,20.256183543285413,23.91443333333333,1.6880152952737835,484.41515093366274
LightGBM선제,60,관악구,용산구,13.660155250662553,31.011325000000003,1.138346270888546,423.619514028753
LightGBM선제,60,관악구,은평구,6.6175435169549806,43.979283333333335,0.5514619597462482,291.03482130282623
LightGBM선제,60,관악구,종로구,12.47803993025636,53.606224999999995,1.0398366608546965,668.9006160603067
LightGBM선제,60,관악구,중구,6.743054109337605,36.87788333333333,0.5619211757781345,248.66956275450607
LightGBM선제,60,관악구,중랑구,19.229156789033137,53.98976666666667,1.6024297324194285,1038.1776882366482
LightGBM선제,60,광진구,강남구,7.4956233291206695,28.8659,0.624635277426723,216.36791345606434
LightGBM선제,60,광진구,강동구,21.27567826560874,21.346725,1.7729731888007276,454.1660531244267
LightGBM선제,60,광진구,강북구,3.942367200510037,38.52761666666667,0.3285306000425027,151.89001226049052
LightGBM선제,60,광진구,강서구,1.7882448799502515,58.860699999999994,0.1490204066625206,105.25734540528777
LightGBM선제,60,광진구,관악구,1.5777644679475926,56.09538333333333,0.13148037232896614,88.50530263923292
LightGBM선제,60,광진구,노원구,12.708439750968912,27.969608333333333,1.0590366459140768,355.4500823623647
LightGBM선제,60,광진구,도봉구,3.098969085930948,39.87661666666667,0.2582474238275786,123.57640230151881
LightGBM선제,60,광진구,동대문구,4.259619984579572,20.317,0.35496833204829825,86.54269922670318
LightGBM선제,60,광진구,동작구,1.1821818795533907,39.98028333333333,0.09851515662944932,47.2639664960771
LightGBM선제,60,광진구,마포구,0.5043017080909613,50.23883333333333,0.04202514234091348,25.335529462497124
LightGBM선제,60,광진구,서대문구,0.8971399877404252,45.57816666666667,0.07476166564503539,40.88999588456439
LightGBM선제,60,광진구,서초구,3.190616659888798,41.37778333333333,0.2658847216573995,132.02064485260237
LightGBM선제,60,광진구,성동구,4.3199409696136435,20.313383333333334,0.35999508080113674,87.75261689313363
LightGBM선제,60,광진구,성북구,2.401332515611601,31.341975,0.20011104296763382,75.26250367098591
LightGBM선제,60,광진구,송파구,18.802943643396006,20.769000000000002,1.5669119702830017,390.5183365296917
LightGBM선제,60,광진구,영등포구,1.5694199712764376,41.27411666666667,0.1307849976063692,64.77642299346034
LightGBM선제,60,광진구,용산구,1.286399733561527,34.0775,0.10719997779679402,43.837286920442935
LightGBM선제,60,광진구,은평구,0.6087987263315754,48.387550000000005,0.05073322719429818,29.458278810305423
LightGBM선제,60,광진구,종로구,2.2439487349817524,36.430975000000004,0.18699572791514618,81.74924026540185
LightGBM선제,60,광진구,중구,4.172276678009911,32.89830833333333,0.3476897231674926,137.2608446051458
LightGBM선제,60,광진구,중랑구,5.272341493629244,23.3155,0.4393617911357707,122.92727809471265
LightGBM선제,60,구로구,강서구,22.172077151553097,35.28195,1.847673095962756,782.2741174572388
LightGBM선제,60,구로구,관악구,39.02360012622599,23.116116666666667,3.251966677185499,902.0740932711881
LightGBM선제,60,구로구,금천구,11.28392002966621,21.0159,0.9403266691388501,237.14173495146207
LightGBM선제,60,구로구,동대문구,7.738304048602718,59.471475,0.6448586707168926,460.2083557688753
LightGBM선제,60,구로구,동작구,9.846641598605554,26.465233333333337,0.820553466550463,260.5936674568024
LightGBM선제,60,구로구,마포구,6.307418274858455,31.67160833333333,0.5256181895715358,199.766081195826
LightGBM선제,60,구로구,서대문구,3.2293137400772847,46.43210833333333,0.26910947833977383,149.9438454215903
LightGBM선제,60,구로구,서초구,15.023341257995634,53.50881666666667,1.2519451048329695,803.8812130948578
LightGBM선제,60,구로구,성북구,14.610446763399558,58.93783333333332,1.2175372302832934,861.1080762667824
LightGBM선제,60,구로구,양천구,11.858174190634735,17.010550000000002,0.9881811825528942,201.7140649785017
LightGBM선제,60,구로구,영등포구,7.003413109447024,18.7515,0.583617759120586,131.32450092179587
LightGBM선제,60,구로구,용산구,8.977291263778765,55.74363333333334,0.7481076053148965,500.4268325346202
LightGBM선제,60,구로구,은평구,1.8773134344997604,45.30733333333333,0.15644278620831387,85.05606554802547
LightGBM선제,60,구로구,중구,7.731745116089586,57.689949999999996,0.644312093007465,446.0439891599524
LightGBM선제,60,금천구,강남구,15.070150312373046,48.10071666666667,1.25584585936442,724.8850302995342
LightGBM선제,60,금천구,강서구,20.139333365592858,43.175775,1.6782777804660705,869.53132604283
LightGBM선제,60,금천구,관악구,3.4874893342878552,20.266166666666667,0.2906241111906547,70.67804009690006
LightGBM선제,60,금천구,광진구,11.0760731334295,59.866775000000004,0.9230060944524575,663.0887781625688
LightGBM선제,60,금천구,구로구,13.097095398360366,20.51225,1.0914246165300305,268.65089508501745
LightGBM선제,60,금천구,동작구,2.244429075415323,26.967475,0.18703575628460967,60.526584980535844
LightGBM선제,60,금천구,마포구,6.4616798839190395,42.673716666666664,0.5384733236599207,275.7438965570606
LightGBM선제,60,금천구,서대문구,3.021825775914185,51.82738333333334,0.25181881465951594,156.61332285485193
LightGBM선제,60,금천구,서초구,6.7608979811885295,46.13585833333333,0.563408165099043,311.9198314662333
LightGBM선제,60,금천구,양천구,9.338704019150196,27.716616666666667,0.7782253349291836,258.8372794622453
LightGBM선제,60,금천구,영등포구,10.411975244365953,25.662583333333334,0.8676646036971628,267.19818237314496
LightGBM선제,60,금천구,용산구,7.342688005384982,51.104974999999996,0.6118906671154146,375.24788694799935
LightGBM선제,60,금천구,은평구,3.6752893555219712,54.73855000000001,0.30627411296016416,201.18001015170725
LightGBM선제,60,금천구,중구,9.377512517054479,56.04641666666667,0.7814593764212057,525.5759738277175
LightGBM선제,60,노원구,강남구,27.407267834781422,49.0732,2.283938986231786,1344.9623359097957
LightGBM선제,60,노원구,강동구,50.53698204410346,44.925666666666665,4.2114151703419545,2270.4076096527106
LightGBM선제,60,노원구,강북구,32.574675109436235,23.014383333333335,2.7145562591196857,749.6860599273575
LightGBM선제,60,노원구,광진구,10.897825646766382,35.62016666666667,0.9081521372305311,388.182365842093
LightGBM선제,60,노원구,도봉구,26.68987642723954,18.564666666666668,2.2241563689366264,495.48865924622635
LightGBM선제,60,노원구,동대문구,32.3324563229317,27.870833333333334,2.694371360244309,901.1325014337089
LightGBM선제,60,노원구,동작구,17.465979294478593,53.38633333333333,1.4554982745398826,932.4445926081323
LightGBM선제,60,노원구,서대문구,21.08613572303853,57.63883333333334,1.757177976919877,1215.380262584264
LightGBM선제,60,노원구,성동구,13.44289517763501,37.325500000000005,1.1202412648029174,501.76278395281565
LightGBM선제,60,노원구,성북구,26.358514558789828,25.108999999999998,2.1965428798991518,661.8359420566537
LightGBM선제,60,노원구,송파구,34.596270317294234,56.8815,2.8830225264411866,1967.887750053172
LightGBM선제,60,노원구,용산구,16.437193518595702,50.290324999999996,1.3697661265496415,826.6318041380713
LightGBM선제,60,노원구,은평구,17.235291028051147,54.38983333333333,1.4362742523375964,937.4246064671971
LightGBM선제,60,노원구,종로구,19.434434898872716,46.327999999999996,1.6195362415727266,900.3584999949751
LightGBM선제,60,노원구,중구,26.118546114018898,53.91439166666667,2.1765455095015738,1408.1655249551095
LightGBM선제,60,노원구,중랑구,26.09179918461347,20.25819166666667,2.1743165987177897,528.5726688100768
LightGBM선제,60,도봉구,강남구,13.933350286183062,54.03661666666667,1.1611125238485878,752.9111082968644
LightGBM선제,60,도봉구,강동구,16.68245842208139,57.29606666666667,1.3902048685067827,955.8392499154701
LightGBM선제,60,도봉구,강북구,13.581662953021157,15.060066666666668,1.1318052460850958,204.5407495166955
LightGBM선제,60,도봉구,광진구,1.6712953426317751,42.97978333333333,0.13927461188598067,71.83191171232279
LightGBM선제,60,도봉구,노원구,23.636069616604313,17.494616666666666,1.969672468050359,413.5039774491394
LightGBM선제,60,도봉구,동대문구,5.765231306126577,34.36025,0.4804359421772153,198.09478898633574
LightGBM선제,60,도봉구,마포구,2.088729904334461,52.48595,0.1740608253612047,109.62897332240331
LightGBM선제,60,도봉구,서대문구,3.030931479558463,56.572616666666676,0.25257762329653843,171.46772473599378
LightGBM선제,60,도봉구,성동구,3.023365176404999,41.530366666666666,0.2519470980337495,125.56146434333095
LightGBM선제,60,도봉구,성북구,2.660745722726707,30.620783333333332,0.22172881022722601,81.4741182807079
LightGBM선제,60,도봉구,송파구,6.923196069008002,58.25345,0.5769330057506664,403.30005604615417
LightGBM선제,60,도봉구,용산구,2.2519131603941993,51.66988333333334,0.1876594300328499,116.35609027436624
LightGBM선제,60,도봉구,은평구,0.3207793668109675,54.61994166666666,0.02673161390091361,17.520950303085314
LightGBM선제,60,도봉구,종로구,4.575085127023493,44.96478333333334,0.3812570939186243,205.71771146816718
LightGBM선제,60,도봉구,중구,4.4936802336386314,56.38778333333333,0.37447335280321914,253.38866738369785
LightGBM선제,60,도봉구,중랑구,4.787182980030308,33.424933333333335,0.39893191500252567,160.01127196198107
LightGBM선제,60,동대문구,강남구,6.451406263095311,36.82341666666667,0.5376171885912755,237.5628209119016
LightGBM선제,60,동대문구,강동구,12.815139360332426,34.728716666666664,1.067928280027703,445.05334388883267
LightGBM선제,60,동대문구,강북구,3.501435637101878,28.16711666666667,0.29178630309182374,98.62534609107294
LightGBM선제,60,동대문구,강서구,3.4802132782018638,56.343216666666656,0.29001777318348854,196.08641077993786
LightGBM선제,60,동대문구,광진구,4.11666175957405,21.610391666666665,0.3430551466311703,88.96267298358437
LightGBM선제,60,동대문구,노원구,31.642441595003504,23.667525,2.636870132916958,748.8982775107853
LightGBM선제,60,동대문구,도봉구,9.743899439246638,36.35055833333333,0.8119916199372187,354.1961849604689
LightGBM선제,60,동대문구,동작구,0.27860057821881634,49.957033333333335,0.023216714851568288,13.91805837276335
LightGBM선제,60,동대문구,마포구,1.634723431826121,41.37191666666667,0.13622695265217633,67.63164159455764
LightGBM선제,60,동대문구,서대문구,3.4719778426054275,42.55489166666666,0.2893314868837855,147.749640961141
LightGBM선제,60,동대문구,서초구,1.5091164836034332,46.29071666666667,0.12575970696695327,69.85808355948284
LightGBM선제,60,동대문구,성동구,4.003199820290971,16.761933333333335,0.33359998502424726,67.10136850772923
LightGBM선제,60,동대문구,성북구,4.469696775086066,17.708283333333334,0.3724747312571717,79.15065690731033
LightGBM선제,60,동대문구,송파구,6.986602525707213,35.85409166666666,0.5822168771422682,250.49828739527123
LightGBM선제,60,동대문구,영등포구,3.433431042353844,42.43216666666667,0.2861192535294864,145.68791822766536
LightGBM선제,60,동대문구,용산구,1.3202455942147924,35.97685833333333,0.11002046618456618,47.49828870827307
LightGBM선제,60,동대문구,은평구,2.992199445185999,46.42771666666667,0.2493499537655003,138.92098805125278
LightGBM선제,60,동대문구,종로구,4.496511522214932,26.766716666666664,0.37470929351791116,120.3568499035291
LightGBM선제,60,동대문구,중구,0.9897325704863318,26.315833333333334,0.08247771420719407,26.045637369489892
LightGBM선제,60,동대문구,중랑구,17.44540962700202,18.962666666666667,1.4537841355835008,330.811487620297
LightGBM선제,60,동작구,강남구,20.780466963933815,40.271,1.7317055803278187,836.8501851045787
LightGBM선제,60,동작구,강동구,19.345454381136427,43.67916666666667,1.6121211984280341,844.9933261560549
LightGBM선제,60,동작구,강서구,10.405957282971935,37.00055833333333,0.8671631069143281,385.0262294627779
LightGBM선제,60,동작구,관악구,6.212765704618291,16.662033333333333,0.517730475384857,103.51730926254012
LightGBM선제,60,동작구,광진구,5.627299575630879,33.822975,0.46894163130257294,190.33201286407382
LightGBM선제,60,동작구,구로구,4.332445199035334,27.241441666666667,0.36103709991961075,118.0220531635511
LightGBM선제,60,동작구,금천구,11.257867810383946,26.22005,0.9381556508653284,295.1818568816576
LightGBM선제,60,동작구,노원구,23.481294107405915,46.68610000000001,1.9567745089504927,1096.2500448277635
LightGBM선제,60,동작구,도봉구,8.583280199002656,56.394549999999995,0.715273349916887,484.05022434666523
LightGBM선제,60,동작구,동대문구,3.89471856401314,40.32966666666667,0.32455988033442806,157.0727014471286
LightGBM선제,60,동작구,마포구,3.7656231190703866,30.197725,0.31380192658919837,113.71325140332978
LightGBM선제,60,동작구,서대문구,5.874088683119478,38.78573333333333,0.4895073902599558,227.83083723982324
LightGBM선제,60,동작구,서초구,8.05599573057012,21.908,0.6713329775475101,176.49075446533018
LightGBM선제,60,동작구,성동구,6.060390365995809,37.02395,0.5050325304996508,224.37958989111053
LightGBM선제,60,동작구,성북구,3.304527576616147,47.10983333333335,0.27537729805134536,155.67574337979065
LightGBM선제,60,동작구,송파구,17.030228466350103,46.665475,1.4191857055291743,794.7237007407491
LightGBM선제,60,동작구,양천구,2.031894045440027,27.872116666666663,0.1693245037866693,56.63318788880973
LightGBM선제,60,동작구,영등포구,7.2739036777206145,15.856416666666666,0.6061586398100515,115.3380475071371
LightGBM선제,60,동작구,용산구,12.275992217354014,19.213608333333333,1.0229993514461673,235.86610636728824
LightGBM선제,60,동작구,은평구,2.5196293088266923,41.72566666666667,0.2099691090688911,105.1332126636663
LightGBM선제,60,동작구,종로구,14.53785968065067,44.03283333333333,1.2114883067208888,640.1431523414774
LightGBM선제,60,동작구,중구,6.422337698759527,36.32171666666667,0.5351948082299612,233.27033023199556
LightGBM선제,60,동작구,중랑구,6.338486195975406,49.043908333333334,0.52820718299795,310.8641359675165
LightGBM선제,60,마포구,강남구,13.227810744906188,54.234950000000005,1.1023175620755146,717.40965435945
LightGBM선제,60,마포구,강동구,9.436277462714514,56.16061666666667,0.78635645522621,529.9471613438159
LightGBM선제,60,마포구,강북구,7.475965313601072,46.140499999999996,0.6229971094667552,344.9447775522102
LightGBM선제,60,마포구,강서구,13.274553237517313,24.217716666666668,1.1062127697931097,321.479369182777
LightGBM선제,60,마포구,관악구,12.46708429271439,38.55052499999999,1.0389236910595325,480.6126447033933
LightGBM선제,60,마포구,광진구,2.5926109960933292,53.5697,0.2160509163411113,138.8853932774208
LightGBM선제,60,마포구,구로구,9.32849448185263,33.119975,0.777374540154385,308.959504026597
LightGBM선제,60,마포구,금천구,4.552583075459218,38.73726666666666,0.3793819229549349,176.35462461621717
LightGBM선제,60,마포구,노원구,12.560578983333297,56.68856666666667,1.0467149152777742,712.0412190686218
LightGBM선제,60,마포구,도봉구,7.6029477333793745,55.09678333333333,0.6335789777816156,418.8979639606611
LightGBM선제,60,마포구,동대문구,5.565198382192748,48.790166666666664,0.46376653184939554,271.52695660024784
LightGBM선제,60,마포구,동작구,3.620802926824304,32.0008,0.301733577235358,115.86859030071918
LightGBM선제,60,마포구,서대문구,1.3762071153658,17.863116666666667,0.1146839262804834,24.58334825927608
LightGBM선제,60,마포구,서초구,7.248542177688936,42.4231,0.6040451814740774,307.5056296583155
LightGBM선제,60,마포구,성동구,5.02939272312939,47.17885833333334,0.4191160602607812,237.28100678721907
LightGBM선제,60,마포구,성북구,4.40253323256571,33.37551666666667,0.3668777693804759,146.93682127905075
LightGBM선제,60,마포구,송파구,11.767162147947362,57.10328333333334,0.9805968456622792,671.9435941635135
LightGBM선제,60,마포구,양천구,3.1387193702930625,25.566050000000004,0.26155994752442224,80.24465635688097
LightGBM선제,60,마포구,영등포구,1.3775866446132439,20.758033333333334,0.11479888705110364,28.595989488436537
LightGBM선제,60,마포구,용산구,4.92756363417025,25.322049999999997,0.41063030284752067,124.77601272264076
LightGBM선제,60,마포구,은평구,0.9532095711798612,22.261883333333333,0.0794341309316553,21.220240265822763
LightGBM선제,60,마포구,종로구,7.667484396024171,28.247691666666668,0.6389570330020141,216.58873507786868
LightGBM선제,60,마포구,중구,8.351974028432723,28.673241666666666,0.6959978357027268,239.478169710975
LightGBM선제,60,마포구,중랑구,13.117693485058284,52.98875,1.0931411237548578,695.0901806563822
LightGBM선제,60,서대문구,강북구,21.69538577706299,45.43641666666666,1.8079488147552487,985.7605879107077
LightGBM선제,60,서대문구,강서구,28.993311253555802,33.52816666666667,2.4161092711296503,972.0925719277614
LightGBM선제,60,서대문구,관악구,8.205234585872653,47.84295,0.683769548822721,392.56262803017603
LightGBM선제,60,서대문구,광진구,9.050618287380217,48.7072,0.7542181906150179,440.8302750470857
LightGBM선제,60,서대문구,구로구,10.719881077503988,40.98708333333334,0.8933234231253329,439.37665904707916
LightGBM선제,60,서대문구,금천구,5.635613513739379,47.8315,0.4696344594782824,269.5598477824251
LightGBM선제,60,서대문구,노원구,39.561539783480164,53.24366666666666,3.2967949819566806,2106.4014370516898
LightGBM선제,60,서대문구,도봉구,18.548596496111795,55.611558333333335,1.5457163746759823,1031.5163560449835
LightGBM선제,60,서대문구,동대문구,15.26443323361478,41.626333333333335,1.2720361028012306,635.40238592686
LightGBM선제,60,서대문구,동작구,7.440941271330337,40.25635833333333,0.6200784392775275,299.54519815596296
LightGBM선제,60,서대문구,마포구,28.400988115403514,15.560275,2.366749009616959,441.92718534741044
LightGBM선제,60,서대문구,서초구,9.750783081651324,53.11855,0.8125652568042776,517.94745866185
LightGBM선제,60,서대문구,성동구,6.629469446540014,46.03188333333333,0.5524557872116667,305.16696412502785
LightGBM선제,60,서대문구,성북구,12.648536149116453,36.628775000000005,1.0540446790930385,463.30038468535304
LightGBM선제,60,서대문구,양천구,21.827611307888322,32.522283333333334,1.8189676089906943,709.8837594450146
LightGBM선제,60,서대문구,영등포구,4.878650134263327,28.514666666666667,0.4065541778552779,139.11308236180736
LightGBM선제,60,서대문구,용산구,19.378800399435928,27.568833333333334,1.6149000332863266,534.2509184119825
LightGBM선제,60,서대문구,은평구,11.878686037818257,20.867966666666668,0.9898905031515215,247.88402428099013
LightGBM선제,60,서대문구,종로구,29.378671747296924,20.166549999999997,2.448222645608076,592.4664527254507
LightGBM선제,60,서대문구,중구,15.93496466189703,25.820383333333332,1.3279137218247525,411.4468959733017
LightGBM선제,60,서대문구,중랑구,16.571326534301765,51.759883333333335,1.3809438778584804,857.7299280940304
LightGBM선제,60,서초구,강남구,26.853158790066736,21.714441666666666,2.237763232505564,583.1013501126414
LightGBM선제,60,서초구,강동구,15.653354063207253,41.281525,1.3044461719339386,646.1943270941418
LightGBM선제,60,서초구,강북구,11.721251367447746,50.93716666666667,0.9767709472873122,597.0473344455804
LightGBM선제,60,서초구,강서구,1.8455855647748505,48.17555,0.1537987970645709,88.91209965508905
LightGBM선제,60,서초구,관악구,15.065275378431394,24.71916666666667,1.2554396148692826,372.40105295867545
LightGBM선제,60,서초구,광진구,5.731199154343681,39.334775,0.4775999295286397,225.43542921629899
LightGBM선제,60,서초구,구로구,3.5359361835311716,49.33777499999999,0.2946613486275984,174.45522383741962
LightGBM선제,60,서초구,금천구,4.894540124594632,40.24883333333334,0.4078783437162198,196.99952971812192
LightGBM선제,60,서초구,노원구,31.419988874385314,42.6435,2.618332406198778,1339.8582955648503
LightGBM선제,60,서초구,도봉구,9.975118374971807,55.669225,0.8312598645809826,555.3071092179398
LightGBM선제,60,서초구,동대문구,7.835998526204488,38.17383333333333,0.652999877183706,299.1301017395757
LightGBM선제,60,서초구,동작구,4.112832418346171,24.317833333333333,0.34273603486218085,100.01517327727247
LightGBM선제,60,서초구,마포구,2.55676941470017,32.498583333333336,0.21306411789168112,83.09138388775136
LightGBM선제,60,서초구,서대문구,1.6767416326101483,48.54683333333333,0.13972846938417915,81.4004965813861
LightGBM선제,60,서초구,성동구,6.349480200064581,33.541775,0.5291233500053811,212.97283623752116
LightGBM선제,60,서초구,성북구,3.4893647536812504,54.62258333333334,0.2907803961401043,190.59811703835027
LightGBM선제,60,서초구,송파구,15.023055778978268,34.61933333333333,1.2519213149148558,520.0881756977083
LightGBM선제,60,서초구,양천구,2.925609653740761,52.08810833333334,0.24380080447839703,152.3894725850946
LightGBM선제,60,서초구,영등포구,4.6762198911529715,36.42466666666667,0.38968499092941433,170.32975079528327
LightGBM선제,60,서초구,용산구,6.1133412048838585,26.39955833333333,0.5094451004069883,161.3895077499017
LightGBM선제,60,서초구,은평구,3.8838883688227783,52.881,0.3236573640685648,205.38390083171734
LightGBM선제,60,서초구,종로구,5.02856282974092,43.45433333333333,0.4190469024784095,218.51284539117185
LightGBM선제,60,서초구,중구,5.715520996086344,35.57758333333334,0.47629341634052846,203.34442453167824
LightGBM선제,60,서초구,중랑구,6.187567999661555,49.635666666666665,0.5156306666384628,307.1240627085344
LightGBM선제,60,성동구,강남구,5.928431540143038,30.96895,0.494035961678587,183.59729994511272
LightGBM선제,60,성동구,강동구,9.320931419854983,35.2266,0.7767442849879144,328.3447227546635
LightGBM선제,60,성동구,강북구,1.7039207586053178,38.9205,0.1419933965504434,66.31744788529826
LightGBM선제,60,성동구,강서구,1.305381838534583,50.64105833333333,0.10878181987788238,66.10591783250374
LightGBM선제,60,성동구,관악구,0.9858557886237148,49.48464166666666,0.08215464905197634,48.7847204350536
LightGBM선제,60,성동구,광진구,0.7437657638221288,20.813166666666667,0.061980480318510556,15.480120803390603
LightGBM선제,60,성동구,노원구,3.1133774116493504,29.8739,0.25944811763744624,93.00872545787152
LightGBM선제,60,성동구,도봉구,4.11972864926195,37.623450000000005,0.343310720771829,154.99840484907455
LightGBM선제,60,성동구,동대문구,1.637195084420553,16.00335833333333,0.13643292370171267,26.200619597554024
LightGBM선제,60,성동구,동작구,0.48047645751193935,37.017900000000004,0.0400397047926625,17.78622945653122
LightGBM선제,60,성동구,마포구,0.2390820762873338,45.32894999999999,0.01992350635727813,10.837339481924738
LightGBM선제,60,성동구,서대문구,0.1708145746416458,39.08166666666667,0.01423454788680334,6.675718267953254
LightGBM선제,60,성동구,서초구,2.7544958573495713,34.87695,0.2295413214457972,96.06841429198813
LightGBM선제,60,성동구,성북구,0.858836406955121,23.11425,0.07156970057959333,19.851359419462405
LightGBM선제,60,성동구,송파구,3.2595804036697267,35.57541666666667,0.27163170030581074,115.96093101905207
LightGBM선제,60,성동구,양천구,1.1753886602075663,49.07085833333334,0.097949055017297,57.67733043165197
LightGBM선제,60,성동구,영등포구,0.3872613765402915,43.975116666666665,0.0322717813783574,17.029864213853248
LightGBM선제,60,성동구,용산구,1.3857044007874622,24.56341666666667,0.11547536673228875,34.037634573376096
LightGBM선제,60,성동구,은평구,0.3897993827182968,49.038716666666666,0.03248328189319161,19.11526148596412
LightGBM선제,60,성동구,종로구,2.750740772573878,22.066325,0.229228397714489,60.69873987836628
LightGBM선제,60,성동구,중구,1.1579050853681765,15.657333333333334,0.0964920904473483,18.12970588997133
LightGBM선제,60,성동구,중랑구,3.9702282518686776,29.372833333333332,0.33085235432239046,116.61685273743002
LightGBM선제,60,성북구,강남구,6.837920949006524,43.43911666666667,0.5698267457505434,297.03324586133846
LightGBM선제,60,성북구,강동구,11.871592505963418,48.205133333333336,0.9892993754969508,572.2716996289674
LightGBM선제,60,성북구,강북구,15.541092931988107,18.153808333333334,1.2950910776656754,282.1300223778335
LightGBM선제,60,성북구,강서구,3.993400426494492,45.905225,0.33278336887454096,183.31794509332562
LightGBM선제,60,성북구,관악구,1.0711345381132777,58.499224999999996,0.08926121150943966,62.6605403503597
LightGBM선제,60,성북구,광진구,2.900607620395037,39.7277,0.2417173016995865,115.2344693607679
LightGBM선제,60,성북구,노원구,27.95707726174779,23.014533333333333,2.329756438478982,643.41908654307
LightGBM선제,60,성북구,도봉구,7.000065762399292,30.243091666666665,0.5833388135332748,211.70363052493667
LightGBM선제,60,성북구,동대문구,11.67616705979793,18.263666666666666,0.9730139216498275,213.24962312446277
LightGBM선제,60,성북구,동작구,1.7351753096250908,47.928333333333335,0.14459794246875735,83.16406063148123
LightGBM선제,60,성북구,마포구,1.4863436963882242,37.42260833333333,0.12386197469901883,55.62285799865542
LightGBM선제,60,성북구,서대문구,1.98639218437091,34.47671666666667,0.16553268203091043,68.48428052943696
LightGBM선제,60,성북구,서초구,1.502536804183633,55.288225,0.12521140034863631,83.07259290048563
LightGBM선제,60,성북구,성동구,4.451353828079758,22.768241666666665,0.3709461523399794,101.3494997015617
LightGBM선제,60,성북구,송파구,7.054394040321337,47.70044166666666,0.5878661700267778,336.49771141402886
LightGBM선제,60,성북구,영등포구,2.1492358321679803,43.174949999999995,0.17910298601399854,92.79314959206093
LightGBM선제,60,성북구,용산구,3.397934611654298,39.08506666666666,0.2831612176378582,132.80850082548233
LightGBM선제,60,성북구,은평구,1.0510375432954868,35.94996666666667,0.08758646194129027,37.78476464688798
LightGBM선제,60,성북구,종로구,6.715869722015987,21.368550000000003,0.5596558101679995,143.50839794838473
LightGBM선제,60,성북구,중구,6.147465045977079,31.576716666666666,0.512288753831423,194.1167619750552
LightGBM선제,60,성북구,중랑구,5.495242055621086,24.96345,0.45793683796842277,137.1802002933942
LightGBM선제,60,송파구,강남구,4.942982726627277,18.524608333333333,0.4119152272189399,91.56681900920238
LightGBM선제,60,송파구,강동구,11.369199900648335,22.319833333333335,0.9474333250540282,253.75864691582075
LightGBM선제,60,송파구,강북구,13.654570185723282,50.34211666666667,1.1378808488102745,687.3999653228698
LightGBM선제,60,송파구,관악구,7.862232645121586,57.713750000000005,0.6551860537601305,453.758929322386
LightGBM선제,60,송파구,광진구,8.265431907646954,21.566,0.6887859923039124,178.2523045203142
LightGBM선제,60,송파구,노원구,29.40108725543208,52.49483333333333,2.4500906046193394,1543.4051752926978
LightGBM선제,60,송파구,도봉구,14.456773233173244,50.78661666666666,1.2047311027644372,734.2106004300967
LightGBM선제,60,송파구,동대문구,14.753368662740751,36.824949999999994,1.2294473885617307,543.2920633369949
LightGBM선제,60,송파구,동작구,6.895510594917363,48.640133333333345,0.5746258829097806,335.3985547381933
LightGBM선제,60,송파구,마포구,2.8835434054811335,48.87805,0.24029528379009424,140.94197875027712
LightGBM선제,60,송파구,서대문구,3.65978528973484,58.35706666666667,0.30498210747790266,213.57433413874205
LightGBM선제,60,송파구,서초구,5.617099388051431,37.06005,0.4680916156709529,208.1699841761554
LightGBM선제,60,송파구,성동구,4.430583616925737,33.772,0.36921530141047776,149.62966991081598
LightGBM선제,60,송파구,성북구,6.054808418385671,43.52699166666666,0.5045673681988052,263.5475955703363
LightGBM선제,60,송파구,영등포구,2.79748713585772,59.64285,0.23312392798814308,166.8501056208916
LightGBM선제,60,송파구,용산구,3.585150733221978,38.813225,0.29876256110183175,139.1512620674596
LightGBM선제,60,송파구,종로구,2.418235834997413,55.389691666666664,0.20151965291645135,133.9453372777909
LightGBM선제,60,송파구,중구,2.3125455850691394,50.53505833333333,0.1927121320890952,116.86462603996142
LightGBM선제,60,송파구,중랑구,15.298657064002628,40.621566666666666,1.2748880886668856,621.4554178358536
LightGBM선제,60,양천구,강북구,16.46761503496438,58.877500000000005,1.3723012529136986,969.5720042211153
LightGBM선제,60,양천구,강서구,89.40294552415263,22.902766666666665,7.450245460346052,2047.5748006523786
LightGBM선제,60,양천구,관악구,17.685511175680837,33.56769166666666,1.4737925979734032,593.6617861126417
LightGBM선제,60,양천구,광진구,9.507449849059974,54.74933333333334,0.7922874874216645,520.5265409361342
LightGBM선제,60,양천구,구로구,14.30871152860078,16.561558333333334,1.192392627383398,236.974560655761
LightGBM선제,60,양천구,금천구,14.326012584431318,27.973666666666666,1.193834382035942,400.7511006993535
LightGBM선제,60,양천구,노원구,55.44441183124674,57.29783333333333,4.6203676526038935,3176.84466837147
LightGBM선제,60,양천구,동작구,12.178353019530974,29.805775,1.01486275162758,362.9852499707108
LightGBM선제,60,양천구,마포구,14.557530353371483,24.11991666666667,1.2131275294476227,351.12641899579074
LightGBM선제,60,양천구,서대문구,8.900893689295714,38.882783333333336,0.7417411407746416,346.09152079391924
LightGBM선제,60,양천구,서초구,13.717007700753625,54.64783333333333,1.143083975062801,749.6047506628339
LightGBM선제,60,양천구,성동구,10.164783682862486,53.640616666666666,0.8470653069052054,545.2452650320149
LightGBM선제,60,양천구,성북구,6.457984220517375,50.393825,0.5381653517097813,325.44252666151397
LightGBM선제,60,양천구,영등포구,5.118086961241958,19.560000000000002,0.4265072467701634,100.10978096189271
LightGBM선제,60,양천구,용산구,21.1154713630052,33.82164166666667,1.7596226135837667,714.1599060623236
LightGBM선제,60,양천구,은평구,7.708583082697294,31.274083333333337,0.6423819235581084,241.07886971019877
LightGBM선제,60,양천구,중구,8.441843712863083,52.78150000000001,0.7034869760719239,445.5731739304829
LightGBM선제,60,양천구,중랑구,12.887013429659621,54.41972500000001,1.0739177858049693,701.3077269133835
LightGBM선제,60,영등포구,강남구,33.85822018748566,48.32705833333333,2.821518348957137,1636.2681820634637
LightGBM선제,60,영등포구,강동구,40.60558824567466,50.640249999999995,3.383799020472887,2056.277140158026
LightGBM선제,60,영등포구,강서구,48.532670158706765,26.61638333333333,4.04438917989223,1291.7641531343666
LightGBM선제,60,영등포구,관악구,43.491299914865955,24.46505,3.624274992905495,1064.0168269821913
LightGBM선제,60,영등포구,광진구,13.293371188982807,42.665216666666666,1.107780932415233,567.1645620083757
LightGBM선제,60,영등포구,구로구,24.912444319989127,19.61210833333333,2.0760370266657597,488.5855568517614
LightGBM선제,60,영등포구,금천구,13.536386371737013,27.179666666666666,1.1280321976447507,367.91446945502145
LightGBM선제,60,영등포구,동대문구,15.264299764319775,53.80393333333333,1.2720249803599821,821.2793668994768
LightGBM선제,60,영등포구,동작구,12.61038143506884,16.988225,1.0508651195890697,214.22799715477234
LightGBM선제,60,영등포구,마포구,25.90353792149254,21.029525,2.1586281601243775,544.7390983084754
LightGBM선제,60,영등포구,서대문구,23.875462417871354,30.173916666666667,1.9896218681559472,720.4162133749821
LightGBM선제,60,영등포구,서초구,5.549879152337888,39.45533333333334,0.4624899293614916,218.97233191520885
LightGBM선제,60,영등포구,성동구,8.566052785318846,45.233666666666664,0.7138377321099042,387.4739763401842
LightGBM선제,60,영등포구,성북구,9.380395218555988,49.68344166666667,0.781699601546332,466.05031865140535
LightGBM선제,60,영등포구,송파구,13.625901311536907,56.888733333333334,1.135491775961408,775.16026613834
LightGBM선제,60,영등포구,양천구,20.05403416642917,18.567133333333334,1.6711695138690965,372.3459262393126
LightGBM선제,60,영등포구,용산구,9.829012635134195,24.7146,0.8190843862611842,242.92011567228758
LightGBM선제,60,영등포구,은평구,8.149463159992425,32.44688333333333,0.6791219299993693,264.4246803815722
LightGBM선제,60,영등포구,종로구,5.029841706315878,42.627833333333335,0.4191534755263224,214.4112539498822
LightGBM선제,60,영등포구,중구,6.881636211146073,34.373666666666665,0.573469684262174,236.54706924319805
LightGBM선제,60,영등포구,중랑구,14.559793352377005,56.414033333333336,1.2133161126980836,821.3766675074414
LightGBM선제,60,용산구,강남구,2.9480231218840673,36.84860833333333,0.24566859349033843,108.63054937591659
LightGBM선제,60,용산구,강동구,5.321468322728469,37.17443333333333,0.44345569356070547,197.82256939871462
LightGBM선제,60,용산구,강북구,3.513998043983359,46.931133333333335,0.29283317033194767,164.91591073525555
LightGBM선제,60,용산구,강서구,2.255386302764243,37.35885833333333,0.1879488585636866,84.25865737190979
LightGBM선제,60,용산구,관악구,2.7552313760391733,29.670383333333334,0.22960261466993204,81.74877109910976
LightGBM선제,60,용산구,광진구,2.9181640580053787,31.67938333333333,0.2431803381671147,92.44563782310796
LightGBM선제,60,용산구,구로구,1.3886618352820308,49.82238333333333,0.11572181960683581,69.18644227779153
LightGBM선제,60,용산구,금천구,2.241998756396285,43.525616666666664,0.18683322969969118,97.58437843804808
LightGBM선제,60,용산구,노원구,6.865738475699167,47.12583333333334,0.5721448729749303,323.553647116053
LightGBM선제,60,용산구,도봉구,3.534908746715949,57.32795,0.2945757288929959,202.6490718862946
LightGBM선제,60,용산구,동대문구,1.6542775848222524,33.97383333333333,0.13785646540185437,56.20215095382039
LightGBM선제,60,용산구,동작구,2.2988015630215433,19.465025,0.19156679691846223,44.74622989425342
LightGBM선제,60,용산구,마포구,8.361371742682334,22.568266666666666,0.6967809785568608,188.7016671879863
LightGBM선제,60,용산구,서대문구,2.5504765127043996,23.416441666666664,0.21253970939203337,59.72308448194599
LightGBM선제,60,용산구,서초구,1.2087345198066282,26.443583333333333,0.10072787665055205,31.96327200238322
LightGBM선제,60,용산구,성동구,2.253314200647944,22.265333333333334,0.18777618338732804,50.17079178216002
LightGBM선제,60,용산구,성북구,2.038918877527567,36.47716666666667,0.1699099064606301,74.37398371538598
LightGBM선제,60,용산구,송파구,5.51002075499863,36.15103333333333,0.45916839624988615,199.19294398131396
LightGBM선제,60,용산구,양천구,2.4741810686131496,32.063358333333326,0.20618175571776254,79.33055418449298
LightGBM선제,60,용산구,영등포구,2.4649539596510195,20.9109,0.2054128299709177,51.54440575486651
LightGBM선제,60,용산구,은평구,2.1486152478288676,40.025333333333336,0.17905127065240534,85.99904149943303
LightGBM선제,60,용산구,종로구,6.720988674687032,25.117550000000005,0.5600823895572523,168.81476908588527
LightGBM선제,60,용산구,중구,1.5419487984667175,19.266466666666666,0.1284957332055594,29.70790512736573
LightGBM선제,60,용산구,중랑구,5.775525270647901,39.580666666666666,0.4812937725539914,228.59914056242437
LightGBM선제,60,은평구,강북구,38.468645744207805,41.12528333333333,3.2057204786839844,1582.0339556801732
LightGBM선제,60,은평구,강서구,42.682630169241875,35.92699999999999,3.5568858474368232,1533.4588540903526
LightGBM선제,60,은평구,관악구,11.157745603907625,49.64149999999999,0.9298121336589679,553.8872283963802
LightGBM선제,60,은평구,광진구,8.985893041365024,53.480975,0.7488244201137519,480.5743210979168
LightGBM선제,60,은평구,구로구,10.878602965406126,41.99788333333333,0.9065502471171758,456.87829817078045
LightGBM선제,60,은평구,금천구,3.841669082142574,56.4379,0.32013909017854814,216.81573549105437
LightGBM선제,60,은평구,노원구,141.4348681717072,48.63121666666667,11.786239014308931,6878.14971827973
LightGBM선제,60,은평구,도봉구,17.56313556097179,55.21310833333334,1.4635946300809817,969.7153064009547
LightGBM선제,60,은평구,동대문구,26.046422881284528,46.53155833333333,2.1705352401070424,1211.980645675159
LightGBM선제,60,은평구,동작구,5.6665933174859475,43.128166666666665,0.4722161097904959,244.3897810287535
LightGBM선제,60,은평구,마포구,21.211708783594876,22.569975,1.7676423986329066,478.7477369530167
LightGBM선제,60,은평구,서대문구,31.35355796013891,22.060283333333334,2.6127964966782424,691.6683721087531
LightGBM선제,60,은평구,성동구,7.58520094134888,48.86116666666666,0.6321000784457407,370.6217673954045
LightGBM선제,60,은평구,성북구,10.164448754217425,40.629558333333335,0.8470373961847858,412.9770635856542
LightGBM선제,60,은평구,양천구,13.883684466924796,28.975608333333337,1.1569737055770661,402.28820333719676
LightGBM선제,60,은평구,영등포구,17.795718337778563,32.17111666666666,1.4829765281482137,572.5081308118135
LightGBM선제,60,은평구,용산구,22.26177911347487,43.04866666666666,1.8551482594562385,958.3399084629417
LightGBM선제,60,은평구,종로구,61.247020515503806,35.62088333333334,5.103918376291985,2181.6729722970344
LightGBM선제,60,은평구,중구,40.85015662796728,39.22471666666667,3.4041797189972733,1602.3358195209723
LightGBM선제,60,은평구,중랑구,24.829659436121485,46.986999999999995,2.069138286343456,1166.67120792504
LightGBM선제,60,종로구,강남구,10.740673070343549,48.138616666666664,0.8950560891952958,517.0411436752578
LightGBM선제,60,종로구,강동구,11.985192383286373,50.543391666666665,0.9987660319405315,605.7722728287932
LightGBM선제,60,종로구,강북구,6.5150998537641245,29.80174166666667,0.5429249878136764,194.16132277441622
LightGBM선제,60,종로구,강서구,2.8495435371049154,50.34323333333334,0.23746196142540965,143.45523518196475
LightGBM선제,60,종로구,관악구,1.9427832508158418,55.6905,0.1618986042346533,108.19457062955964
LightGBM선제,60,종로구,광진구,3.340938311600379,41.475975000000005,0.2784115259666986,138.56867388847954
LightGBM선제,60,종로구,금천구,4.035778025960422,57.64383333333333,0.3363148354967018,232.63771589879155
LightGBM선제,60,종로구,노원구,13.722916077392982,43.43438333333334,1.1435763397827485,596.0463973566499
LightGBM선제,60,종로구,도봉구,11.735683177672518,44.902775,0.9779735981393775,526.9647411983141
LightGBM선제,60,종로구,동대문구,9.985639009620265,27.216775,0.8321365841350222,271.77689015605756
LightGBM선제,60,종로구,동작구,1.335473114926562,48.888716666666674,0.11128942624387983,65.28956673159547
LightGBM선제,60,종로구,마포구,5.191122710694865,27.521216666666668,0.43259355922457177,142.86601286428737
LightGBM선제,60,종로구,서대문구,8.1179916733841,19.161966666666665,0.676499306115341,155.55668584566368
LightGBM선제,60,종로구,서초구,1.6479317416438843,43.089283333333334,0.13732764513699058,71.0081977296868
LightGBM선제,60,종로구,성동구,3.892255862951223,24.720333333333333,0.32435465524593576,96.2178623507752
LightGBM선제,60,종로구,성북구,13.289606770538898,21.6947,1.10746723087824,288.31403200481026
LightGBM선제,60,종로구,송파구,3.959566639365375,54.39927500000001,0.3299638866137812,215.3975544956629
LightGBM선제,60,종로구,양천구,1.744433654797904,53.33111666666667,0.1453694712331587,93.03259476128675
LightGBM선제,60,종로구,영등포구,0.554163653028528,44.53738333333333,0.04618030441904364,24.680999044331877
LightGBM선제,60,종로구,용산구,2.365020359473015,28.369999999999997,0.19708502995608446,67.09562759824942
LightGBM선제,60,종로구,은평구,9.620793832311831,30.722666666666665,0.8017328193593191,295.57644197883894
LightGBM선제,60,종로구,중구,1.0497220435932986,24.242783333333335,0.0874768369661082,25.448184063056228
LightGBM선제,60,종로구,중랑구,4.145097242130133,44.52461666666667,0.3454247701775113,184.55886575190135
LightGBM선제,60,중구,강남구,8.111550528151268,39.62963333333333,0.6759625440126059,321.45777319544106
LightGBM선제,60,중구,강동구,3.304492716019744,49.192,0.27537439300164646,162.55460568644327
LightGBM선제,60,중구,강북구,6.754751479417825,38.57638333333333,0.5628959566181523,260.57388239142244
LightGBM선제,60,중구,강서구,1.1168547882113953,49.74711666666667,0.0930712323509495,55.56030544887758
LightGBM선제,60,중구,관악구,3.9925883421738586,39.065,0.3327156951811547,155.97046358702178
LightGBM선제,60,중구,광진구,3.948450368071739,33.67261666666666,0.3290375306726454,132.95465567143856
LightGBM선제,60,중구,구로구,2.226609346461635,51.49443333333333,0.18555077887180282,114.65798655074558
LightGBM선제,60,중구,금천구,1.5302367253414655,54.69028333333333,0.1275197271117886,83.68908007599693
LightGBM선제,60,중구,노원구,6.614548992128924,42.67978333333333,0.5512124160107431,282.30751783178084
LightGBM선제,60,중구,도봉구,3.9411372081155673,51.964641666666665,0.32842810067629746,204.79978277889253
LightGBM선제,60,중구,동대문구,14.32902314054577,23.739666666666665,1.1940852617121474,340.1662330155097
LightGBM선제,60,중구,동작구,3.5490808450022078,33.68833333333333,0.29575673708351746,119.5626185333827
LightGBM선제,60,중구,마포구,3.1840779161972255,29.424608333333328,0.2653398263497687,93.6902455869195
LightGBM선제,60,중구,서대문구,16.050873304225465,23.040966666666673,1.3375727753521227,369.82763677354893
LightGBM선제,60,중구,서초구,1.0560736150894967,31.746416666666665,0.08800613459079187,33.52655301530412
LightGBM선제,60,중구,성동구,8.961166276052808,15.958,0.7467638563377339,143.00229143325072
LightGBM선제,60,중구,성북구,2.4326085389282848,27.669166666666673,0.2027173782440238,67.30825109836321
LightGBM선제,60,중구,송파구,6.2265187361385355,42.40656666666666,0.5188765613448783,264.0452818853079
LightGBM선제,60,중구,양천구,4.429552603825606,49.439600000000006,0.369129383652134,218.99530891209645
LightGBM선제,60,중구,영등포구,0.7211456609213079,29.267116666666666,0.06009547174344165,21.10585419184436
LightGBM선제,60,중구,용산구,1.2329265002835013,18.463216666666664,0.10274387502362536,22.76378910880934
LightGBM선제,60,중구,은평구,0.42209562074251183,42.22658333333334,0.0351746350618759,17.82365590391874
LightGBM선제,60,중구,종로구,0.6563307283226745,22.101733333333335,0.05469422736022256,14.506046735860199
LightGBM선제,60,중구,중랑구,4.064105279610097,38.878616666666666,0.3386754399675085,158.0067912589371
LightGBM선제,60,중랑구,강남구,9.669983535263562,47.955616666666664,0.8058319612719633,463.7300235900775
LightGBM선제,60,중랑구,강동구,35.66646904416554,33.21576666666667,2.9722057536804627,1184.6891135948922
LightGBM선제,60,중랑구,강북구,18.080769025212287,32.374383333333334,1.5067307521010243,585.3537473836823
LightGBM선제,60,중랑구,관악구,3.184964238789845,52.503750000000004,0.26541368656582043,167.22256615236233
LightGBM선제,60,중랑구,광진구,5.054543794543468,24.272750000000002,0.4212119828786216,122.68767788900497
LightGBM선제,60,중랑구,노원구,38.81336450316701,18.242725,3.234447041930584,708.0615349560373
LightGBM선제,60,중랑구,도봉구,5.784646167278944,30.7018,0.4820538472732451,177.59904969856467
LightGBM선제,60,중랑구,동대문구,11.00409047979997,19.364050000000002,0.9170075399833313,213.08375825537064
LightGBM선제,60,중랑구,동작구,0.7058562099999921,49.6385,0.05882135083333284,35.03764348008461
LightGBM선제,60,중랑구,마포구,2.252178780754318,51.24255,0.1876815650628596,115.40738378174217
LightGBM선제,60,중랑구,서대문구,2.0505767809687994,54.496766666666666,0.17088139841406624,111.74980436454109
LightGBM선제,60,중랑구,서초구,6.511613072765464,58.489525,0.542634422730456,380.86115560984246
LightGBM선제,60,중랑구,성동구,2.8052072507100476,33.119975,0.2337672708925037,92.9083940133355
LightGBM선제,60,중랑구,성북구,2.200067779624064,28.76795,0.18333898163534001,63.291439880836094
LightGBM선제,60,중랑구,송파구,8.65029615346916,40.402525,0.7208580127890978,349.49380659794156
LightGBM선제,60,중랑구,영등포구,1.2481483680507788,57.28895,0.1040123640042313,71.50510944984266
LightGBM선제,60,중랑구,용산구,2.8695591183359137,48.5355,0.23912992652799292,139.27548658799273
LightGBM선제,60,중랑구,은평구,1.1280686481904578,48.64108333333333,0.09400572068253854,54.870481122352736
LightGBM선제,60,중랑구,종로구,3.1784585865769612,44.48566666666667,0.26487154888141384,141.39584919626716
LightGBM선제,60,중랑구,중구,5.395673786048481,49.08900833333333,0.44963948217070715,264.8682754472821
Oracle선제,20,강남구,송파구,54.116133135275746,18.458716666666668,4.509677761272981,998.9143686396667
Oracle선제,20,강북구,도봉구,31.91637886257464,15.908741666666668,2.6596982385478873,507.7494262601605
Oracle선제,20,강북구,성북구,27.207869869374143,18.413641666666667,2.2673224891145107,500.9959662879523
Oracle선제,20,관악구,금천구,40.51801955291492,19.438299999999998,3.376501629409578,787.601419475426
Oracle선제,20,관악구,동작구,62.93643041076561,16.510616666666667,5.244702534230468,1039.1192768804935
Oracle선제,20,구로구,양천구,43.673345133400446,17.010550000000002,3.639445427783369,742.907621058965
Oracle선제,20,구로구,영등포구,38.822041387606696,18.7515,3.235170115633891,727.971509079707
Oracle선제,20,노원구,도봉구,49.89107041685445,18.564666666666668,4.157589201404537,926.2110919320972
Oracle선제,20,도봉구,강북구,54.10457247691845,15.060066666666668,4.508714373076535,814.8184684738903
Oracle선제,20,도봉구,노원구,62.2284129665596,17.494616666666666,5.185701080546632,1088.6622306249897
Oracle선제,20,동대문구,성동구,38.78310964888409,16.761933333333335,3.2319258040736742,650.079898393952
Oracle선제,20,동대문구,성북구,45.30401940552794,17.708283333333334,3.7753349504606613,802.2564117719203
Oracle선제,20,동대문구,중랑구,50.992702632448314,18.962666666666667,4.249391886037358,966.9576224515732
Oracle선제,20,동작구,관악구,45.03317477874013,16.662033333333333,3.752764564895012,750.344259269194
Oracle선제,20,동작구,영등포구,62.17155458825861,15.856416666666666,5.1809628823548834,985.8180743658403
Oracle선제,20,동작구,용산구,38.777492174549245,19.213608333333333,3.2314576812124365,745.0555467906875
Oracle선제,20,마포구,서대문구,62.67703432870962,17.863116666666667,5.223086194059135,1119.6071765344116
Oracle선제,20,서대문구,마포구,99.06018954969277,15.560275,8.255015795807731,1541.4037909453457
Oracle선제,20,성동구,동대문구,28.164806762821687,16.00335833333333,2.347067230235141,450.7314950145254
Oracle선제,20,성동구,중구,30.428268862035928,15.657333333333332,2.535689071836327,476.4255483291838
Oracle선제,20,성북구,강북구,64.36306133890659,18.153808333333334,5.363588444908882,1168.434679293087
Oracle선제,20,성북구,동대문구,47.56526131992763,18.263666666666666,3.9637717766606353,868.7160776600515
Oracle선제,20,송파구,강남구,57.91558974755568,18.524608333333333,4.8262991456296405,1072.8636164674845
Oracle선제,20,양천구,구로구,61.31639524139,16.561558333333334,5.109699603449167,1015.4950565800029
Oracle선제,20,양천구,영등포구,40.96814067809265,19.560000000000002,3.414011723174387,801.3368316634924
Oracle선제,20,영등포구,구로구,54.297695575886166,19.612108333333328,4.524807964657178,1064.8922878846333
Oracle선제,20,영등포구,동작구,74.46176228194537,16.988225,6.20514685682878,1264.9731715422013
Oracle선제,20,영등포구,양천구,60.61138626204981,18.567133333333334,5.050948855170817,1125.3796902456472
Oracle선제,20,용산구,동작구,16.368978402969603,19.465025,1.3640815335807994,318.6225738382634
Oracle선제,20,용산구,중구,30.990330302054794,19.266466666666666,2.5825275251712334,597.0741657535286
Oracle선제,20,종로구,서대문구,57.28829227897936,19.161966666666665,4.774024356581613,1097.7563470400598
Oracle선제,20,중구,성동구,50.74785690192368,15.957999999999998,4.228988075160307,809.834300440898
Oracle선제,20,중구,용산구,37.582004949290805,18.463216666666664,3.1318337457742342,693.8847001464951
Oracle선제,20,중랑구,노원구,121.66536282413598,18.242725000000004,10.138780235344663,2219.5077560259365
Oracle선제,20,중랑구,동대문구,40.89194875548474,19.364050000000002,3.4076623962903954,791.8337402986444
Oracle선제,30,강남구,서초구,22.55328074266564,23.716166666666666,1.8794400618888032,534.877364973182
Oracle선제,30,강남구,성동구,44.69137606124346,28.276675,3.724281338436953,1263.7235161865615
Oracle선제,30,강남구,송파구,46.6813211040027,18.458716666666668,3.8901100920002247,861.677279884473
Oracle선제,30,강동구,광진구,71.17663766893067,21.263475,5.93138647241089,1513.4626556573655
Oracle선제,30,강동구,송파구,34.869110178196294,23.67438333333333,2.9057591815163586,825.504680850854
Oracle선제,30,강북구,노원구,25.248624564473158,21.465,2.1040520470394304,541.9617262764164
Oracle선제,30,강북구,도봉구,31.026549667429013,15.908741666666668,2.5855458056190845,493.59336346713076
Oracle선제,30,강북구,동대문구,13.474551946427994,26.56055,1.1228793288689998,357.89151070069806
Oracle선제,30,강북구,성북구,20.929703878252685,18.413641666666667,1.7441419898543904,385.39206740358856
Oracle선제,30,강서구,마포구,24.457367078805163,28.315825,2.0381139232337633,692.5305261642083
Oracle선제,30,강서구,양천구,30.332673179930616,22.52545,2.5277227649942176,683.2571130808681
Oracle선제,30,강서구,영등포구,32.99508455609054,28.074216666666665,2.749590379674213,926.3111527626729
Oracle선제,30,관악구,구로구,30.624044215599522,24.361575,2.5520036846332945,746.0499499616438
Oracle선제,30,관악구,금천구,32.41976947609167,19.438299999999998,2.7016474563409716,630.1852050071127
Oracle선제,30,관악구,동작구,57.82352257176693,16.510616666666667,4.818626880980576,954.7020154987913
Oracle선제,30,관악구,서초구,44.36320798418904,26.594749999999998,3.69693399868242,1179.8284255375113
Oracle선제,30,관악구,영등포구,37.96949633891144,23.91443333333333,3.1641246949092876,908.0189888971416
Oracle선제,30,광진구,강남구,7.501396595436303,28.8659,0.6251163829530259,216.53456398420477
Oracle선제,30,광진구,강동구,27.85356972418786,21.346725,2.321130810348989,594.5824931705641
Oracle선제,30,광진구,노원구,30.638336775984623,27.969608333333333,2.553194731332051,856.9422796090527
Oracle선제,30,광진구,동대문구,19.63292859114904,20.317,1.6360773825957524,398.882210186375
Oracle선제,30,광진구,성동구,12.21397891263107,20.313383333333334,1.0178315760525884,248.10723567752478
Oracle선제,30,광진구,송파구,35.56327448862285,20.769000000000002,2.963606207385239,738.6136478542081
Oracle선제,30,광진구,중랑구,17.70036952890313,23.3155,1.4750307940752605,412.69296575114095
Oracle선제,30,구로구,관악구,46.40689691082504,23.11611666666667,3.8672414092354184,1072.7472431286046
Oracle선제,30,구로구,금천구,15.448502393234593,21.0159,1.2873751994362146,324.66418144597884
Oracle선제,30,구로구,동작구,10.171182303646027,26.465233333333337,0.8475985253038354,269.18271294186303
Oracle선제,30,구로구,양천구,33.461325112156516,17.010550000000002,2.7884437593463747,569.1955438865941
Oracle선제,30,구로구,영등포구,25.00724363808102,18.7515,2.0839369698400843,468.9233290794763
Oracle선제,30,금천구,관악구,19.823171343920663,20.266166666666667,1.651930945326721,401.7396943177868
Oracle선제,30,금천구,구로구,22.893496418834516,20.51225,1.907791368236209,469.5971219172383
Oracle선제,30,금천구,동작구,4.853894836391421,26.967475000000004,0.40449123636595186,130.89728765301476
Oracle선제,30,금천구,양천구,13.246760508785146,27.716616666666667,1.1038967090654292,367.15538309713617
Oracle선제,30,금천구,영등포구,11.986072845679686,25.662583333333334,0.9988394038066408,307.59359324165877
Oracle선제,30,노원구,강북구,36.943166679168705,23.014383333333335,3.078597223264059,850.2241995016157
Oracle선제,30,노원구,도봉구,44.47057270947311,18.564666666666668,3.705881059122758,825.5813588271318
Oracle선제,30,노원구,동대문구,51.07450668042109,27.870833333333334,4.256208890035091,1423.489063272236
Oracle선제,30,노원구,성북구,52.83208601789695,25.108999999999998,4.402673834824745,1326.5608478233744
Oracle선제,30,노원구,중랑구,52.73285864102091,20.25819166666667,4.394404886751742,1068.2723574810414
Oracle선제,30,도봉구,강북구,53.84104975550278,15.060066666666668,4.486754146291898,810.8497987211889
Oracle선제,30,도봉구,노원구,54.73663767931093,17.494616666666666,4.56138647327591,957.5964938217676
Oracle선제,30,동대문구,강북구,6.657225723128581,28.16711666666667,0.5547688102607151,187.51485361969713
Oracle선제,30,동대문구,광진구,17.001549434720797,21.610391666666665,1.416795786226733,367.4101422245117
Oracle선제,30,동대문구,노원구,65.06310930606585,23.667525,5.421925775505488,1539.8827660790464
Oracle선제,30,동대문구,성동구,24.20036796064382,16.761933333333335,2.016697330053652,405.64495439844774
Oracle선제,30,동대문구,성북구,34.66012400876611,17.708283333333334,2.888343667397175,613.7712963156995
Oracle선제,30,동대문구,종로구,6.561752079286687,26.766716666666664,0.5468126732738906,175.6365587431776
Oracle선제,30,동대문구,중구,11.615181687424148,26.315833333333334,0.967931807285346,305.6631854226393
Oracle선제,30,동대문구,중랑구,42.287045983628936,18.962666666666667,3.5239204986357437,801.875157305561
Oracle선제,30,동작구,관악구,34.63052052908876,16.662033333333333,2.885876710757396,577.0148874063613
Oracle선제,30,동작구,구로구,16.29290303867798,27.241441666666667,1.3577419198898315,443.84216770880226
Oracle선제,30,동작구,금천구,16.74257606609287,26.22005,1.3952146721744059,438.9911815817583
Oracle선제,30,동작구,서초구,29.122219104868513,21.908,2.4268515920723766,638.0095761494595
Oracle선제,30,동작구,양천구,15.571651785128374,27.872116666666667,1.297637648760698,434.0148952478063
Oracle선제,30,동작구,영등포구,41.26856499657848,15.856416666666666,3.439047083048207,654.3715618211636
Oracle선제,30,동작구,용산구,34.711732591679166,19.213608333333333,2.8926443826399306,666.9376345879251
Oracle선제,30,마포구,강서구,61.42058529884089,24.217716666666668,5.118382108236742,1487.4663322681608
Oracle선제,30,마포구,서대문구,46.58345171462043,17.863116666666667,3.8819543095517024,832.1256327142981
Oracle선제,30,마포구,양천구,13.572725646595858,25.566050000000004,1.1310604705496548,347.00098251715207
Oracle선제,30,마포구,영등포구,31.310487034507133,20.758033333333334,2.609207252875594,649.9441335452002
Oracle선제,30,마포구,용산구,24.8003343928859,25.322049999999997,2.066694532740492,627.9953075133764
Oracle선제,30,마포구,은평구,9.73236408325595,22.261883333333333,0.8110303402713293,216.66075377896757
Oracle선제,30,마포구,종로구,21.75663543973025,28.247691666666668,1.813052953310855,614.5747296055729
Oracle선제,30,마포구,중구,17.776309542805336,28.673241666666666,1.4813591285671102,509.70441946233024
Oracle선제,30,서대문구,마포구,63.51900817461689,15.560275,5.2932506812180735,988.373234924287
Oracle선제,30,서대문구,영등포구,17.417432170789905,28.514666666666667,1.4514526808991584,496.6522725393505
Oracle선제,30,서대문구,용산구,25.114578648884105,27.568833333333338,2.0928815540736756,692.3796330079779
Oracle선제,30,서대문구,은평구,52.65796478391938,20.867966666666668,4.388163731993281,1098.864653845337
Oracle선제,30,서대문구,종로구,71.31203481098801,20.166549999999997,5.942669567582332,1438.1177156175302
Oracle선제,30,서대문구,중구,35.88933677936867,25.82038333333333,2.9907780649473903,926.6764332223976
Oracle선제,30,서초구,강남구,59.64660845744022,21.714441666666666,4.970550704786685,1295.1927999635923
Oracle선제,30,서초구,관악구,38.84753337137575,24.71916666666667,3.237294447614645,960.2786519959325
Oracle선제,30,서초구,동작구,23.5258628609322,24.317833333333333,1.960488571744349,572.0980120750057
Oracle선제,30,서초구,용산구,26.99659786634337,26.39955833333333,2.249716488861947,712.698260174074
Oracle선제,30,성동구,광진구,10.306517558727721,20.813166666666667,0.8588764632273098,214.5112677027265
Oracle선제,30,성동구,노원구,18.804436521611667,29.873900000000003,1.5670363768009712,561.7618562029749
Oracle선제,30,성동구,동대문구,18.58661300891933,16.00335833333333,1.5488844174099445,297.44822818473085
Oracle선제,30,성동구,성북구,11.428076697325698,23.11425,0.9523397247771418,264.1514218011605
Oracle선제,30,성동구,용산구,6.768164419654435,24.56341666666667,0.5640137016378692,166.2492427084801
Oracle선제,30,성동구,종로구,10.121313791578196,22.066325,0.8434428159648502,223.3401995519467
Oracle선제,30,성동구,중구,21.53011089147615,15.657333333333334,1.794175907623012,337.10412293147255
Oracle선제,30,성동구,중랑구,16.849071078125327,29.372833333333332,1.4040892565104433,494.9049565992622
Oracle선제,30,성북구,강북구,50.67424661209683,18.153808333333334,4.2228538843414025,919.930560432072
Oracle선제,30,성북구,노원구,56.212718725835735,23.014533333333333,4.684393227152979,1293.7094888730373
Oracle선제,30,성북구,동대문구,36.096494687179835,18.263666666666666,3.0080412239316523,659.2543468017567
Oracle선제,30,성북구,성동구,13.138465482643452,22.768241666666665,1.0948721235536207,299.1397572379844
Oracle선제,30,성북구,종로구,21.1198084365838,21.368550000000003,1.7599840363819836,451.2996825675628
Oracle선제,30,성북구,중랑구,15.49770281726399,24.96345,1.291475234771999,386.8761293936288
Oracle선제,30,송파구,강남구,50.724980344415236,18.524608333333333,4.227081695367936,939.660393596324
Oracle선제,30,송파구,강동구,39.71173502737871,22.319833333333335,3.309311252281559,886.3593071885883
Oracle선제,30,송파구,광진구,29.348003647515114,21.566,2.4456669706262604,632.919046662311
Oracle선제,30,양천구,강서구,116.81367273341755,22.902766666666665,9.734472727784796,2675.356290089824
Oracle선제,30,양천구,구로구,52.145230579129525,16.561558333333334,4.345435881594127,863.6062780413707
Oracle선제,30,양천구,금천구,16.109390691585173,27.973666666666666,1.3424492242987647,450.63872540950643
Oracle선제,30,양천구,동작구,22.372261553187222,29.805775,1.8643551294322684,666.8225940954488
Oracle선제,30,양천구,마포구,20.2701276521676,24.11991666666667,1.6891773043472997,488.91378979297815
Oracle선제,30,양천구,영등포구,30.542707878664693,19.560000000000002,2.5452256565553912,597.4153661066815
Oracle선제,30,영등포구,강서구,76.57152811044651,26.61638333333333,6.380960675870543,2038.0571446067531
Oracle선제,30,영등포구,관악구,75.14584392405246,24.46505,6.262153660337704,1838.4468288941396
Oracle선제,30,영등포구,구로구,41.102141065546874,19.61210833333333,3.4251784221289046,806.099643309454
Oracle선제,30,영등포구,금천구,24.4596671745617,27.179666666666666,2.038305597880143,664.8056005821956
Oracle선제,30,영등포구,동작구,55.25610885730535,16.988225,4.604675738108781,938.7032098923962
Oracle선제,30,영등포구,마포구,48.70734918444363,21.029525,4.058945765370302,1024.2924173579868
Oracle선제,30,영등포구,양천구,42.95993924833817,18.567133333333334,3.5799949373615143,797.6429200157947
Oracle선제,30,영등포구,용산구,40.04854525084067,24.7146,3.337378770903387,989.7837764564268
Oracle선제,30,용산구,관악구,10.749650520020609,29.670383333333334,0.8958042100017171,318.94625162837747
Oracle선제,30,용산구,동작구,8.406527819527172,19.465025,0.7005439849605981,163.63327417029188
Oracle선제,30,용산구,마포구,10.611552670147386,22.568266666666666,0.8842960558456148,239.4843504072649
Oracle선제,30,용산구,서대문구,12.21445297404019,23.416441666666664,1.0178710811700156,286.01902555685524
Oracle선제,30,용산구,서초구,11.12749031681803,26.443583333333333,0.9272908597348355,294.2507174836373
Oracle선제,30,용산구,성동구,16.466726401127108,22.265333333333334,1.3722272000939242,366.63715222989543
Oracle선제,30,용산구,영등포구,10.373886077722867,20.910899999999998,0.8644905064769048,216.92729438265508
Oracle선제,30,용산구,종로구,21.538046812681625,25.117549999999998,1.7948372343901355,540.9829677198713
Oracle선제,30,용산구,중구,21.01600035647003,19.266466666666666,1.7513333630391696,404.9040703345846
Oracle선제,30,은평구,마포구,64.7801970395916,22.569974999999996,5.398349753299299,1462.0874276786562
Oracle선제,30,은평구,서대문구,105.84261153760058,22.060283333333334,8.820217628133381,2334.9179992594045
Oracle선제,30,은평구,양천구,31.598718962207034,28.975608333333334,2.633226580183921,915.5921044839841
Oracle선제,30,종로구,강북구,22.957105612321378,29.80174166666667,1.913092134360116,684.1617308727853
Oracle선제,30,종로구,동대문구,27.627599284156634,27.216775,2.3022999403463857,751.9341535070521
Oracle선제,30,종로구,마포구,7.922826189877494,27.521216666666668,0.6602355158231252,218.04581618395966
Oracle선제,30,종로구,서대문구,42.019168061706175,19.161966666666665,3.501597338475514,805.1698977594782
Oracle선제,30,종로구,성동구,13.395868911906645,24.720333333333333,1.1163224093255535,331.15034479196953
Oracle선제,30,종로구,성북구,52.196918697103726,21.6947,4.349743224758645,1132.3964920580563
Oracle선제,30,종로구,용산구,9.154952387277094,28.37,0.7629126989397578,259.72599922705115
Oracle선제,30,종로구,중구,11.918109274901694,24.242783333333335,0.9931757729084747,288.9281408944322
Oracle선제,30,중구,동대문구,30.035260542724185,23.73966666666667,2.5029383785603474,713.027073530758
Oracle선제,30,중구,마포구,2.4963244873939554,29.42460833333333,0.2080270406161629,73.45337031447623
Oracle선제,30,중구,서대문구,20.347205227339476,23.04096666666667,1.6956004356116223,468.8192774029547
Oracle선제,30,중구,성동구,33.02859967031544,15.958,2.752383305859619,527.0703935388938
Oracle선제,30,중구,성북구,21.946477299015264,27.66916666666667,1.8288731082512708,607.2407381326699
Oracle선제,30,중구,영등포구,3.3547467564309326,29.26711666666667,0.2795622297025775,98.1837647075857
Oracle선제,30,중구,용산구,20.255772020221105,18.463216666666664,1.6879810016850927,373.9867075599466
Oracle선제,30,중구,종로구,14.873486500664741,22.101733333333335,1.2394572083887287,328.7298323746253
Oracle선제,30,중랑구,광진구,8.915611831626281,24.272750000000002,0.7429676526355239,216.40641708610684
Oracle선제,30,중랑구,노원구,112.06817530151525,18.242725,9.339014608459602,2044.428903277335
Oracle선제,30,중랑구,동대문구,38.33937760289341,19.364050000000002,3.1949481335744503,742.4056248713082
Oracle선제,30,중랑구,성북구,19.503431565698317,28.76795,1.6252859638081938,561.0737441104309
Oracle선제,45,강남구,강동구,19.57760522418839,30.22328333333333,1.6314671020156986,591.6995096787925
Oracle선제,45,강남구,관악구,11.299322371409811,43.348108333333336,0.9416101976174842,489.80425024912944
Oracle선제,45,강남구,광진구,9.76017970468859,30.71264166666667,0.8133483087240495,299.76090187237315
Oracle선제,45,강남구,노원구,78.21227488077646,43.12883333333333,6.517689573398039,3373.204167953861
Oracle선제,45,강남구,동대문구,15.286031627450587,37.42316666666667,1.273835968954216,572.0517092660212
Oracle선제,45,강남구,동작구,2.730699813058827,43.38625833333332,0.2275583177549022,118.47484752015528
Oracle선제,45,강남구,서초구,8.541642141445264,23.716166666666666,0.7118035117871051,202.57500863353945
Oracle선제,45,강남구,성동구,20.06458189541003,28.276674999999997,1.6720484912841682,567.3596612673933
Oracle선제,45,강남구,송파구,27.54510722756654,18.458716666666668,2.295425602297211,508.44732986660296
Oracle선제,45,강남구,용산구,10.090581434577848,33.97806666666666,0.8408817862148205,342.85844868951506
Oracle선제,45,강남구,종로구,10.628821015540169,43.856500000000004,0.8857350846283467,466.14288886803746
Oracle선제,45,강남구,중구,7.073690325056091,36.62116666666667,0.5894741937546754,259.04679234226666
Oracle선제,45,강동구,강남구,30.960923146383642,31.065975000000005,2.5800769288653034,961.8312644424757
Oracle선제,45,강동구,광진구,41.84087833617143,21.263475000000003,3.48673986134762,889.682470479223
Oracle선제,45,강동구,노원구,84.50937035807162,40.12925,7.042447529839298,3391.2976504416456
Oracle선제,45,강동구,동대문구,22.4264756827963,35.221333333333334,1.8688729735663578,789.8903755156628
Oracle선제,45,강동구,성동구,11.59540993811513,38.030833333333334,0.9662841615095933,440.9831027881335
Oracle선제,45,강동구,송파구,27.970610081141633,23.67438333333333,2.3308841734284695,662.1869451281448
Oracle선제,45,강동구,중구,8.972018147967379,44.42969166666667,0.7476681789972813,398.6239999419284
Oracle선제,45,강동구,중랑구,53.810545477920975,33.169333333333334,4.4842121231600816,1784.8599198056536
Oracle선제,45,강북구,광진구,3.074949626860229,41.378550000000004,0.2562458022383523,127.23695688251735
Oracle선제,45,강북구,노원구,25.15494154452942,21.465,2.096245128710784,539.9508202533241
Oracle선제,45,강북구,도봉구,26.670595694127492,15.908741666666668,2.222549641177291,424.29561699398664
Oracle선제,45,강북구,동대문구,10.27556998928679,26.560549999999996,0.8562974991072327,272.9247904789512
Oracle선제,45,강북구,서대문구,8.587178909792016,41.923449999999995,0.7155982424826679,360.00416566572005
Oracle선제,45,강북구,성동구,5.379791937839188,40.925,0.448315994819932,220.16798505606874
Oracle선제,45,강북구,성북구,13.68943955773311,18.413641666666667,1.1407866298110922,252.0724346335893
Oracle선제,45,강북구,은평구,1.6249496988297225,44.0774,0.1354124749024762,71.6235578551972
Oracle선제,45,강북구,종로구,11.673327315095673,31.900725,0.9727772762579727,372.3876045138554
Oracle선제,45,강북구,중구,2.1687306882125275,42.125,0.18072755735104357,91.35778024095272
Oracle선제,45,강북구,중랑구,7.567914586158769,33.49010833333333,0.6306595488465645,253.45027934787066
Oracle선제,45,강서구,구로구,28.10140211521955,38.321000000000005,2.341783509601629,1076.8738304573285
Oracle선제,45,강서구,동작구,14.632333113815857,38.724975,1.2193610928179872,566.6367340241912
Oracle선제,45,강서구,마포구,24.55181111816838,28.315825,2.0459842598473648,695.2047870551102
Oracle선제,45,강서구,서대문구,21.784745245292587,40.977549999999994,1.8153954371077157,892.6854875262392
Oracle선제,45,강서구,양천구,29.636686693846613,22.52545,2.469723891153884,667.5797042879071
Oracle선제,45,강서구,영등포구,28.924579598835276,28.07421666666667,2.4103816332362737,812.034914649948
Oracle선제,45,강서구,용산구,21.057430663038875,42.221716666666666,1.7547858885865724,889.0808711828062
Oracle선제,45,강서구,은평구,12.203448445327101,35.869775,1.0169540371105916,437.7349499579829
Oracle선제,45,관악구,강남구,49.42288757643942,42.88366666666666,4.118573964703286,2119.434636532169
Oracle선제,45,관악구,구로구,27.2044815336404,24.361575,2.267040127803367,662.7440172178956
Oracle선제,45,관악구,금천구,27.775071491532717,19.438299999999998,2.3145892909610595,539.9001721738604
Oracle선제,45,관악구,동작구,53.36516584814507,16.510616666666667,4.447097154012089,881.0917966718148
Oracle선제,45,관악구,마포구,18.152629822731093,36.97161666666667,1.512719151894258,671.1320712979153
Oracle선제,45,관악구,서초구,44.57001962611542,26.594749999999998,3.7141683021762826,1185.328529451633
Oracle선제,45,관악구,양천구,17.390157316476703,31.267833333333332,1.4491797763730583,543.7525406120408
Oracle선제,45,관악구,영등포구,37.817486088914116,23.91443333333333,3.1514571740761745,904.3837499075972
Oracle선제,45,관악구,용산구,17.859535810176467,31.011325,1.4882946508480377,553.8478693585207
Oracle선제,45,관악구,은평구,15.24573335449686,43.979283333333335,1.2704777795414048,670.4964268218679
Oracle선제,45,관악구,중구,24.03136632001872,36.87788333333334,2.002613860001558,886.2259234902464
Oracle선제,45,광진구,강남구,7.7315958583865125,28.8659,0.6442996548655431,223.17947288859924
Oracle선제,45,광진구,강동구,23.87674229833959,21.346725,1.9897285248616337,509.69025173852316
Oracle선제,45,광진구,강북구,5.791030671452694,38.52761666666667,0.48258588928772483,223.11460981463867
Oracle선제,45,광진구,노원구,26.72046214568292,27.969608333333333,2.22670517880691,747.3608607004109
Oracle선제,45,광진구,도봉구,7.808754838412061,39.87661666666667,0.650729569867672,311.3867233353364
Oracle선제,45,광진구,동대문구,11.693526905308351,20.317,0.9744605754423623,237.57738613514977
Oracle선제,45,광진구,동작구,2.6333892472897653,39.98028333333333,0.21944910394081318,105.28364823359821
Oracle선제,45,광진구,서초구,4.292230337501826,41.37778333333334,0.35768586145848613,177.60297692191077
Oracle선제,45,광진구,성동구,7.865402203668414,20.313383333333334,0.6554501836390347,159.77293003396125
Oracle선제,45,광진구,성북구,5.163681913706205,31.341975,0.43030682614218385,161.83998944733204
Oracle선제,45,광진구,송파구,35.727331183132335,20.769000000000002,2.977277598594363,742.0209413424756
Oracle선제,45,광진구,영등포구,5.54744431793708,41.27411666666667,0.46228702649475617,228.96586398037215
Oracle선제,45,광진구,용산구,4.033519584047531,34.0775,0.3361266320039609,137.45226362537974
Oracle선제,45,광진구,종로구,3.5627484611240394,36.430975000000004,0.2968957050936701,129.79440011849837
Oracle선제,45,광진구,중구,5.204620797412297,32.89830833333333,0.43371839978435867,171.22321975134895
Oracle선제,45,광진구,중랑구,14.635987558205052,23.3155,1.21966562985042,341.2453679133299
Oracle선제,45,구로구,강서구,30.46400809759868,35.28195,2.538667341466555,1074.8296104990718
Oracle선제,45,구로구,관악구,42.46126981458552,23.116116666666667,3.538439151215458,981.5396668487706
Oracle선제,45,구로구,금천구,17.034679629444426,21.0159,1.419556635787036,357.9991236244411
Oracle선제,45,구로구,동작구,11.82040047292103,26.465233333333334,0.9850333727434195,312.82965660929875
Oracle선제,45,구로구,마포구,13.57618447913439,31.67160833333333,1.131348706594532,429.9795974842234
Oracle선제,45,구로구,양천구,29.9521219244799,17.010550000000002,2.4960101603733253,509.50206760246164
Oracle선제,45,구로구,영등포구,23.02299000619298,18.7515,1.9185825005160804,431.7155971011277
Oracle선제,45,금천구,강서구,28.136354697342483,43.175775,2.3446962247785414,1214.8089197326522
Oracle선제,45,금천구,관악구,19.209484030889122,20.266166666666667,1.6007903359074263,389.30260495067074
Oracle선제,45,금천구,구로구,20.60038051876746,20.51225,1.7166983765639552,422.5601552960878
Oracle선제,45,금천구,동작구,4.2900784230296924,26.967475,0.3575065352524739,115.69258262109265
Oracle선제,45,금천구,마포구,7.357363275298696,42.673716666666664,0.6131136062748915,313.9660358238352
Oracle선제,45,금천구,양천구,12.495143964832426,27.716616666666667,1.0412619970693688,346.32311546807387
Oracle선제,45,금천구,영등포구,12.203164770925087,25.662583333333334,1.0169303975770911,313.16473286426265
Oracle선제,45,노원구,강동구,51.098884587579235,44.925666666666665,4.258240382298268,2295.6514560200553
Oracle선제,45,노원구,강북구,35.4261395932484,23.01438333333334,2.952178299437366,815.3107566191962
Oracle선제,45,노원구,광진구,11.917370196265539,35.62016666666667,0.9931141830221283,424.4987126193446
Oracle선제,45,노원구,도봉구,43.2933939020807,18.564666666666668,3.6077828251733903,803.7274266608275
Oracle선제,45,노원구,동대문구,51.40517578376778,27.870833333333334,4.283764648647315,1432.7050867400947
Oracle선제,45,노원구,성동구,35.282094608670604,37.325500000000005,2.9401745507225505,1316.9218223159348
Oracle선제,45,노원구,성북구,51.365506691617156,25.108999999999998,4.280458890968096,1289.7365075198152
Oracle선제,45,노원구,중랑구,46.360369462579484,20.25819166666667,3.8633641218816233,939.1772503104156
Oracle선제,45,도봉구,강북구,42.041264370594405,15.060066666666668,3.5034386975495324,633.1442441721098
Oracle선제,45,도봉구,광진구,3.9734063953781282,42.97978333333333,0.3311171996148441,170.77614596863293
Oracle선제,45,도봉구,노원구,48.10714786705293,17.494616666666666,4.008928988921078,841.616110860742
Oracle선제,45,도봉구,동대문구,11.791924643010837,34.36025,0.9826603869175705,405.1734787150131
Oracle선제,45,도봉구,성동구,7.488550414828639,41.530366666666666,0.624045867902386,311.00224452965216
Oracle선제,45,도봉구,성북구,13.79064221802656,30.620783333333335,1.149220184835547,422.2802673857108
Oracle선제,45,도봉구,종로구,6.922168579504637,44.96478333333334,0.5768473816253858,311.2538103742338
Oracle선제,45,도봉구,중랑구,17.57134200260601,33.424933333333335,1.4642785002171679,587.3209350143057
Oracle선제,45,동대문구,강남구,4.44255312657241,36.82341666666667,0.3702127605477009,163.58998484357858
Oracle선제,45,동대문구,강동구,16.696042187151946,34.728716666666664,1.391336848929328,579.8321185723136
Oracle선제,45,동대문구,강북구,8.050283329903053,28.16711666666667,0.670856944158588,226.75326975310114
Oracle선제,45,동대문구,광진구,9.846756170655489,21.610391666666665,0.8205630142212912,212.79225749403193
Oracle선제,45,동대문구,노원구,62.39732321711868,23.667525,5.199776934759892,1476.790207174237
Oracle선제,45,동대문구,도봉구,9.77000956815552,36.35055833333333,0.8141674640129601,355.14530272446206
Oracle선제,45,동대문구,마포구,2.774556564601688,41.371916666666664,0.23121304705014062,114.78872297765398
Oracle선제,45,동대문구,서대문구,6.729668495567306,42.55489166666666,0.5608057079639418,286.3803137814463
Oracle선제,45,동대문구,성동구,18.584009576622122,16.761933333333335,1.5486674647185106,311.5039295893683
Oracle선제,45,동대문구,성북구,27.088872836412335,17.708283333333334,2.257406069701027,479.69743536782664
Oracle선제,45,동대문구,송파구,7.9930334479015785,35.85409166666666,0.6660861206584656,286.5829539357959
Oracle선제,45,동대문구,영등포구,7.061577505259452,42.43216666666667,0.5884647921049545,299.63803363275326
Oracle선제,45,동대문구,용산구,4.506022013494828,35.97685833333333,0.3755018344579023,162.11251562638486
Oracle선제,45,동대문구,종로구,6.144894444628887,26.766716666666664,0.5120745370524075,164.47864854595542
Oracle선제,45,동대문구,중구,9.146583877084442,26.315833333333337,0.7622153230903702,240.69997687870804
Oracle선제,45,동대문구,중랑구,34.84065589033235,18.962666666666667,2.9033879908610296,660.6717440964089
Oracle선제,45,동작구,강남구,15.193275204372766,40.271,1.2661062670310645,611.8483857552957
Oracle선제,45,동작구,강동구,22.39639418214714,43.67916666666667,1.8663661818455966,978.2558342143686
Oracle선제,45,동작구,강서구,26.702925913276008,37.00055833333333,2.2252438261063325,988.0231679248471
Oracle선제,45,동작구,관악구,26.153341236078724,16.662033333333333,2.17944510300656,435.76784345358493
Oracle선제,45,동작구,광진구,19.130586436926137,33.822975,1.5942155364105117,647.0533467914918
Oracle선제,45,동작구,구로구,12.578707722750291,27.241441666666667,1.0482256435625237,342.66213267135157
Oracle선제,45,동작구,금천구,15.580491249711512,26.22005,1.298374270809293,408.52125959199833
Oracle선제,45,동작구,동대문구,15.799093441834694,40.32966666666667,1.3165911201528928,637.1721721447126
Oracle선제,45,동작구,마포구,11.981867296899262,30.197725,0.9984889414082718,361.82513361825727
Oracle선제,45,동작구,서대문구,13.554097079153834,38.78573333333333,1.1295080899294871,525.7055948861729
Oracle선제,45,동작구,서초구,23.704390921143013,21.908,1.9753659100952503,519.3157963004012
Oracle선제,45,동작구,성동구,17.234835218414123,37.02395,1.436236268201177,638.1016773848036
Oracle선제,45,동작구,양천구,10.260465616550027,27.872116666666667,0.8550388013791693,285.9808947188043
Oracle선제,45,동작구,영등포구,30.693061324513415,15.856416666666666,2.557755110376118,486.68196913703656
Oracle선제,45,동작구,용산구,16.71518347601431,19.213608333333333,1.3929319563345273,321.1589885279442
Oracle선제,45,동작구,은평구,3.0497971932617918,41.72566666666667,0.2541497661051494,127.25482108697712
Oracle선제,45,동작구,종로구,8.848790579681289,44.03283333333333,0.737399214973441,389.6373207966762
Oracle선제,45,동작구,중구,12.033397055426704,36.32171666666667,1.0027830879522253,437.07363838470974
Oracle선제,45,마포구,강서구,46.640377879787124,24.217716666666668,3.8866981566489276,1129.523456718952
Oracle선제,45,마포구,관악구,18.020917928672603,38.55052499999999,1.5017431607227176,694.7158471322413
Oracle선제,45,마포구,구로구,10.888169614725062,33.119975,0.9073474678937544,360.6159054354536
Oracle선제,45,마포구,금천구,5.791668899776888,38.73726666666666,0.48263907498140696,224.35342261569724
Oracle선제,45,마포구,동작구,7.660469553854451,32.0008,0.6383724628212046,245.1411540989855
Oracle선제,45,마포구,서대문구,42.18288682202972,17.863116666666667,3.515240568502476,753.5178286387128
Oracle선제,45,마포구,서초구,16.61284711334833,42.4231,1.3844039261123613,704.7684743742875
Oracle선제,45,마포구,성북구,26.794592170906885,33.37551666666667,2.232882680908908,894.283357576639
Oracle선제,45,마포구,양천구,10.533166528490517,25.566050000000004,0.8777638773742105,269.29146212571504
Oracle선제,45,마포구,영등포구,24.499025817366057,20.758033333333334,2.0415854847805037,508.55159455107855
Oracle선제,45,마포구,용산구,18.229621266088596,25.322049999999997,1.5191351055073818,461.6113811809587
Oracle선제,45,마포구,은평구,6.352252028392046,22.261883333333333,0.5293543356993367,141.41309355999374
Oracle선제,45,마포구,종로구,19.70035854718725,28.247691666666668,1.6416965455989365,556.4896539637267
Oracle선제,45,마포구,중구,17.066893666276307,28.673241666666666,1.4222411388563583,489.36316659244324
Oracle선제,45,서대문구,강서구,41.78604656186203,33.52816666666667,3.482170546821833,1401.009533467204
Oracle선제,45,서대문구,구로구,19.527069296891327,40.98708333333333,1.6272557747409433,800.3576165274595
Oracle선제,45,서대문구,동대문구,36.37002384256571,41.626333333333335,3.0308353202138094,1513.950735811921
Oracle선제,45,서대문구,동작구,9.51022795915038,40.25635833333333,0.7925189965958646,382.84714455524306
Oracle선제,45,서대문구,마포구,54.48067991104678,15.560274999999999,4.540056659253898,847.7343616028634
Oracle선제,45,서대문구,성북구,40.700254938398366,36.628775000000005,3.391687911533198,1490.8004805812327
Oracle선제,45,서대문구,양천구,16.226772027767574,32.522283333333334,1.3522310023139645,527.7316774724649
Oracle선제,45,서대문구,영등포구,14.578091159028862,28.514666666666663,1.2148409299190719,415.68941003598826
Oracle선제,45,서대문구,용산구,23.66775290568832,27.568833333333334,1.972312742140694,652.4923352314371
Oracle선제,45,서대문구,은평구,37.344664465032835,20.867966666666668,3.1120553720860693,779.3072132341564
Oracle선제,45,서대문구,종로구,54.5497667051387,20.166549999999997,4.545813892094892,1100.0805977475147
Oracle선제,45,서대문구,중구,30.1535678875446,25.820383333333332,2.512797323962049,778.5766817240917
Oracle선제,45,서초구,강남구,39.88748923967332,21.714441666666666,3.323957436639442,866.1345583246807
Oracle선제,45,서초구,강동구,16.57834582226177,41.281525,1.3815288185218142,684.3793975203448
Oracle선제,45,서초구,관악구,29.87858002565034,24.71916666666667,2.4898816688041947,738.5735994173884
Oracle선제,45,서초구,광진구,7.397577174354475,39.334775,0.6164647645295397,290.98203369836904
Oracle선제,45,서초구,금천구,8.441701286217405,40.24883333333334,0.7034751071847838,339.76862811875003
Oracle선제,45,서초구,노원구,63.00034029135795,42.6435,5.250028357613163,2686.555011214523
Oracle선제,45,서초구,동대문구,15.205239447235105,38.17383333333333,1.2671032872695913,580.4422764521782
Oracle선제,45,서초구,동작구,10.35961741355116,24.31783333333333,0.8633014511292629,251.9234496598348
Oracle선제,45,서초구,마포구,8.102060903978451,32.498583333333336,0.6751717419982051,263.30550145968573
Oracle선제,45,서초구,성동구,19.97371661111326,33.541775,1.664476384259438,669.9539084837235
Oracle선제,45,서초구,송파구,34.40610750366409,34.61933333333333,2.8671756253053404,1191.1165043718481
Oracle선제,45,서초구,영등포구,6.9481003949000035,36.42466666666667,0.5790083662416671,253.08224085076768
Oracle선제,45,서초구,용산구,18.128962112067857,26.39955833333333,1.5107468426723223,478.5965928003252
Oracle선제,45,서초구,종로구,7.013945668112496,43.45433333333333,0.5844954723427078,304.78633304404974
Oracle선제,45,서초구,중구,11.402224885075151,35.57758333333334,0.9501854070895966,405.6636060341683
Oracle선제,45,성동구,강남구,9.527823705355027,30.96895,0.7939853087795858,295.06669593995457
Oracle선제,45,성동구,강동구,10.467850182620309,35.2266,0.872320848551691,368.74677124309255
Oracle선제,45,성동구,강북구,3.284142750209684,38.9205,0.27367856251747386,127.820477909536
Oracle선제,45,성동구,광진구,4.299225636143188,20.813166666666667,0.3582688030119333,89.4804997026542
Oracle선제,45,성동구,노원구,21.58294170977239,29.8739,1.7985784758143657,644.7666423435693
Oracle선제,45,성동구,도봉구,7.054781655905543,37.623450000000005,0.5878984713254622,265.42522489187945
Oracle선제,45,성동구,동대문구,12.614030690642146,16.00335833333333,1.0511692242201784,201.8668531700104
Oracle선제,45,성동구,동작구,1.5422202714666051,37.017900000000004,0.12851835595555094,57.08975578712365
Oracle선제,45,성동구,서대문구,3.4789741660687694,39.08166666666667,0.28991451383906436,135.9641087002443
Oracle선제,45,성동구,서초구,5.874364592280215,34.87695,0.4895303826900184,204.87992016672746
Oracle선제,45,성동구,성북구,7.154124975978076,23.11425,0.5961770813315068,165.36223322600122
Oracle선제,45,성동구,송파구,7.317528421512595,35.57541666666667,0.6097940351260492,260.3241225654862
Oracle선제,45,성동구,영등포구,2.9310231100737543,43.975116666666665,0.24425192583947974,128.89208321818953
Oracle선제,45,성동구,용산구,5.220637408302126,24.56341666666667,0.4350531173585111,128.23669192571194
Oracle선제,45,성동구,종로구,7.876913416067295,22.066325,0.6564094513389407,173.81453143580114
Oracle선제,45,성동구,중구,10.095574720152808,15.657333333333334,0.841297893346067,158.0697785850059
Oracle선제,45,성동구,중랑구,15.215415905774952,29.372833333333332,1.2679513254812464,446.9198754976767
Oracle선제,45,성북구,강남구,8.981383073460924,43.43911666666667,0.7484485894550769,390.14334715609436
Oracle선제,45,성북구,강북구,40.40582019573883,18.153808333333334,3.367151682978235,733.519515384572
Oracle선제,45,성북구,광진구,2.2496864682320545,39.7277,0.1874738723526712,89.37486910398259
Oracle선제,45,성북구,노원구,55.0196071950845,23.014533333333333,4.584967266257042,1266.2505837781787
Oracle선제,45,성북구,도봉구,11.620202217891546,30.243091666666665,0.9683501848242954,351.4308408608973
Oracle선제,45,성북구,동대문구,28.145035676700267,18.263666666666666,2.3454196397250224,514.0315499206947
Oracle선제,45,성북구,마포구,5.146295182019982,37.42260833333333,0.4288579318349987,192.58778896445412
Oracle선제,45,성북구,서대문구,9.617630329604658,34.47671666666667,0.801469194133722,331.58431587851976
Oracle선제,45,성북구,성동구,10.532252378640477,22.768241666666665,0.8776876982200401,239.8008674512112
Oracle선제,45,성북구,영등포구,4.409583678523622,43.174949999999995,0.3674653065436352,190.38355484107342
Oracle선제,45,성북구,용산구,8.876686644826973,39.08506666666666,0.7397238870689147,346.9458892921719
Oracle선제,45,성북구,은평구,3.282789950221224,35.94996666666667,0.27356582918510153,118.01618928412134
Oracle선제,45,성북구,종로구,14.8821797365236,21.368550000000003,1.2401816447102998,318.0106018088914
Oracle선제,45,성북구,중구,8.940990488166374,31.576716666666666,0.745082540680531,282.32712336419127
Oracle선제,45,성북구,중랑구,13.878120157657113,24.96345,1.156510013138093,346.4457586496655
Oracle선제,45,송파구,강남구,38.465623204658534,18.524608333333333,3.2054686003882122,712.5606041638775
Oracle선제,45,송파구,강동구,34.112840325176926,22.319833333333335,2.8427366937647425,761.3929105845615
Oracle선제,45,송파구,광진구,26.227110248604195,21.566,2.185592520717016,565.6138596213981
Oracle선제,45,송파구,동대문구,28.52797731995499,36.824949999999994,2.377331443329582,1050.5413384084763
Oracle선제,45,송파구,서초구,24.326746465075253,37.06005,2.0272288720896037,901.550440333012
Oracle선제,45,송파구,성동구,16.28592081502658,33.772,1.3571600679188813,550.0081177650776
Oracle선제,45,송파구,성북구,22.76789237412041,43.52699166666666,1.8973243645100353,991.0178616359025
Oracle선제,45,송파구,용산구,9.372489412495847,38.813225,0.7810407843746539,363.7765403773192
Oracle선제,45,송파구,중랑구,42.68309412796391,40.621566666666666,3.5569245106636576,1733.8541536586945
Oracle선제,45,양천구,강서구,98.23446374460083,22.902766666666665,8.186205312050069,2249.841001767719
Oracle선제,45,양천구,관악구,43.6156652868309,33.56769166666666,3.6346387739025743,1464.0772041848759
Oracle선제,45,양천구,구로구,42.62853020262849,16.561558333333334,3.552377516885708,705.9948896150936
Oracle선제,45,양천구,금천구,18.062831828077993,27.973666666666666,1.5052359856731663,505.2836366147111
Oracle선제,45,양천구,동작구,21.082681597536777,29.805775000000004,1.7568901331280649,628.3856640928218
Oracle선제,45,양천구,마포구,20.69138528621091,24.11991666666667,1.724282107184242,499.0744888213
Oracle선제,45,양천구,서대문구,24.384213277269538,38.882783333333336,2.032017773105794,948.1260816138614
Oracle선제,45,양천구,영등포구,27.167192860367283,19.560000000000002,2.26393273836394,531.3902923487841
Oracle선제,45,양천구,용산구,24.988509213678313,33.821641666666665,2.0823757678065267,845.1524044092263
Oracle선제,45,양천구,은평구,16.367653928068048,31.27408333333334,1.3639711606723373,511.8833729175609
Oracle선제,45,영등포구,강서구,61.012720800631286,26.616383333333328,5.0843934000526065,1623.9379650392423
Oracle선제,45,영등포구,관악구,68.09911315378945,24.46505,5.67492609614912,1666.0482082631165
Oracle선제,45,영등포구,광진구,24.13125088987166,42.665216666666666,2.0109375741559723,1029.565047654067
Oracle선제,45,영등포구,구로구,34.4848068783543,19.61210833333333,2.873733906529524,676.319768352363
Oracle선제,45,영등포구,금천구,23.328883932729962,27.179666666666666,1.9440736610608298,634.0712889969561
Oracle선제,45,영등포구,동작구,45.318364058264486,16.988225,3.776530338188707,769.8785652537102
Oracle선제,45,영등포구,마포구,36.49307292579355,21.029525,3.041089410482796,767.4319894197986
Oracle선제,45,영등포구,서대문구,44.334110432357534,30.173916666666667,3.69450920269646,1337.7337536767536
Oracle선제,45,영등포구,서초구,21.138217281394404,39.45533333333334,1.7615181067828674,834.0154089098436
Oracle선제,45,영등포구,양천구,35.80936293630959,18.567133333333334,2.9841135780257995,664.877216220185
Oracle선제,45,영등포구,용산구,34.01135945359663,24.7146,2.834279954466386,840.5771443518594
Oracle선제,45,영등포구,은평구,14.612784317274638,32.44688333333333,1.2177320264395526,474.1393079177731
Oracle선제,45,영등포구,종로구,10.993717784969547,42.627833333333335,0.9161431487474616,468.6383694513844
Oracle선제,45,영등포구,중구,14.71526216515874,34.373666666666665,1.226271847096562,505.81751657777806
Oracle선제,45,용산구,강남구,7.018643139411584,36.84860833333333,0.5848869282842979,258.6272320756145
Oracle선제,45,용산구,강동구,21.63421506043667,37.17443333333333,1.8028512550363893,804.239685483199
Oracle선제,45,용산구,강서구,7.545803373359841,37.35885833333333,0.6288169477799861,281.90259923653906
Oracle선제,45,용산구,관악구,8.26997862215373,29.670383333333334,0.6891648851794779,245.37343587777298
Oracle선제,45,용산구,광진구,8.762621825718126,31.67938333333333,0.7302184854765108,277.5944558219577
Oracle선제,45,용산구,금천구,1.436013260672805,43.525616666666664,0.1196677717227339,62.50336271229459
Oracle선제,45,용산구,동대문구,6.916085355667389,33.97383333333333,0.5763404463056154,234.96593119255124
Oracle선제,45,용산구,동작구,4.9755121248677865,19.465025,0.4146260104056497,96.84846789835458
Oracle선제,45,용산구,마포구,6.659201375520097,22.56826666666667,0.5549334479600084,150.28663242977103
Oracle선제,45,용산구,서대문구,7.191413287991609,23.416441666666664,0.5992844406659674,168.39730975914702
Oracle선제,45,용산구,서초구,8.1021914686371,26.443583333333333,0.6751826223864243,214.25097528352754
Oracle선제,45,용산구,성동구,9.201117000498003,22.265333333333334,0.7667597500414997,204.8659370550882
Oracle선제,45,용산구,성북구,5.794498125506313,36.47716666666667,0.48287484379219264,211.36687387378137
Oracle선제,45,용산구,송파구,18.166177131124144,36.15103333333333,1.5138480942603443,656.7260750065066
Oracle선제,45,용산구,양천구,5.621901693968624,32.063358333333326,0.468491807830719,180.25704852848963
Oracle선제,45,용산구,영등포구,3.7180781570671866,20.9109,0.30983984642226514,77.74836053461624
Oracle선제,45,용산구,은평구,1.0927877690680796,40.025333333333336,0.09106564742234013,43.739194719539576
Oracle선제,45,용산구,종로구,9.663303008121845,25.11755,0.8052752506768202,242.71849647165087
Oracle선제,45,용산구,중구,6.20431954453157,19.266466666666666,0.5170266287109642,119.535315694066
Oracle선제,45,용산구,중랑구,13.745633563441563,39.580666666666666,1.1454694636201301,544.0613401967261
Oracle선제,45,은평구,강북구,83.07002600438089,41.12528333333332,6.92250216703174,3416.278355937531
Oracle선제,45,은평구,강서구,60.15760642748104,35.92699999999999,5.0131338689567535,2161.282326120111
Oracle선제,45,은평구,구로구,17.30423994608054,41.99788333333333,1.4420199955067108,726.7414504274967
Oracle선제,45,은평구,동작구,5.999668970516504,43.128166666666665,0.49997241420970884,258.7547233052642
Oracle선제,45,은평구,마포구,47.13542204802952,22.569975,3.927951837335792,1063.845297238475
Oracle선제,45,은평구,서대문구,83.05013900898516,22.060283333333334,6.920844917415429,1832.1095974109319
Oracle선제,45,은평구,성북구,51.64485763157632,40.629558333333335,4.303738135964694,2098.3077557588254
Oracle선제,45,은평구,양천구,29.021870302606533,28.975608333333337,2.418489191883878,840.9263469891251
Oracle선제,45,은평구,영등포구,26.59097646865569,32.17111666666666,2.215914705721306,855.4614062537102
Oracle선제,45,은평구,용산구,21.35092777258242,43.04866666666666,1.779243981048535,919.1289727059763
Oracle선제,45,은평구,종로구,70.08543282544123,35.62088333333334,5.840452735453437,2496.5050260412127
Oracle선제,45,은평구,중구,29.0425257956583,39.22471666666667,2.420210482971526,1139.1848456190548
Oracle선제,45,종로구,강북구,19.37222122205092,29.80174166666667,1.6143517685042432,577.3259323690793
Oracle선제,45,종로구,광진구,7.095371137051878,41.475975000000005,0.5912809280876564,294.2874358960853
Oracle선제,45,종로구,노원구,46.35265800710613,43.43438333333334,3.8627215005921767,2013.2991163995505
Oracle선제,45,종로구,도봉구,15.06613535906972,44.902775,1.2555112799224768,676.5112861478518
Oracle선제,45,종로구,동대문구,15.396306193933206,27.216775,1.2830255161611002,419.0378015113864
Oracle선제,45,종로구,마포구,6.583298961307086,27.521216666666664,0.5486082467755904,181.1803970955739
Oracle선제,45,종로구,서대문구,25.136346899296054,19.161966666666665,2.094695574941337,481.66184140608095
Oracle선제,45,종로구,서초구,11.912712991122492,43.089283333333334,0.9927260825935411,513.3102653431579
Oracle선제,45,종로구,성동구,11.017488900662588,24.720333333333333,0.9181240750552161,272.3559981206794
Oracle선제,45,종로구,성북구,25.791832911635716,21.694700000000005,2.1493194093029753,559.5460774680635
Oracle선제,45,종로구,영등포구,1.0546433902047088,44.53738333333333,0.08788694918372586,46.971056949513354
Oracle선제,45,종로구,용산구,5.0072602582609615,28.37,0.4172716881884127,142.05597352686348
Oracle선제,45,종로구,은평구,15.86128223379061,30.722666666666665,1.3217735194825506,487.30088697467096
Oracle선제,45,종로구,중구,4.902722810125899,24.24278333333334,0.40856023417715825,118.85564682927333
Oracle선제,45,종로구,중랑구,10.463356879349295,44.52461666666667,0.8719464066124425,465.87695409955694
Oracle선제,45,중구,강남구,12.567506010978763,39.62963333333333,1.0472921675815643,498.045655129551
Oracle선제,45,중구,강북구,22.37657699902908,38.57638333333333,1.8647147499190884,863.2074120023954
Oracle선제,45,중구,관악구,7.931904671804638,39.065,0.6609920559837197,309.85985600404814
Oracle선제,45,중구,광진구,3.8982191441557332,33.67261666666666,0.32485159534631114,131.2632389238174
Oracle선제,45,중구,노원구,19.41998091650762,42.679783333333326,1.6183317430423025,828.8405778540131
Oracle선제,45,중구,동대문구,15.363309597634466,23.739666666666665,1.280275799802873,364.71984874464295
Oracle선제,45,중구,동작구,3.037728908666626,33.68833333333333,0.25314407572221886,102.33602405146418
Oracle선제,45,중구,마포구,3.497213649850222,29.424608333333328,0.29143447082085217,102.9041419048299
Oracle선제,45,중구,서대문구,13.65533712365445,23.04096666666667,1.1379447603045376,314.6321674882181
Oracle선제,45,중구,서초구,8.822404350826776,31.746416666666665,0.7352003625688981,280.07972452315965
Oracle선제,45,중구,성동구,18.912813761474354,15.957999999999998,1.5760678134561967,301.8106820056077
Oracle선제,45,중구,성북구,12.403072750778154,27.66916666666667,1.0335893958981797,343.18268712007256
Oracle선제,45,중구,송파구,7.974868484903901,42.40656666666666,0.6645723737419922,338.1867920629762
Oracle선제,45,중구,영등포구,3.115314461839938,29.267116666666663,0.2596095384866616,91.17627180802333
Oracle선제,45,중구,용산구,6.39173143198279,18.463216666666664,0.5326442859985656,118.01192230384183
Oracle선제,45,중구,은평구,4.436405111496121,42.22658333333334,0.36970042595801056,187.33423014101695
Oracle선제,45,중구,종로구,10.082357854146531,22.101733333333335,0.8401964878455443,222.83758466358555
Oracle선제,45,중구,중랑구,12.26722120226819,38.878616666666666,1.0222684335223482,476.93259068819077
Oracle선제,45,중랑구,강동구,24.919250450900325,33.21576666666667,2.0766042042416935,827.7120084853333
Oracle선제,45,중랑구,강북구,18.266873877432722,32.374383333333334,1.5222394897860596,591.37877720966
Oracle선제,45,중랑구,광진구,6.934217525431756,24.272750000000002,0.5778514604526466,168.31252844042368
Oracle선제,45,중랑구,노원구,94.57212250355165,18.242725,7.881010208629304,1725.2532234986043
Oracle선제,45,중랑구,도봉구,19.352012351818257,30.7018,1.6126676959848554,594.1416128230537
Oracle선제,45,중랑구,동대문구,33.33129538197365,19.364050000000002,2.7776079484978053,645.4288703413071
Oracle선제,45,중랑구,성동구,8.510403403100385,33.119975,0.7092002835916986,281.86434795059967
Oracle선제,45,중랑구,성북구,16.9860718930969,28.767950000000003,1.4155059910914087,488.654466917017
Oracle선제,45,중랑구,송파구,10.775917801605964,40.402525,0.8979931501338306,435.37428837732995
Oracle선제,45,중랑구,종로구,5.698206411956693,44.48566666666667,0.47485053432972457,253.4885110401681
Oracle선제,60,강남구,강동구,16.89960290860847,30.22328333333333,1.4083002423840396,510.76148692769783
Oracle선제,60,강남구,강북구,6.650892935842547,52.40553333333334,0.5542410779868798,348.5435914457278
Oracle선제,60,강남구,강서구,4.630948431763323,59.58914166666667,0.3859123693136095,275.9542421513725
Oracle선제,60,강남구,관악구,10.365981542662045,43.348108333333336,0.8638317952218397,449.3456908926481
Oracle선제,60,강남구,광진구,9.225578826716589,30.71264166666667,0.7687982355597152,283.3418966725337
Oracle선제,60,강남구,금천구,5.073558026389091,51.377500000000005,0.4227965021990908,260.66672750080556
Oracle선제,60,강남구,노원구,50.221071633844716,43.12883333333333,4.185089302820392,2165.976228317483
Oracle선제,60,강남구,도봉구,17.176970926630034,50.341833333333334,1.4314142438858353,864.7202075599214
Oracle선제,60,강남구,동대문구,10.513401354357887,37.42316666666667,0.8761167795298245,393.44477111769424
Oracle선제,60,강남구,동작구,1.9369240619223598,43.38625833333334,0.1614103384935297,84.03588772261284
Oracle선제,60,강남구,마포구,3.8481197188730225,48.839083333333335,0.32067664323941913,187.9386396266828
Oracle선제,60,강남구,서대문구,5.369049161432011,54.04021666666666,0.447420763452667,290.14457997777083
Oracle선제,60,강남구,서초구,8.673838388321037,23.716166666666666,0.7228198656934199,205.7101968571531
Oracle선제,60,강남구,성동구,13.263225409533348,28.276674999999994,1.105268784127779,375.0399143571163
Oracle선제,60,강남구,성북구,8.439030580628847,47.228766666666665,0.7032525483857377,398.56500618538433
Oracle선제,60,강남구,송파구,22.03461611869665,18.458716666666668,1.8362180098913878,406.73073579378786
Oracle선제,60,강남구,영등포구,5.284816853287664,49.73161666666667,0.440401404440639,262.8224859012417
Oracle선제,60,강남구,용산구,8.392431293176593,33.97806666666666,0.6993692744313823,285.1585899749738
Oracle선제,60,강남구,종로구,8.97103046303763,43.8565,0.7475858719198021,393.4379975022098
Oracle선제,60,강남구,중구,5.316949137620422,36.62116666666667,0.4430790948017014,194.71288052698708
Oracle선제,60,강남구,중랑구,11.739589662486297,45.373666666666665,0.9782991385405236,532.668228149099
Oracle선제,60,강동구,강남구,25.78090860102199,31.065975,2.1484090500851662,800.9090620766342
Oracle선제,60,강동구,강북구,19.406216718006494,51.984116666666665,1.6171847265005408,1008.8150339274666
Oracle선제,60,강동구,광진구,35.48563259099999,21.263475,2.9571360492499985,754.5478614579135
Oracle선제,60,강동구,노원구,60.93815179740182,40.12925,5.078179316450151,2445.402328015887
Oracle선제,60,강동구,도봉구,17.59652997471629,59.585266666666676,1.466377497893024,1048.4939309514637
Oracle선제,60,강동구,동대문구,17.784868386722103,35.221333333333334,1.482072365560175,626.4067777382014
Oracle선제,60,강동구,동작구,5.305544879282871,52.085,0.4421287399402394,276.33930503744836
Oracle선제,60,강동구,마포구,3.3387863696948834,56.764358333333334,0.27823219747457373,189.5240658878095
Oracle선제,60,강동구,서초구,10.648759981879678,51.63739166666667,0.8873966651566392,549.8741899486472
Oracle선제,60,강동구,성동구,11.360766265969213,38.030833333333334,0.9467305221640999,432.0594084000308
Oracle선제,60,강동구,성북구,9.473937217498074,50.881049999999995,0.7894947681248397,482.04387326038034
Oracle선제,60,강동구,송파구,22.239014073469477,23.67438333333333,1.8532511727891228,526.4949441307111
Oracle선제,60,강동구,영등포구,7.2716977779055805,54.73806666666667,0.6059748148254642,398.03867774684755
Oracle선제,60,강동구,용산구,6.5498911322409,47.43253333333333,0.5458242610200753,310.6779294597209
Oracle선제,60,강동구,종로구,8.957374301439504,52.284275,0.7464478584532914,468.32982125439594
Oracle선제,60,강동구,중구,9.214646696285119,44.42969166666667,0.7678872246904269,409.4039115332165
Oracle선제,60,강동구,중랑구,42.43188205616145,33.169333333333334,3.5359901713467883,1407.4372398815044
Oracle선제,60,강북구,강남구,2.255232509746153,54.26441666666667,0.187936042478846,122.37887658907766
Oracle선제,60,강북구,강동구,6.243930982253923,54.45505000000001,0.5203275818544935,340.01357383518655
Oracle선제,60,강북구,강서구,3.592143846766114,57.84146666666667,0.2993453205638426,207.77486857459397
Oracle선제,60,강북구,광진구,2.693634655334473,41.378550000000004,0.22446955461120593,111.45869626749028
Oracle선제,60,강북구,노원구,22.94512515390489,21.465,1.9120937628254058,492.51711142856846
Oracle선제,60,강북구,도봉구,16.230086371469348,15.908741666666668,1.352507197622446,258.20025131139323
Oracle선제,60,강북구,동대문구,10.501213589520319,26.56055,0.8751011324600264,278.9180086051339
Oracle선제,60,강북구,마포구,3.5911717329547654,48.85480833333334,0.29926431107956336,175.4460067055896
Oracle선제,60,강북구,서대문구,4.272856522896104,41.92345,0.35607137690800816,179.13288679480868
Oracle선제,60,강북구,성동구,5.222713213244563,40.925,0.4352261011037134,213.73953825203373
Oracle선제,60,강북구,성북구,12.442435775359069,18.413641666666667,1.0368696479465889,229.11055382797574
Oracle선제,60,강북구,송파구,8.596602929205803,52.64105000000001,0.7163835774338162,452.5342046264692
Oracle선제,60,강북구,양천구,3.7903314360831506,53.707225,0.31586095300692985,203.5681832622909
Oracle선제,60,강북구,영등포구,3.267338770426741,53.42171666666666,0.27227823086889547,174.54684604775238
Oracle선제,60,강북구,용산구,3.3611574126021733,52.741299999999995,0.2800964510501812,177.27181144527498
Oracle선제,60,강북구,은평구,1.1027445440430352,44.0774,0.09189537867025288,48.60611236560248
Oracle선제,60,강북구,종로구,11.0629357468989,31.900725,0.9219113122415754,352.9156709544914
Oracle선제,60,강북구,중구,2.071052526995687,42.125,0.1725877105829735,87.24308769969332
Oracle선제,60,강북구,중랑구,7.2420821640303,33.49010833333333,0.6035068470025242,242.53811623227585
Oracle선제,60,강서구,강북구,30.733623416805095,58.089616666666664,2.561135284733758,1785.304403059898
Oracle선제,60,강서구,관악구,19.901533881588925,45.58276666666666,1.658461156799077,907.1669752332288
Oracle선제,60,강서구,구로구,28.069578239088703,38.321000000000005,2.3391315199240577,1075.6543077001184
Oracle선제,60,강서구,금천구,10.388062825606951,46.08421666666666,0.8656719021339123,478.72573800221625
Oracle선제,60,강서구,도봉구,28.878492380753773,59.23471666666668,2.4065410317294798,1710.6093139344423
Oracle선제,60,강서구,동대문구,21.58275286261843,57.523241666666664,1.7985627385515353,1241.5099087483418
Oracle선제,60,강서구,동작구,13.003185625429682,38.724975,1.0835988021191394,503.5480382651238
Oracle선제,60,강서구,마포구,24.21489375876226,28.315825,2.0179078132301878,685.6646940667043
Oracle선제,60,강서구,서대문구,19.462804664318323,40.977549999999994,1.6219003886931942,797.5380512723372
Oracle선제,60,강서구,서초구,16.383666429101325,53.78771666666666,1.3653055357584418,881.2400078496804
Oracle선제,60,강서구,성동구,9.43566036447197,58.864916666666666,0.7863050303726637,555.4293610496121
Oracle선제,60,강서구,성북구,12.759793513475442,51.440000000000005,1.0633161261229531,656.3637783331768
Oracle선제,60,강서구,양천구,25.096660401302152,22.52545,2.091388366775179,565.3135690365116
Oracle선제,60,강서구,영등포구,25.293399347331984,28.074216666666665,2.107783278944333,710.0923735135233
Oracle선제,60,강서구,용산구,16.241105037167387,42.221716666666666,1.353425419763949,685.7273352328542
Oracle선제,60,강서구,은평구,10.7947929422897,35.869775000000004,0.8995660785241425,387.20679401151955
Oracle선제,60,강서구,종로구,17.975141558658,52.7067,1.4979284632214993,947.4103935897195
Oracle선제,60,강서구,중구,8.765917527199306,55.012225,0.7304931272666089,482.23262733773186
Oracle선제,60,관악구,강남구,36.49863054488517,42.88366666666666,3.0415525454070966,1565.1951060766737
Oracle선제,60,관악구,강동구,32.125679848866525,53.835,2.6771399874055426,1729.4859746637294
Oracle선제,60,관악구,강서구,25.719758104154586,46.952,2.143313175346216,1207.594082506266
Oracle선제,60,관악구,광진구,6.510177818762876,57.59506666666667,0.5425148182302396,374.9541254835024
Oracle선제,60,관악구,구로구,21.80131056135563,24.361575,1.8167758801129703,531.1142623387573
Oracle선제,60,관악구,금천구,20.427562958220896,19.438299999999998,1.702296913185075,397.0770970507852
Oracle선제,60,관악구,노원구,46.74460926332175,57.494749999999996,3.8953841052768117,2687.569623442368
Oracle선제,60,관악구,동대문구,10.99688417391869,50.335233333333335,0.9164070144932241,553.5307308338379
Oracle선제,60,관악구,동작구,41.15627718545508,16.510616666666667,3.42968976545459,679.5155160361278
Oracle선제,60,관악구,마포구,15.305098526981702,36.97161666666667,1.2754248772484755,565.8542357851322
Oracle선제,60,관악구,서대문구,12.029590950855537,49.02995,1.0024659125712951,589.8102428408995
Oracle선제,60,관악구,서초구,29.300233501664387,26.594749999999994,2.4416861251386983,779.2323849183888
Oracle선제,60,관악구,성동구,12.943991317150418,46.04311666666667,1.0786659430958672,595.9817023478771
Oracle선제,60,관악구,송파구,27.777772197542888,49.4588,2.31481434979524,1373.855279563834
Oracle선제,60,관악구,양천구,15.886756912969206,31.267833333333336,1.3238964094141,496.74446736190237
Oracle선제,60,관악구,영등포구,31.104050145347593,23.914433333333328,2.5920041787789643,743.8357335975718
Oracle선제,60,관악구,용산구,12.959898408482399,31.011325,1.0799915340401995,401.90362151243045
Oracle선제,60,관악구,은평구,11.001667185216345,43.979283333333335,0.9168055987680289,483.84543827766544
Oracle선제,60,관악구,종로구,16.140911023733054,53.60622499999999,1.3450759186444199,865.2533080432142
Oracle선제,60,관악구,중구,12.879241424616545,36.87788333333332,1.0732701187180458,474.9591626788426
Oracle선제,60,관악구,중랑구,22.16398692036654,53.98976666666666,1.8469989100305453,1196.6284822336413
Oracle선제,60,광진구,강남구,7.301921518167454,28.8659,0.6084934598472878,210.7765363512699
Oracle선제,60,광진구,강동구,23.07368044944902,21.346725,1.9228067041207517,492.54751129226463
Oracle선제,60,광진구,강북구,5.635883670052157,38.52761666666667,0.46965697250434624,217.13716561769598
Oracle선제,60,광진구,강서구,1.8690113547919585,58.860699999999994,0.15575094623266333,110.01131665100301
Oracle선제,60,광진구,관악구,4.529520010633297,56.09538333333333,0.37746000088610737,254.08516131247885
Oracle선제,60,광진구,노원구,22.908696411586764,27.969608333333333,1.9090580342988968,640.7472660593206
Oracle선제,60,광진구,도봉구,7.979267564865149,39.87661666666667,0.6649389637387627,318.1861939648944
Oracle선제,60,광진구,동대문구,12.005632802861946,20.317,1.0004694002384948,243.91844165574616
Oracle선제,60,광진구,동작구,2.8024827024799044,39.98028333333333,0.23354022520665918,112.04405248191227
Oracle선제,60,광진구,마포구,1.8482821191838885,50.23883333333333,0.15402350993199065,92.8555373386595
Oracle선제,60,광진구,서대문구,4.430161578489591,45.57816666666667,0.3691801315407996,201.91864278466167
Oracle선제,60,광진구,서초구,5.104099980941769,41.37778333333333,0.42534166507848076,211.19634312307932
Oracle선제,60,광진구,성동구,9.075887656029403,20.313383333333334,0.7563239713357838,184.36198504719343
Oracle선제,60,광진구,성북구,7.375906733366826,31.341975,0.6146588944472346,231.17548443951472
Oracle선제,60,광진구,송파구,30.807845466725457,20.769000000000002,2.5673204555604556,639.8481424984211
Oracle선제,60,광진구,영등포구,4.174791244263378,41.27411666666667,0.34789927035528145,172.3108208747052
Oracle선제,60,광진구,용산구,4.259604945353005,34.0775,0.3549670787794171,145.15668752526705
Oracle선제,60,광진구,은평구,1.149938140824661,48.387550000000005,0.09582817840205538,55.642689286060325
Oracle선제,60,광진구,종로구,4.255317132025472,36.430975000000004,0.3546097610021231,155.02535205389168
Oracle선제,60,광진구,중구,5.939867498895552,32.89830833333333,0.4949889582412952,195.41159243781135
Oracle선제,60,광진구,중랑구,10.984456143116615,23.3155,0.9153713452597182,256.10808720483544
Oracle선제,60,구로구,강서구,28.723040507302624,35.28195,2.3935867089418834,1013.4048790266258
Oracle선제,60,구로구,관악구,35.89820070932505,23.116116666666667,2.991516725777087,829.8269957201741
Oracle선제,60,구로구,금천구,14.380932233140713,21.0159,1.1984110194283923,302.2282337184619
Oracle선제,60,구로구,동대문구,12.93243840413623,59.471475,1.0777032003446863,769.1111872406276
Oracle선제,60,구로구,동작구,15.039167735617344,26.465233333333334,1.253263977968112,398.0150832622513
Oracle선제,60,구로구,마포구,17.795245112860506,31.67160833333333,1.482937092738375,563.6040334101821
Oracle선제,60,구로구,서대문구,9.928593677147335,46.43210833333333,0.8273828064289446,461.0055372149534
Oracle선제,60,구로구,서초구,13.62163629916248,53.50881666666667,1.1351363582635405,728.877639431897
Oracle선제,60,구로구,성북구,15.835023515650642,58.93783333333333,1.3195852929708876,933.2819767948315
Oracle선제,60,구로구,양천구,28.416870594699702,17.010550000000002,2.368072549558308,483.38659809466907
Oracle선제,60,구로구,영등포구,21.79956175519383,18.7515,1.8166301462661518,408.77448225251715
Oracle선제,60,구로구,용산구,11.813476456982453,55.743633333333335,0.9844563714152048,658.5261000099956
Oracle선제,60,구로구,은평구,6.339456310780879,45.30733333333334,0.5282880258984064,287.2238602246529
Oracle선제,60,구로구,중구,11.572194049247717,57.689949999999996,0.9643495041039781,667.5992960913983
Oracle선제,60,금천구,강남구,17.83409251520516,48.10071666666667,1.4861743762670978,857.8326310810041
Oracle선제,60,금천구,강서구,26.35826739879449,43.175775,2.196522283232875,1138.038622600186
Oracle선제,60,금천구,관악구,12.384566928632408,20.266166666666667,1.0320472440527002,250.98769747015248
Oracle선제,60,금천구,광진구,15.375764765453251,59.866775000000004,1.2813137304544384,920.4974496663176
Oracle선제,60,금천구,구로구,19.03117330927885,20.51225,1.5859311091065704,390.3721847132551
Oracle선제,60,금천구,동작구,7.120509398223874,26.967475,0.5933757831853218,192.02215918386736
Oracle선제,60,금천구,마포구,11.49297539721597,42.673716666666664,0.9577479497679979,490.44797575776505
Oracle선제,60,금천구,서대문구,5.450608178716774,51.82738333333334,0.4542173482263968,282.4907594781561
Oracle선제,60,금천구,서초구,17.73105414349957,46.13585833333334,1.47758784529163,818.0374020651592
Oracle선제,60,금천구,양천구,11.4398639008785,27.71661666666667,0.9533219917398755,317.0743224594874
Oracle선제,60,금천구,영등포구,16.94022114683563,25.662583333333334,1.4116850955696365,434.7298368657649
Oracle선제,60,금천구,용산구,7.938320195864039,51.104974999999996,0.6615266829886707,405.68765515162676
Oracle선제,60,금천구,은평구,7.216983748684438,54.738550000000004,0.6014153123903693,395.0472257765506
Oracle선제,60,금천구,중구,8.831765686283942,56.04641666666667,0.7359804738569946,494.9888195558392
Oracle선제,60,노원구,강남구,12.381008933271755,49.0732,1.0317507444393128,607.5757275842315
Oracle선제,60,노원구,강동구,51.37545047495299,44.925666666666665,4.281287539579415,2308.0763628875798
Oracle선제,60,노원구,강북구,34.052470129348805,23.014383333333335,2.8377058441124006,783.6966010037164
Oracle선제,60,노원구,광진구,10.760790777667403,35.62016666666667,0.8967325648056161,383.3011609656425
Oracle선제,60,노원구,도봉구,35.57348270486994,18.56466666666667,2.9644568920724947,660.4098485883422
Oracle선제,60,노원구,동대문구,49.1722553573055,27.870833333333334,4.097687946442125,1370.4717336875688
Oracle선제,60,노원구,동작구,15.079966950538166,53.38633333333333,1.2566639125448467,805.0641422770807
Oracle선제,60,노원구,서대문구,37.40990641189673,57.63883333333334,3.1174922009913932,2156.2633606909135
Oracle선제,60,노원구,성동구,34.237946631446654,37.325500000000005,2.853162219287221,1277.9484769920623
Oracle선제,60,노원구,성북구,48.96752467663977,25.108999999999998,4.080627056386647,1229.525577105748
Oracle선제,60,노원구,송파구,53.11704488400727,56.8815,4.426420407000605,3021.3771885696597
Oracle선제,60,노원구,용산구,40.28829507169756,50.29032499999999,3.357357922641463,2026.1114528515682
Oracle선제,60,노원구,은평구,16.4697572648436,54.38983333333333,1.3724797720703001,895.7873526752992
Oracle선제,60,노원구,종로구,19.035485519521554,46.327999999999996,1.586290459960129,881.8759731483945
Oracle선제,60,노원구,중구,35.086602281107446,53.914391666666674,2.9238835234256206,1891.6728176361871
Oracle선제,60,노원구,중랑구,42.381670491660955,20.25819166666667,3.5318058743050798,858.5760039735786
Oracle선제,60,도봉구,강남구,11.098852930498492,54.03661666666667,0.9249044108748746,599.744461245057
Oracle선제,60,도봉구,강동구,13.264339760411534,57.29606666666667,1.1053616467009615,759.9944952018567
Oracle선제,60,도봉구,강북구,35.811448749354135,15.060066666666668,2.98428739577951,539.32280559519
Oracle선제,60,도봉구,광진구,4.276067189216635,42.97978333333332,0.35633893243472026,183.78444131130658
Oracle선제,60,도봉구,노원구,40.57877360285523,17.494616666666666,3.381564466904603,709.9100889854044
Oracle선제,60,도봉구,동대문구,8.612838541235188,34.36025,0.7177365451029322,295.93928548647636
Oracle선제,60,도봉구,마포구,6.1079851333518285,52.48595000000001,0.5089987611126515,320.5834023098475
Oracle선제,60,도봉구,서대문구,4.490722206975425,56.57261666666667,0.3742268505812861,254.05190597170807
Oracle선제,60,도봉구,성동구,7.062616131866116,41.530366666666666,0.5885513443221759,293.3130375823148
Oracle선제,60,도봉구,성북구,13.335505697366685,30.620783333333335,1.1112921414472237,408.34363059949754
Oracle선제,60,도봉구,송파구,6.5403505146859775,58.25345,0.545029209557165,380.9979816897339
Oracle선제,60,도봉구,용산구,5.661888141408101,51.66988333333334,0.47182401178400823,292.54909971294006
Oracle선제,60,도봉구,은평구,1.2915704277440472,54.61994166666666,0.1076308689786708,70.54550142177156
Oracle선제,60,도봉구,종로구,7.019493009640652,44.96478333333334,0.5849577508033879,315.6299822883398
Oracle선제,60,도봉구,중구,3.5583274440608372,56.38778333333333,0.29652728700507003,200.64619694475627
Oracle선제,60,도봉구,중랑구,13.00299404836769,33.424933333333335,1.0835828373639735,434.6242092004202
Oracle선제,60,동대문구,강남구,5.2221709413106305,36.82341666666667,0.4351809117758859,192.29817647644023
Oracle선제,60,동대문구,강동구,19.07411990240656,34.728716666666664,1.5895099918672142,662.4197057567051
Oracle선제,60,동대문구,강북구,10.571828868099985,28.16711666666667,0.8809857390083318,297.7779371078069
Oracle선제,60,동대문구,강서구,8.222465066703341,56.34321666666666,0.6852054222252784,463.2801307873641
Oracle선제,60,동대문구,광진구,10.574600146302016,21.610391666666665,0.8812166788585014,228.52125087997717
Oracle선제,60,동대문구,노원구,52.967999583901886,23.667525,4.413999965325157,1253.6214543519875
Oracle선제,60,동대문구,도봉구,10.764900099015797,36.35055833333333,0.8970750082513161,391.3101290017795
Oracle선제,60,동대문구,동작구,0.5647522718709918,49.957033333333335,0.047062689322582396,28.213348070934867
Oracle선제,60,동대문구,마포구,1.2860723755762524,41.371916666666664,0.10717269796468681,53.207279149642744
Oracle선제,60,동대문구,서대문구,5.4686701269317775,42.55489166666666,0.4557225105776485,232.71866481231802
Oracle선제,60,동대문구,서초구,6.420518567664092,46.29071666666667,0.5350432139720077,297.210405868811
Oracle선제,60,동대문구,성동구,16.241649023383374,16.761933333333335,1.3534707519486144,272.2414381533506
Oracle선제,60,동대문구,성북구,26.646501801696633,17.708283333333334,2.2205418168080517,471.86380374662116
Oracle선제,60,동대문구,송파구,9.316906083583024,35.85409166666666,0.7764088402985856,334.04920477051
Oracle선제,60,동대문구,영등포구,5.854876711239648,42.43216666666667,0.48790639260330426,248.43510442410593
Oracle선제,60,동대문구,용산구,4.661460798991834,35.97685833333333,0.3884550665826527,167.70471479171604
Oracle선제,60,동대문구,은평구,2.74724597387591,46.42771666666667,0.2289371644896595,127.5483576887515
Oracle선제,60,동대문구,종로구,5.900454074265644,26.766716666666664,0.4917045061888031,157.93578241054743
Oracle선제,60,동대문구,중구,8.852419497427489,26.315833333333337,0.7377016247856241,232.95879609105225
Oracle선제,60,동대문구,중랑구,31.571657333864426,18.962666666666667,2.6309714444887002,598.6828141362931
Oracle선제,60,동작구,강남구,14.596232974769984,40.271,1.2163527478974987,587.804898126962
Oracle선제,60,동작구,강동구,20.68792948740072,43.67916666666667,1.7239941239500596,903.6315200684239
Oracle선제,60,동작구,강서구,22.142200527610882,37.00055833333333,1.845183377300907,819.2737822502305
Oracle선제,60,동작구,관악구,22.37703078705182,16.662033333333333,1.8647525655876518,372.84683287488366
Oracle선제,60,동작구,광진구,11.647131561614879,33.822975,0.9705942968012404,393.940639630211
Oracle선제,60,동작구,구로구,15.287588958321836,27.241441666666667,1.2739657465268186,416.4559628321017
Oracle선제,60,동작구,금천구,14.707895650955729,26.22005,1.2256579709129773,385.64175936284175
Oracle선제,60,동작구,노원구,19.988804790130278,46.6861,1.6657337325108565,933.1993393125013
Oracle선제,60,동작구,도봉구,14.931827484733857,56.394549999999995,1.2443189570611546,842.0736916791976
Oracle선제,60,동작구,동대문구,10.057043493854081,40.32966666666667,0.8380869578211732,405.59721175930383
Oracle선제,60,동작구,마포구,11.182361666131738,30.197725,0.9318634721776455,337.681882444388
Oracle선제,60,동작구,서대문구,10.38996349809143,38.78573333333333,0.8658302915076184,402.9823535800413
Oracle선제,60,동작구,서초구,20.112592220992486,21.908,1.676049351749374,440.6266703775034
Oracle선제,60,동작구,성동구,8.239321330887346,37.02395,0.6866101109072789,305.05222098870655
Oracle선제,60,동작구,성북구,4.917832302435242,47.10983333333334,0.40981935853627044,231.6782601290072
Oracle선제,60,동작구,송파구,13.940246157860855,46.665475,1.161687179821738,650.5282085735018
Oracle선제,60,동작구,양천구,10.73190943994166,27.872116666666667,0.894325786661805,299.1210319661553
Oracle선제,60,동작구,영등포구,30.371286772980458,15.856416666666666,2.530940564415038,481.5797777752002
Oracle선제,60,동작구,용산구,14.086641448911347,19.213608333333333,1.1738867874092795,270.6552115314818
Oracle선제,60,동작구,은평구,2.8676762376496847,41.72566666666667,0.2389730198041402,119.65570280009153
Oracle선제,60,동작구,종로구,6.31180563377366,44.03283333333333,0.5259838028144725,277.9266855043499
Oracle선제,60,동작구,중구,9.937360224563733,36.32171666666667,0.8281133520469774,360.94198249120694
Oracle선제,60,동작구,중랑구,7.625836464760379,49.043908333333334,0.6354863720633658,374.00082454269875
Oracle선제,60,마포구,강남구,7.4802799998819385,54.234950000000005,0.6233566666568281,405.692611779597
Oracle선제,60,마포구,강동구,12.695507957891769,56.16061666666667,1.0579589964909806,712.9875558117758
Oracle선제,60,마포구,강북구,14.655838294136723,46.140499999999996,1.2213198578447262,676.2277068106154
Oracle선제,60,마포구,강서구,41.201119113349215,24.217716666666668,3.433426592779103,997.7970290366759
Oracle선제,60,마포구,관악구,10.522016181484002,38.55052499999999,0.8768346817903332,405.62924785470346
Oracle선제,60,마포구,광진구,4.106757118818058,53.5697,0.34222975990150484,219.99774682794768
Oracle선제,60,마포구,구로구,12.934699495673948,33.119975,1.0778916246394958,428.3969239292337
Oracle선제,60,마포구,금천구,4.537411339139062,38.73726666666666,0.37811761159492124,175.76691302058694
Oracle선제,60,마포구,노원구,15.368641726375646,56.68856666666667,1.2807201438646376,871.226271081761
Oracle선제,60,마포구,도봉구,11.003303311439259,55.09678333333333,0.9169419426199389,606.2466185013179
Oracle선제,60,마포구,동대문구,10.722182787952258,48.790166666666664,0.8935152323293556,523.1370852546553
Oracle선제,60,마포구,동작구,8.552376854143764,32.0008,0.7126980711786467,273.6829012340838
Oracle선제,60,마포구,서대문구,32.35255836331886,17.863116666666667,2.696046530276572,577.9175245091072
Oracle선제,60,마포구,서초구,12.137219515372813,42.4231,1.0114349596144006,514.8984772226123
Oracle선제,60,마포구,성동구,4.324491612617694,47.17885833333334,0.3603743010514746,204.02457715537844
Oracle선제,60,마포구,성북구,15.062261515876719,33.37551666666667,1.255188459656394,502.7107602608354
Oracle선제,60,마포구,송파구,10.72725971907429,57.103283333333344,0.893938309922858,612.561751128553
Oracle선제,60,마포구,양천구,10.376296659038228,25.566050000000004,0.8646913882531856,265.2809191998043
Oracle선제,60,마포구,영등포구,21.66851163781184,20.758033333333334,1.805709303150987,449.7956868614194
Oracle선제,60,마포구,용산구,13.722239629028518,25.322049999999994,1.1435199690857094,347.4752379982415
Oracle선제,60,마포구,은평구,4.516072683817793,22.261883333333333,0.3763393903181485,100.53628321200526
Oracle선제,60,마포구,종로구,12.657297495364915,28.247691666666665,1.0547747912804089,357.53943698234036
Oracle선제,60,마포구,중구,10.54866825815302,28.673241666666666,0.8790556881794185,302.46451422751727
Oracle선제,60,마포구,중랑구,12.061121009642937,52.98875,1.005093417470246,639.1037258997172
Oracle선제,60,서대문구,강북구,20.044688797296608,45.436416666666666,1.6703907331080516,910.7588321476342
Oracle선제,60,서대문구,강서구,34.99919878105475,33.52816666666667,2.9165998984212287,1173.4589699310006
Oracle선제,60,서대문구,관악구,14.36328517447334,47.84295,1.1969404312061123,687.1819344380693
Oracle선제,60,서대문구,광진구,8.142158491794529,48.7072,0.6785132076495433,396.58174209153447
Oracle선제,60,서대문구,구로구,18.466226298135258,40.98708333333333,1.5388521915112707,756.8767561338612
Oracle선제,60,서대문구,금천구,8.942221017087293,47.8315,0.7451850847572743,427.71984457881086
Oracle선제,60,서대문구,노원구,48.43293319975905,53.24366666666667,4.036077766646588,2578.7469509769044
Oracle선제,60,서대문구,도봉구,19.908981457436177,55.611558333333335,1.6590817881196818,1107.1694836774636
Oracle선제,60,서대문구,동대문구,16.71215873933924,41.626333333333335,1.3926798949449362,695.6658904033151
Oracle선제,60,서대문구,동작구,6.316237551782969,40.25635833333333,0.526353129315247,254.26872220303125
Oracle선제,60,서대문구,마포구,47.555161465370425,15.560275,3.962930122114201,739.9713900705668
Oracle선제,60,서대문구,서초구,11.016105075455615,53.11855,0.9180087562879681,585.1595282558428
Oracle선제,60,서대문구,성동구,9.51838741427223,46.03188333333333,0.793198951189353,438.1492989752476
Oracle선제,60,서대문구,성북구,21.9614636674893,36.628775000000005,1.8301219722907753,804.4215113471405
Oracle선제,60,서대문구,양천구,16.35098791692545,32.522283333333334,1.362582326410454,531.7714618141594
Oracle선제,60,서대문구,영등포구,12.795602422722006,28.514666666666667,1.0663002018935006,364.8623378831104
Oracle선제,60,서대문구,용산구,16.792187790347416,27.568833333333334,1.3993489825289513,462.94102649412287
Oracle선제,60,서대문구,은평구,29.021953841388953,20.867966666666668,2.4184961534490794,605.6291653636433
Oracle선제,60,서대문구,종로구,41.90542199734599,20.166549999999997,3.4921184997788326,845.0877879805777
Oracle선제,60,서대문구,중구,23.228461258434738,25.820383333333336,1.935705104869562,599.7677739362674
Oracle선제,60,서대문구,중랑구,21.20958728320675,51.759883333333335,1.7674656069338972,1097.8057633269318
Oracle선제,60,서초구,강남구,32.663537393571424,21.714441666666666,2.7219614494642843,709.270477359692
Oracle선제,60,서초구,강동구,18.89353782580777,41.281525,1.5744614854839802,779.954054094529
Oracle선제,60,서초구,강북구,12.860838481984388,50.93716666666667,1.0717365401653653,655.0946732299192
Oracle선제,60,서초구,강서구,10.039235544620496,48.17555,0.8366029620517083,483.6456939416419
Oracle선제,60,서초구,관악구,26.5815139659936,24.71916666666667,2.2151261638327995,657.0728739777236
Oracle선제,60,서초구,광진구,7.321406694426267,39.334775,0.6101172245355213,287.985885008751
Oracle선제,60,서초구,구로구,6.001124816254526,49.33777499999999,0.5000937346878767,296.0821459312821
Oracle선제,60,서초구,금천구,5.915537198076496,40.24883333333334,0.4929614331730416,238.09347076251456
Oracle선제,60,서초구,노원구,38.892345364656094,42.6435,3.2410287803880076,1658.5057295577124
Oracle선제,60,서초구,도봉구,9.044154537786826,55.669225,0.7536795448155684,503.48107389882574
Oracle선제,60,서초구,동대문구,15.048976796657666,38.17383333333333,1.2540813997214704,574.4771320728102
Oracle선제,60,서초구,동작구,10.70586454301638,24.31783333333333,0.8921553785846988,260.34342964631514
Oracle선제,60,서초구,마포구,7.5272137110036965,32.498583333333336,0.6272678092503086,244.62378205486291
Oracle선제,60,서초구,서대문구,6.244167283844557,48.54683333333333,0.5203472736537131,303.1345484342544
Oracle선제,60,서초구,성동구,13.012062708873733,33.541775,1.0843385590728116,436.44767966693325
Oracle선제,60,서초구,성북구,3.834964543070733,54.62258333333334,0.3195803785892283,209.47567033425972
Oracle선제,60,서초구,송파구,29.75615471343971,34.61933333333333,2.4796795594533085,1030.138238742807
Oracle선제,60,서초구,양천구,4.40056394695926,52.08810833333334,0.3667136622466052,229.2170515969749
Oracle선제,60,서초구,영등포구,9.181119583197631,36.42466666666667,0.7650932985998025,334.41922044477934
Oracle선제,60,서초구,용산구,15.796294809762639,26.39955833333333,1.3163579008135535,417.01520628085933
Oracle선제,60,서초구,은평구,2.934623724163929,52.881,0.24455197701366094,155.18583715751274
Oracle선제,60,서초구,종로구,4.765197024134319,43.45433333333333,0.3970997520111936,207.06845988574074
Oracle선제,60,서초구,중구,10.046161615740752,35.57758333333334,0.8371801346450631,357.4181520641513
Oracle선제,60,서초구,중랑구,11.219910620517416,49.635666666666665,0.9349925517097847,556.9077435897956
Oracle선제,60,성동구,강남구,8.945877358331108,30.96895,0.7454897798609263,277.04442861628814
Oracle선제,60,성동구,강동구,14.104286049983227,35.2266,1.1753571708319346,496.8460429683391
Oracle선제,60,성동구,강북구,4.967130522234106,38.9205,0.41392754351950833,193.32320349061249
Oracle선제,60,성동구,강서구,3.198779227304182,50.64105833333333,0.26656493560868155,161.98956544536603
Oracle선제,60,성동구,관악구,2.6440514120399135,49.48464166666666,0.2203376176699927,130.83993667303912
Oracle선제,60,성동구,광진구,3.9814311740940034,20.813166666666667,0.3317859311745003,82.86619059828084
Oracle선제,60,성동구,노원구,16.26134067280083,29.8739,1.3551117227334024,485.78966512518474
Oracle선제,60,성동구,도봉구,7.708613820383259,37.623450000000005,0.6423844850319373,290.0246466404986
Oracle선제,60,성동구,동대문구,9.885968976205177,16.00335833333333,0.8238307480170985,158.2087039984279
Oracle선제,60,성동구,동작구,2.171387078990445,37.017900000000004,0.18094892324920397,80.3801897513604
Oracle선제,60,성동구,마포구,1.7605971632288062,45.32894999999999,0.14671643026906755,79.80602078214038
Oracle선제,60,성동구,서대문구,2.8906353230454855,39.08166666666667,0.2408862769204571,112.97084615015599
Oracle선제,60,성동구,서초구,5.9687326129037395,34.87695,0.4973943844086447,208.17118890361309
Oracle선제,60,성동구,성북구,6.258393879153611,23.11425,0.5215328232628013,144.65808072122636
Oracle선제,60,성동구,송파구,9.641996990485556,35.57541666666667,0.8034997492071285,343.0180604352697
Oracle선제,60,성동구,양천구,3.4759163568890608,49.070858333333334,0.28965969640742173,170.5661991274192
Oracle선제,60,성동구,영등포구,3.2853702386949095,43.975116666666665,0.27378085322457557,144.47453953980315
Oracle선제,60,성동구,용산구,3.7794340908263857,24.563416666666665,0.31495284090219805,92.83581433717302
Oracle선제,60,성동구,은평구,0.7370174210983704,49.038716666666666,0.06141811842486444,36.14238849164034
Oracle선제,60,성동구,종로구,8.635079156774026,22.066325,0.7195899297311681,190.5444630741016
Oracle선제,60,성동구,중구,9.543218868875158,15.657333333333334,0.7952682390729292,149.42135890293466
Oracle선제,60,성동구,중랑구,8.952363832664508,29.372833333333332,0.746030319388708,262.9562907962158
Oracle선제,60,성북구,강남구,12.037665922162933,43.43911666666667,1.0031388268469112,522.9055743871933
Oracle선제,60,성북구,강동구,12.079140061524184,48.205133333333336,1.0065950051270165,582.2765572177815
Oracle선제,60,성북구,강북구,32.0957738027579,18.153808333333334,2.674647816896491,582.660525925288
Oracle선제,60,성북구,강서구,10.325490145946064,45.90522500000001,0.8604575121621729,473.993948384937
Oracle선제,60,성북구,관악구,3.749331602426436,58.499224999999996,0.3124443002022026,219.3329930099546
Oracle선제,60,성북구,광진구,3.0505362740260393,39.7277,0.25421135616883683,121.19078993362427
Oracle선제,60,성북구,노원구,41.85560003070546,23.014533333333333,3.487966669225455,963.2871020933385
Oracle선제,60,성북구,도봉구,12.22425811447418,30.24309166666666,1.0186881762061808,369.6993587130364
Oracle선제,60,성북구,동대문구,27.023739342387035,18.263666666666666,2.251978278532253,493.55256743624267
Oracle선제,60,성북구,동작구,1.6676210643141844,47.928333333333335,0.13896842202618176,79.92629824413834
Oracle선제,60,성북구,마포구,4.289748853160669,37.422608333333336,0.35747907109672195,160.53359118019756
Oracle선제,60,성북구,서대문구,8.527205046246813,34.47671666666667,0.7106004205205685,293.9900323380216
Oracle선제,60,성북구,서초구,4.827517957684749,55.28822499999999,0.4022931631403957,266.9048990360148
Oracle선제,60,성북구,성동구,9.686516602280719,22.768241666666665,0.8072097168567272,220.54495090890626
Oracle선제,60,성북구,송파구,7.826158727852162,47.70044166666667,0.6521798939876797,373.3112278719863
Oracle선제,60,성북구,영등포구,5.053195204116184,43.174949999999995,0.4210996003430155,218.171450277956
Oracle선제,60,성북구,용산구,8.142425917817599,39.08506666666666,0.6785354931514667,318.24725982629536
Oracle선제,60,성북구,은평구,3.11865392700185,35.94996666666667,0.2598878272501549,112.11550472058562
Oracle선제,60,성북구,종로구,14.343278142022546,21.368550000000003,1.1952731785018789,306.4950561417159
Oracle선제,60,성북구,중구,6.8411149812893575,31.576716666666666,0.5700929151074461,216.01994944826268
Oracle선제,60,성북구,중랑구,11.102134459362617,24.96345,0.9251778716135508,277.14757846957576
Oracle선제,60,송파구,강남구,30.602571583558394,18.524608333333333,2.550214298629866,566.9006525782157
Oracle선제,60,송파구,강동구,30.154481185239913,22.319833333333335,2.512873432103326,673.0429943076907
Oracle선제,60,송파구,강북구,14.008757411777593,50.34211666666667,1.1673964509814665,705.230499978739
Oracle선제,60,송파구,관악구,10.221634860068717,57.713750000000005,0.8518029050057266,589.928878905291
Oracle선제,60,송파구,광진구,13.565275711560966,21.566,1.1304396426300811,292.54873599552377
Oracle선제,60,송파구,노원구,38.23442686106905,52.49483333333333,3.186202238422422,2007.109865667343
Oracle선제,60,송파구,도봉구,21.0634267482708,50.78661666666665,1.7552855623559003,1069.740179950842
Oracle선제,60,송파구,동대문구,15.631045936340085,36.824949999999994,1.3025871613616744,575.6124850534267
Oracle선제,60,송파구,동작구,5.74572858347887,48.64013333333334,0.4788107152899056,279.47300439755674
Oracle선제,60,송파구,마포구,6.96792647954221,48.878049999999995,0.5806605399618513,340.57865886338806
Oracle선제,60,송파구,서대문구,7.7780696152876345,58.35706666666667,0.6481724679406355,453.90532707731484
Oracle선제,60,송파구,서초구,17.36265001028524,37.06005,1.4468875008571032,643.4606775136715
Oracle선제,60,송파구,성동구,9.122045735873725,33.772,0.7601704779894753,308.0697285919274
Oracle선제,60,송파구,성북구,16.57287390795858,43.52699166666666,1.3810728256632163,721.3673444844304
Oracle선제,60,송파구,영등포구,6.5283124997008715,59.64285000000001,0.5440260416417393,389.36716317278416
Oracle선제,60,송파구,용산구,8.512637731037087,38.813225,0.7093864775864238,330.40292359823195
Oracle선제,60,송파구,종로구,4.484297439417239,55.389691666666664,0.37369145328476994,248.3838525109437
Oracle선제,60,송파구,중구,3.17051106631473,50.53505833333334,0.2642092555262281,160.22196168269377
Oracle선제,60,송파구,중랑구,18.677452655840142,40.621566666666666,1.5564543879866788,758.7073882227207
Oracle선제,60,양천구,강북구,19.246089579980627,58.877500000000005,1.603840798331719,1133.1616392453095
Oracle선제,60,양천구,강서구,88.88143928946745,22.902766666666665,7.406786607455622,2035.630865044172
Oracle선제,60,양천구,관악구,32.856697230213875,33.56769166666666,2.7380581025178232,1102.9234818088398
Oracle선제,60,양천구,광진구,8.36080744533677,54.74933333333333,0.6967339537780639,457.7486337605579
Oracle선제,60,양천구,구로구,37.0861740314462,16.561558333333334,3.0905145026205165,614.204834581948
Oracle선제,60,양천구,금천구,14.417299527672998,27.973666666666666,1.201441627306083,403.3047312206152
Oracle선제,60,양천구,노원구,58.91815728571895,57.29783333333332,4.909846440476578,3375.882756464243
Oracle선제,60,양천구,동작구,15.118258427655954,29.805774999999997,1.2598548689713303,450.6114090865671
Oracle선제,60,양천구,마포구,17.97221607234108,24.11991666666667,1.4976846726950908,433.4883539801942
Oracle선제,60,양천구,서대문구,21.230805653372848,38.882783333333336,1.7692338044477363,825.5128162122049
Oracle선제,60,양천구,서초구,12.230656431582464,54.64783333333333,1.0192213692985383,668.3788742303799
Oracle선제,60,양천구,성동구,11.41741678935353,53.640616666666666,0.9514513991127937,612.4372773212767
Oracle선제,60,양천구,성북구,21.608170914533662,50.393825,1.8006809095444725,1088.9183836370994
Oracle선제,60,양천구,영등포구,19.66931616138109,19.560000000000002,1.6391096801150904,384.7318241166142
Oracle선제,60,양천구,용산구,20.75170751184764,33.821641666666665,1.729308959320637,701.8568154371858
Oracle선제,60,양천구,은평구,13.369685695570514,31.274083333333337,1.114140474630876,418.12466458374695
Oracle선제,60,양천구,중구,8.868004657541594,52.7815,0.7390003881284681,468.06658783203164
Oracle선제,60,양천구,중랑구,22.77941096879614,54.419725,1.898284247399677,1239.6492805838695
Oracle선제,60,영등포구,강남구,24.185095844931475,48.32705833333334,2.01542465374429,1168.7945376952612
Oracle선제,60,영등포구,강동구,25.723783915212444,50.640249999999995,2.1436486596010367,1302.6588484123367
Oracle선제,60,영등포구,강서구,56.771834835876426,26.616383333333328,4.730986236323035,1511.0609185283738
Oracle선제,60,영등포구,관악구,60.76704598711479,24.46505,5.063920498926232,1486.668818427063
Oracle선제,60,영등포구,광진구,12.178809699615451,42.665216666666666,1.0149008083012876,519.6115545761947
Oracle선제,60,영등포구,구로구,35.79230269312625,19.61210833333333,2.9826918910938534,701.9625179170504
Oracle선제,60,영등포구,금천구,18.776269057739544,27.179666666666666,1.5646890881449615,510.33273423300824
Oracle선제,60,영등포구,동대문구,15.396239027355335,53.80393333333333,1.2830199189462788,828.3782182118913
Oracle선제,60,영등포구,동작구,39.94770592781334,16.988225,3.328975493984445,678.6406165355268
Oracle선제,60,영등포구,마포구,30.289950672307725,21.029525,2.5241625560256438,636.9832749120621
Oracle선제,60,영등포구,서대문구,35.575905582404594,30.173916666666667,2.9646587985337165,1073.4644103846776
Oracle선제,60,영등포구,서초구,15.089825234942511,39.45533333333334,1.2574854362452086,595.3740845864019
Oracle선제,60,영등포구,성동구,9.896247419936676,45.233666666666664,0.8246872849947233,447.6435570442756
Oracle선제,60,영등포구,성북구,20.50701821297484,49.68344166666666,1.70891818441457,1018.8592431416063
Oracle선제,60,영등포구,송파구,12.492081785852642,56.88873333333334,1.041006815487719,710.6587094935616
Oracle선제,60,영등포구,양천구,33.68682288267004,18.567133333333334,2.8072352402225036,625.467732038919
Oracle선제,60,영등포구,용산구,25.624602879519003,24.7146,2.135383573293248,633.3018103261604
Oracle선제,60,영등포구,은평구,11.403656976389975,32.44688333333333,0.9503047480324978,370.0131274862783
Oracle선제,60,영등포구,종로구,9.593032460808343,42.627833333333335,0.799419371734028,408.9301889005946
Oracle선제,60,영등포구,중구,11.949637274399738,34.373666666666665,0.9958031061999779,410.75284845779174
Oracle선제,60,영등포구,중랑구,15.946780600288337,56.41403333333334,1.3288983833573613,899.6222123440198
Oracle선제,60,용산구,강남구,6.752308921528595,36.84860833333333,0.5626924101273826,248.8131867950796
Oracle선제,60,용산구,강동구,17.865207108055536,37.17443333333333,1.4887672590046281,664.1289506246034
Oracle선제,60,용산구,강북구,7.189348468263243,46.931133333333335,0.5991123723552704,337.40427154385804
Oracle선제,60,용산구,강서구,7.351651236135814,37.35885833333333,0.612637603011318,274.64929704687273
Oracle선제,60,용산구,관악구,6.825454527196646,29.67038333333333,0.568787877266387,202.5138522461599
Oracle선제,60,용산구,광진구,5.7204151038745925,31.67938333333333,0.4767012586562164,181.21922290143303
Oracle선제,60,용산구,구로구,4.456974127821856,49.82238333333333,0.3714145106518205,222.05707350308947
Oracle선제,60,용산구,금천구,3.3194655640614315,43.525616666666664,0.27662213033845173,144.4817856795383
Oracle선제,60,용산구,노원구,13.443432505121779,47.12583333333334,1.1202860420934813,633.5329596642848
Oracle선제,60,용산구,도봉구,4.783928911160944,57.327949999999994,0.39866074259674567,274.25283742258904
Oracle선제,60,용산구,동대문구,4.991774696869926,33.97383333333333,0.4159812247391611,169.58972158900937
Oracle선제,60,용산구,동작구,4.807270645372506,19.465025,0.40060588711437595,93.57364329394196
Oracle선제,60,용산구,마포구,6.64731235628104,22.568266666666666,0.5539426963567536,150.01831787317883
Oracle선제,60,용산구,서대문구,3.6964980243953347,23.416441666666664,0.30804150203294467,86.55883035920192
Oracle선제,60,용산구,서초구,7.375367441078347,26.443583333333333,0.6146139534231965,195.03114354210868
Oracle선제,60,용산구,성동구,5.347179754389043,22.265333333333334,0.44559831286575347,119.05673962472352
Oracle선제,60,용산구,성북구,3.206518468509877,36.47716666666667,0.26720987237582283,116.96470859557955
Oracle선제,60,용산구,송파구,16.462186678932824,36.15103333333333,1.3718488899110683,595.1250593696565
Oracle선제,60,용산구,양천구,5.601059530487911,32.063358333333326,0.46675496087399193,179.5887787723656
Oracle선제,60,용산구,영등포구,5.619675034012712,20.9109,0.4683062528343922,117.51246266873642
Oracle선제,60,용산구,은평구,2.062478582795025,40.025333333333336,0.17187321523291899,82.55139276923182
Oracle선제,60,용산구,종로구,9.654184456052244,25.11755,0.8045153713376866,242.48946078411504
Oracle선제,60,용산구,중구,4.2581187388014,19.266466666666666,0.3548432282334495,82.03890274382589
Oracle선제,60,용산구,중랑구,8.095199178787023,39.580666666666666,0.6745999315655847,320.4133802958429
Oracle선제,60,은평구,강북구,43.00978112249757,41.12528333333333,3.584148426874797,1768.789434767364
Oracle선제,60,은평구,강서구,54.743566969880106,35.92699999999999,4.561963914156676,1966.7721305268822
Oracle선제,60,은평구,관악구,16.587699406730554,49.64149999999999,1.3823082838942127,823.4382800992147
Oracle선제,60,은평구,광진구,14.123548361023172,53.480975,1.1769623634185973,755.3411368071712
Oracle선제,60,은평구,구로구,17.09159086635796,41.99788333333333,1.4242992388631637,717.8106391863671
Oracle선제,60,은평구,금천구,5.529422011900967,56.4379,0.46078516765841404,312.0689665654656
Oracle선제,60,은평구,노원구,94.53175997713387,48.63121666666667,7.877646664761155,4597.194501329326
Oracle선제,60,은평구,도봉구,21.34915296102524,55.21310833333334,1.7790960800854363,1178.753095261991
Oracle선제,60,은평구,동대문구,20.506182412634203,46.53155833333333,1.7088485343861834,954.1846231274624
Oracle선제,60,은평구,동작구,4.628254803825568,43.128166666666665,0.3856879003187973,199.60814455518974
Oracle선제,60,은평구,마포구,40.01284294946219,22.569975,3.3344035791218483,903.0888650482879
Oracle선제,60,은평구,서대문구,74.79869445072372,22.060283333333334,6.23322453756031,1650.0803925463929
Oracle선제,60,은평구,성동구,6.913813106378295,48.86116666666666,0.5761510921981914,337.8169744929342
Oracle선제,60,은평구,성북구,32.56777825467414,40.62955833333333,2.7139815212228444,1323.2144463853476
Oracle선제,60,은평구,양천구,28.014252827212047,28.975608333333334,2.3345210689343383,811.7300176722723
Oracle선제,60,은평구,영등포구,26.3944281589671,32.17111666666666,2.1995356799139247,849.1382276520823
Oracle선제,60,은평구,용산구,21.649960307152828,43.04866666666666,1.8041633589294017,932.0019246091863
Oracle선제,60,은평구,종로구,57.80665149346155,35.62088333333334,4.817220957788462,2059.1239887392535
Oracle선제,60,은평구,중구,22.92574383906878,39.22471666666667,1.9104786532557319,899.255806460052
Oracle선제,60,은평구,중랑구,33.8657805030673,46.986999999999995,2.822148375255609,1591.251428497623
Oracle선제,60,종로구,강남구,7.566093229119086,48.138616666666664,0.6305077690932566,364.2212616208258
Oracle선제,60,종로구,강동구,12.302008138972624,50.543391666666665,1.0251673449143848,621.7852156546144
Oracle선제,60,종로구,강북구,13.151876850769638,29.80174166666667,1.095989737564136,391.9488363384503
Oracle선제,60,종로구,강서구,9.257433124108944,50.34323333333334,0.7714527603424117,466.0491158347456
Oracle선제,60,종로구,관악구,4.788500894785367,55.6905,0.39904174123211333,266.67400908104446
Oracle선제,60,종로구,광진구,4.705342536130072,41.475975000000005,0.39211187801083935,195.1586693949675
Oracle선제,60,종로구,금천구,5.428170482502919,57.64383333333333,0.45234754020857637,312.90055459831785
Oracle선제,60,종로구,노원구,28.263122755410393,43.43438333333334,2.3552602296175333,1227.5913079555514
Oracle선제,60,종로구,도봉구,15.560374668108043,44.902775000000005,1.296697889009002,698.7040026377553
Oracle선제,60,종로구,동대문구,14.769877762713175,27.216775,1.2308231468927644,401.98843984526786
Oracle선제,60,종로구,동작구,3.01834879209211,48.88871666666667,0.251529066007676,147.56319889776674
Oracle선제,60,종로구,마포구,7.262886879159508,27.521216666666668,0.6052405732632924,199.88348342683932
Oracle선제,60,종로구,서대문구,23.016737539015317,19.161966666666665,1.9180614615846097,441.04595749802684
Oracle선제,60,종로구,서초구,9.53258335407936,43.089283333333334,0.7943819461732796,410.7521850425426
Oracle선제,60,종로구,성동구,6.511311418122699,24.720333333333333,0.5426092848435582,160.9617886931325
Oracle선제,60,종로구,성북구,21.82863115725498,21.6947,1.819052596437914,473.5656043672996
Oracle선제,60,종로구,송파구,8.50140129153187,54.399275,0.7084501076276559,462.4700667433974
Oracle선제,60,종로구,양천구,6.661216285994022,53.33111666666667,0.5551013571661685,355.2501028902472
Oracle선제,60,종로구,영등포구,1.2624658652850498,44.53738333333333,0.10520548877375457,56.22692618744862
Oracle선제,60,종로구,용산구,5.724682020903743,28.37,0.47705683507531177,162.4092289330392
Oracle선제,60,종로구,은평구,12.337653355853298,30.722666666666665,1.0281377796544418,379.0456115007623
Oracle선제,60,종로구,중구,5.495333452742051,24.242783333333335,0.4579444543951705,133.22217823924413
Oracle선제,60,종로구,중랑구,7.646977887472465,44.52461666666666,0.637248157289373,340.47875909818794
Oracle선제,60,중구,강남구,11.75978075381551,39.62963333333333,0.9799817294846254,466.0357993540989
Oracle선제,60,중구,강동구,9.990325590446146,49.192,0.8325271325371787,491.4440964452268
Oracle선제,60,중구,강북구,13.942185667717245,38.57638333333333,1.1618488056431033,537.8390988223664
Oracle선제,60,중구,강서구,7.672129029833647,49.74711666666667,0.6393440858194702,381.6662979288546
Oracle선제,60,중구,관악구,4.184401081247312,39.065,0.34870009010394254,163.46362823892625
Oracle선제,60,중구,광진구,3.3649292255923062,33.67261666666666,0.2804107687993589,113.30597192383324
Oracle선제,60,중구,구로구,5.814127021902768,51.49443333333333,0.4845105851585639,299.39517632090394
Oracle선제,60,중구,금천구,2.3545794446592727,54.69028333333333,0.19621495372160647,128.77261695925827
Oracle선제,60,중구,노원구,18.79971512798745,42.67978333333333,1.5666429273322882,802.3677683908933
Oracle선제,60,중구,도봉구,5.672627078375299,51.964641666666665,0.4727189231979414,294.77603343640266
Oracle선제,60,중구,동대문구,13.009193807041745,23.73966666666666,1.0840994839201463,308.8339245812353
Oracle선제,60,중구,동작구,4.102109924428217,33.68833333333333,0.3418424937023513,138.19324650411258
Oracle선제,60,중구,마포구,2.774312713055466,29.42460833333333,0.2311927260879556,81.63306497584446
Oracle선제,60,중구,서대문구,13.675814391187245,23.04096666666667,1.1396511992656038,315.10398352686565
Oracle선제,60,중구,서초구,7.260565340683302,31.746416666666665,0.6050471117236078,230.4969325408907
Oracle선제,60,중구,성동구,15.056959839044103,15.958,1.2547466532536757,240.2789651114658
Oracle선제,60,중구,성북구,8.490865494732848,27.66916666666667,0.7075721245610709,234.9351725180123
Oracle선제,60,중구,송파구,10.617038465167054,42.40656666666666,0.8847532054305872,450.232149475671
Oracle선제,60,중구,양천구,5.638325779295945,49.439600000000006,0.469860481607996,278.7565711980798
Oracle선제,60,중구,영등포구,3.14396711254177,29.267116666666666,0.2619972593784805,92.01485227892312
Oracle선제,60,중구,용산구,6.277451774447651,18.463216666666664,0.5231209812039701,115.9019522261781
Oracle선제,60,중구,은평구,2.993161300806457,42.22658333333334,0.24943010840053792,126.39097509861226
Oracle선제,60,중구,종로구,8.511395599929816,22.101733333333335,0.709282966660818,188.1165958441555
Oracle선제,60,중구,중랑구,7.0243269587230985,38.878616666666666,0.5853605798935909,273.0961151695278
Oracle선제,60,중랑구,강남구,7.728570569361512,47.955616666666664,0.6440475474467913,370.6283676055824
Oracle선제,60,중랑구,강동구,25.25462435125087,33.21576666666667,2.1045520292709052,838.851709705467
Oracle선제,60,중랑구,강북구,16.54228657149324,32.374383333333334,1.3785238809577687,535.5463266753745
Oracle선제,60,중랑구,관악구,5.529161579056996,52.503750000000004,0.4607634649214164,290.3017172564138
Oracle선제,60,중랑구,광진구,8.789809529126293,24.272750000000002,0.7324841274271912,213.35284924810026
Oracle선제,60,중랑구,노원구,81.34841362860314,18.242725,6.779034469050263,1484.0167390128593
Oracle선제,60,중랑구,도봉구,14.237844334719922,30.701800000000002,1.1864870278933266,437.1274491957041
Oracle선제,60,중랑구,동대문구,31.87517358453738,19.364050000000002,2.6562644653781153,617.2324550496611
Oracle선제,60,중랑구,동작구,1.3661369228157378,49.6385,0.11384474356797836,67.812987643189
Oracle선제,60,중랑구,마포구,4.027558290525038,51.24255,0.3356298575437526,206.38235708014378
Oracle선제,60,중랑구,서대문구,5.733963284432168,54.496766666666666,0.47783027370268066,312.48245918693345
Oracle선제,60,중랑구,서초구,4.982457351745908,58.489525,0.41520477931215904,291.4215638363761
Oracle선제,60,중랑구,성동구,9.291339330776534,33.119975,0.7742782775647115,307.7289263518355
Oracle선제,60,중랑구,성북구,17.530485915241776,28.76795,1.4608738262701475,504.3161422853796
Oracle선제,60,중랑구,송파구,12.629665722221425,40.402525,1.052472143518453,510.2703850836941
Oracle선제,60,중랑구,영등포구,4.327624018444506,57.28894999999999,0.36063533487037513,247.92503601146632
Oracle선제,60,중랑구,용산구,6.0168636497911105,48.5355,0.5014053041492597,292.03148567443645
Oracle선제,60,중랑구,은평구,3.4992930507519207,48.641083333333334,0.29160775422932705,170.20940488937842
Oracle선제,60,중랑구,종로구,4.723273094432455,44.48566666666667,0.39360609120270396,210.11795245455735
Oracle선제,60,중랑구,중구,1.8129402773513354,49.08900833333333,0.15107835644594447,88.99544038273535
