요일,승차시간대,출발구,실제평균수요,예측평균수요,평균절대오차
금,0,강남구,0.25,0.2464375260694344,0.3739571278831805
금,0,강동구,0.5,0.28078049655758497,0.5225357045412674
금,0,강북구,0.0,0.19578664472128246,0.19578664472128246
금,0,강서구,0.5,0.45840840031316354,0.7342922878623817
금,0,관악구,0.125,0.21018898576587697,0.2870902216102823
금,0,광진구,0.375,0.15617136270384405,0.4207364360305623
금,0,구로구,0.375,0.19459323252788424,0.4663263553146222
금,0,금천구,0.125,0.08984690974388361,0.19672627900115353
금,0,노원구,1.125,0.7304926675089549,0.8071553809042872
금,0,도봉구,0.0,0.08060089898247275,0.08060089898247275
금,0,동대문구,0.375,0.3248581063713721,0.4489126573709071
금,0,동작구,0.125,0.10171143907898407,0.20384123714538335
금,0,마포구,0.375,0.21950681705516745,0.3994118186195391
금,0,서대문구,0.25,0.2945158479622558,0.411646288863825
금,0,서초구,0.25,0.15718559787631262,0.31558317255908414
금,0,성동구,0.0,0.09788419311380309,0.09788419311380309
금,0,성북구,0.125,0.1555382347172982,0.23618100222835756
금,0,송파구,0.375,0.22221288773260633,0.4323309895479888
금,0,양천구,0.0,0.12754565963913003,0.12754565963913003
금,0,영등포구,0.0,0.16560075390771023,0.16560075390771023
금,0,용산구,0.125,0.15567600058020936,0.24292987048061368
금,0,은평구,0.5,0.12042396512083563,0.5646960431804185
금,0,종로구,0.0,0.2148849373046801,0.2148849373046801
금,0,중구,0.375,0.27983850069884936,0.39526180262915855
금,0,중랑구,0.25,0.17264110152023535,0.38552884666150583
금,1,강남구,0.0,0.11895212947836195,0.11895212947836195
금,1,강동구,0.125,0.22654308478098384,0.30486304103743894
금,1,강북구,0.125,0.12419408107049286,0.2229891250964937
금,1,강서구,0.125,0.24349072094991794,0.3113044223638063
금,1,관악구,0.125,0.16410051844038565,0.2590722823620386
금,1,광진구,0.0,0.046148442213366926,0.046148442213366926
금,1,구로구,0.0,0.08258465616001745,0.08258465616001745
금,1,금천구,0.0,0.052798372423215056,0.052798372423215056
금,1,노원구,0.25,0.2878823919515246,0.4782537635772456
금,1,도봉구,0.0,0.06210678710291655,0.06210678710291655
금,1,동대문구,0.25,0.1621056697563638,0.3867641561154685
금,1,동작구,0.125,0.055699813091590555,0.1677093602449763
금,1,마포구,0.125,0.11212234085798954,0.21490673320434933
금,1,서대문구,0.25,0.21330066817961554,0.3650515195790233
금,1,서초구,0.125,0.1484635570933747,0.22816683681703587
금,1,성동구,0.125,0.06981062409329294,0.18113735203040354
금,1,성북구,0.25,0.12035383046989534,0.30168428301719674
금,1,송파구,0.125,0.1349904909263712,0.23172474751450592
금,1,양천구,0.0,0.07554629109896346,0.07554629109896346
금,1,영등포구,0.125,0.10393103049081946,0.20464706126757723
금,1,용산구,0.125,0.13607204261759104,0.22895702823491434
금,1,은평구,0.25,0.07275917723926642,0.3086171018553993
금,1,종로구,0.0,0.17043781871703248,0.17043781871703248
금,1,중구,0.0,0.16651163404927477,0.16651163404927477
금,1,중랑구,0.125,0.11314201749698179,0.2159224013533197
금,2,강남구,0.125,0.11885137182723331,0.20966159568978765
금,2,강동구,0.0,0.12132793345301196,0.12132793345301196
금,2,강북구,0.375,0.13452582777812722,0.447451945329513
금,2,강서구,0.375,0.2756662014132145,0.455196403885508
금,2,관악구,0.0,0.19796789438345427,0.19796789438345427
금,2,광진구,0.0,0.03982160743120973,0.03982160743120973
금,2,구로구,0.0,0.053524090387254274,0.053524090387254274
금,2,금천구,0.0,0.04687404672756,0.04687404672756
금,2,노원구,0.75,0.44246892878818533,0.5277367349945108
금,2,도봉구,0.125,0.06943114208868716,0.1773042757026739
금,2,동대문구,0.0,0.1316592015959187,0.1316592015959187
금,2,동작구,0.0,0.05896895486804066,0.05896895486804066
금,2,마포구,0.0,0.08849978491760561,0.08849978491760561
금,2,서대문구,0.25,0.12000605427485495,0.3241745093735921
금,2,서초구,0.375,0.45751210115981755,0.4431059814124582
금,2,성동구,0.0,0.06762210551762128,0.06762210551762128
금,2,성북구,0.125,0.07373264049215407,0.17880200826021794
금,2,송파구,0.125,0.11082408715311051,0.19867881809126403
금,2,양천구,0.125,0.07106517126192136,0.1785966633978034
금,2,영등포구,0.0,0.1213997652557008,0.1213997652557008
금,2,용산구,0.25,0.12041890031943958,0.30572196003357655
금,2,은평구,0.0,0.046493099882340225,0.046493099882340225
금,2,종로구,0.375,0.1231981577215488,0.4181111598319229
금,2,중구,0.625,0.30262572114538877,0.45609787849000516
금,2,중랑구,0.0,0.12429178769105503,0.12429178769105503
금,3,강남구,0.125,0.1178791969746146,0.2161353226631933
금,3,강동구,0.375,0.16845868367533817,0.4693924527222364
금,3,강북구,0.375,0.21854353164711937,0.43281716984272295
금,3,강서구,0.625,0.3984232938909653,0.7604579354399079
금,3,관악구,0.0,0.16947658485109895,0.16947658485109895
금,3,광진구,0.0,0.0365254569217357,0.0365254569217357
금,3,구로구,0.125,0.05202432404439793,0.16602786190945273
금,3,금천구,0.125,0.05975276129272528,0.17059964174063805
금,3,노원구,0.5,0.17017053881997612,0.5589838763671062
금,3,도봉구,0.0,0.05434866776480677,0.05434866776480677
금,3,동대문구,0.0,0.0809478092248413,0.0809478092248413
금,3,동작구,0.0,0.06427086876910226,0.06427086876910226
금,3,마포구,0.0,0.16002292924106296,0.16002292924106296
금,3,서대문구,0.125,0.08835048391168393,0.19207634295813983
금,3,서초구,0.0,0.07830024393039256,0.07830024393039256
금,3,성동구,0.125,0.0674517877256545,0.18130180143449653
금,3,성북구,0.125,0.0915660620025757,0.19363452365660178
금,3,송파구,0.0,0.07901977201538067,0.07901977201538067
금,3,양천구,0.125,0.07944753646426869,0.18567319460323228
금,3,영등포구,0.125,0.12024453306104158,0.21667113927772097
금,3,용산구,0.0,0.07218708280582138,0.07218708280582138
금,3,은평구,0.0,0.04899970734512328,0.04899970734512328
금,3,종로구,0.0,0.09092880884413175,0.09092880884413175
금,3,중구,0.0,0.08280587001068619,0.08280587001068619
금,3,중랑구,0.0,0.07244192028337952,0.07244192028337952
금,4,강남구,0.25,0.22327071277615096,0.3928456377740931
금,4,강동구,0.875,0.9223980685089052,0.48658598741229636
금,4,강북구,0.75,0.602506334219594,0.8374100428309731
금,4,강서구,0.875,0.9949606610566923,0.7567456255469838
금,4,관악구,0.0,0.40556101388598426,0.40556101388598426
금,4,광진구,0.0,0.04589915268748658,0.04589915268748658
금,4,구로구,0.0,0.11535586872507765,0.11535586872507765
금,4,금천구,0.625,0.3873715638239158,0.5415332408370127
금,4,노원구,1.5,1.6676971284743343,0.693423115161911
금,4,도봉구,0.0,0.10145719195295345,0.10145719195295345
금,4,동대문구,0.5,0.6247371713142963,0.3679576199867514
금,4,동작구,0.5,0.6854635279574713,0.4297316037744625
금,4,마포구,1.25,1.4255536206962076,0.6007934034412944
금,4,서대문구,0.0,0.06824461130885844,0.06824461130885844
금,4,서초구,0.0,0.12618722602773255,0.12618722602773255
금,4,성동구,0.125,0.07092287488213987,0.17887474337972964
금,4,성북구,0.5,0.5514267936441923,0.6662610458592021
금,4,송파구,0.625,0.912968252826781,0.34506199923958747
금,4,양천구,0.0,0.11857415303472058,0.11857415303472058
금,4,영등포구,0.875,0.6340823668300027,0.45529215055720645
금,4,용산구,0.0,0.04171837090292509,0.04171837090292509
금,4,은평구,0.625,0.5090443662348153,0.5538360384943536
금,4,종로구,0.0,0.08194476228455026,0.08194476228455026
금,4,중구,0.0,0.07392383755639002,0.07392383755639002
금,4,중랑구,0.875,0.5813200651170715,0.7442617573238443
금,5,강남구,0.375,0.5395315394913259,0.5400879598271985
금,5,강동구,1.625,1.8038958759570458,0.4505412224711779
금,5,강북구,0.5,0.508526175031653,0.7743037678783965
금,5,강서구,0.125,0.4958161541957515,0.5386086896840583
금,5,관악구,0.75,0.6288959550530032,0.6308081571445
금,5,광진구,0.125,0.07694408243414275,0.19060410259119032
금,5,구로구,0.125,0.14545616542685377,0.24248177642063995
금,5,금천구,0.125,0.17988153094868012,0.2825418060190426
금,5,노원구,0.0,0.6682745628286647,0.6682745628286647
금,5,도봉구,1.0,1.2230859792353386,0.42408433873621587
금,5,동대문구,0.0,0.189206945449043,0.189206945449043
금,5,동작구,0.5,0.6981269784973924,0.4576045176760307
금,5,마포구,0.75,0.6484041782025052,0.5920545352493034
금,5,서대문구,0.375,0.30671689343314096,0.4607667833899768
금,5,서초구,0.0,0.17466101585052854,0.17466101585052854
금,5,성동구,1.125,0.5916149737581256,0.5783795687952533
금,5,성북구,0.125,0.3121085062623303,0.3160466747682025
금,5,송파구,0.75,0.7840766384615914,0.39766426176652453
금,5,양천구,1.75,1.8795800445550677,0.3707902901074017
금,5,영등포구,0.25,0.2773075498870494,0.4219148842211169
금,5,용산구,0.0,0.046370492243426854,0.046370492243426854
금,5,은평구,0.5,0.9550180007845809,0.6957941416137741
금,5,종로구,0.125,0.058747973146532254,0.1719701862294516
금,5,중구,0.0,0.04314183158605689,0.04314183158605689
금,5,중랑구,0.625,0.7121074714485004,0.4699487869696011
금,6,강남구,1.125,0.9350926848101722,0.5141461266936884
금,6,강동구,0.625,1.000578100625026,0.4611560197834023
금,6,강북구,2.375,2.2447432244146097,0.9300668678917676
금,6,강서구,2.25,2.7166202059144076,0.7570601923177067
금,6,관악구,2.125,2.490003302410135,1.5380566134364295
금,6,광진구,1.0,1.3058330173686274,0.7640715100852817
금,6,구로구,1.125,0.6180924856391593,0.7191185475644399
금,6,금천구,1.375,1.4907223053152565,0.6879582172442905
금,6,노원구,2.875,2.193590490342477,1.170575407293264
금,6,도봉구,1.375,1.8266195076378138,0.9286980791119027
금,6,동대문구,0.375,0.9832339160211234,0.6942885185870885
금,6,동작구,0.0,0.27705326101983274,0.27705326101983274
금,6,마포구,1.75,1.397146077953699,0.7805733610839327
금,6,서대문구,3.25,4.588108972524354,1.7084356664990248
금,6,서초구,0.25,0.1664140944993095,0.3623727937418224
금,6,성동구,1.375,1.611402212157299,0.7819859947492034
금,6,성북구,1.125,1.2235750721562948,0.44879160867946144
금,6,송파구,0.75,0.6197359100420256,0.9776651228025012
금,6,양천구,0.875,0.9959791545706675,0.775948016236727
금,6,영등포구,0.75,0.827623909733313,0.6951537101705928
금,6,용산구,0.5,0.978289429982439,0.7554819799120596
금,6,은평구,2.0,2.2475466354436437,0.6468115620562311
금,6,종로구,0.0,0.07415002349472084,0.07415002349472084
금,6,중구,0.125,0.06421948477612431,0.17580179423340447
금,6,중랑구,0.125,0.3319349989366823,0.39501829331780275
금,7,강남구,7.875,9.093827522964208,2.0737538873808177
금,7,강동구,12.625,14.12014401743796,1.879196607671608
금,7,강북구,9.5,12.615868840842941,3.115868840842941
금,7,강서구,13.875,14.498637173382578,2.678762784790191
금,7,관악구,9.75,12.190292318107831,2.8275488923789998
금,7,광진구,7.75,8.40417855681966,2.505252587178951
금,7,구로구,6.375,8.121770064025196,2.653939820524653
금,7,금천구,5.875,6.416590162770995,1.361797605557013
금,7,노원구,23.5,23.59255603862152,3.3705440403101923
금,7,도봉구,5.375,5.5931044676120365,1.1395249276944126
금,7,동대문구,8.625,10.599609401470609,2.1035429901916274
금,7,동작구,3.375,5.484140837043693,2.2302545347509355
금,7,마포구,12.625,16.312527534518924,3.7559075969104208
금,7,서대문구,12.0,13.612214374651275,2.562177863247199
금,7,서초구,4.375,5.764583412094037,1.7438701256535023
금,7,성동구,5.875,5.892140121427493,1.1014153351423093
금,7,성북구,11.25,15.094209535812821,4.022109728938642
금,7,송파구,10.375,12.719503554040807,2.3445035540408066
금,7,양천구,5.875,7.008467502355574,1.303939104833455
금,7,영등포구,9.625,11.386846604868849,1.7618466048688486
금,7,용산구,7.875,7.964794544465202,1.197268193063083
금,7,은평구,11.75,13.0625890630695,2.7734785593109006
금,7,종로구,3.375,4.977839195668397,1.7655140396527442
금,7,중구,3.375,2.4676073719522464,0.9811744546789242
금,7,중랑구,10.125,12.405909278022262,2.9261298694786233
금,8,강남구,13.625,13.484101767500022,2.398258349619508
금,8,강동구,20.375,21.786864803411767,3.0611655189543634
금,8,강북구,9.0,10.906792384177795,1.9067923841777954
금,8,강서구,22.0,23.05153136271553,2.9512204540170517
금,8,관악구,15.375,16.727471151767723,2.5842734443770707
금,8,광진구,8.5,8.909272411913008,1.214300047092063
금,8,구로구,14.125,14.753887463557302,2.4391486792758896
금,8,금천구,3.75,5.099634125417316,1.7028891665082206
금,8,노원구,41.625,40.859183721858216,3.952104291340371
금,8,도봉구,17.125,16.602880198923522,2.7051714716156345
금,8,동대문구,16.625,18.643641250334394,2.0186412503343933
금,8,동작구,16.875,16.48003321146247,2.2652143554889905
금,8,마포구,21.875,20.81168031664765,2.4241622913760086
금,8,서대문구,14.75,17.590977398759424,4.085210368023404
금,8,서초구,7.75,8.825860044455435,2.1598141354473355
금,8,성동구,8.625,10.021690582031276,1.952093052771409
금,8,성북구,20.5,19.817735773685744,2.424084397199075
금,8,송파구,12.375,13.890826392789275,3.0829304262153086
금,8,양천구,10.0,11.074084576821894,1.9206589681450752
금,8,영등포구,10.25,11.419487382415683,2.286489089127039
금,8,용산구,6.875,7.934216564674194,1.4334191776951684
금,8,은평구,24.625,24.510751662098208,2.6768126889561534
금,8,종로구,7.625,8.38886784935643,1.2081974618730413
금,8,중구,3.875,4.580842943804333,1.5104317971467252
금,8,중랑구,12.0,12.777520776857463,2.264111442742688
금,9,강남구,12.875,13.84959654730401,2.2846622262734853
금,9,강동구,20.0,21.526114132065153,2.592580900865428
금,9,강북구,8.875,10.956001715136125,2.705566842044475
금,9,강서구,30.375,29.716364527923727,2.4576967551870332
금,9,관악구,17.25,17.57234278788551,1.9359403750304742
금,9,광진구,16.25,14.652403951559464,2.1190584959698393
금,9,구로구,20.5,19.549147944628928,3.004798260168086
금,9,금천구,7.75,8.33766494961574,0.928066881080378
금,9,노원구,44.0,47.30132101382665,5.902169489678911
금,9,도봉구,14.625,16.843593554995643,3.3461561394078645
금,9,동대문구,16.5,17.79474751923074,4.05341039495764
금,9,동작구,12.5,14.54264203962253,3.408386457281269
금,9,마포구,24.625,22.84364534092489,3.4802967024306155
금,9,서대문구,21.625,24.543934515577696,4.078881837696462
금,9,서초구,9.625,10.941185224116358,3.2888748781575727
금,9,성동구,9.0,11.007950675809152,2.199845546055685
금,9,성북구,18.75,18.7886312700681,2.956845723050237
금,9,송파구,16.5,16.672897968623207,2.2944506538116736
금,9,양천구,14.75,16.303331055530663,3.0369831354591907
금,9,영등포구,10.5,12.289240994106706,2.220706361614621
금,9,용산구,8.0,8.687929282816087,1.689696255684329
금,9,은평구,23.625,24.637099373264785,5.368117325585795
금,9,종로구,7.5,7.513415642037593,1.4278110266181272
금,9,중구,4.0,5.281696976993048,1.7249679793466832
금,9,중랑구,14.75,16.813330909535555,3.4035923682054037
금,10,강남구,13.125,15.155916396982294,2.4997678233427227
금,10,강동구,32.25,36.66245661453993,5.1667809072722095
금,10,강북구,12.0,15.359894449176371,4.052369506565115
금,10,강서구,29.875,32.06004769813192,2.365734813019903
금,10,관악구,13.25,16.30741383365736,3.600326696113254
금,10,광진구,13.125,14.706005742400054,4.543764977138863
금,10,구로구,23.625,22.680705209274635,2.966122043319901
금,10,금천구,8.625,8.99058240240138,2.1347494048916205
금,10,노원구,49.0,54.81751677364975,6.931342378717587
금,10,도봉구,16.875,19.27990772955667,3.7061240174526766
금,10,동대문구,17.125,19.15026713430428,4.679715453747518
금,10,동작구,12.75,14.385198196496022,2.687041008140327
금,10,마포구,22.0,23.277304772678434,2.753697997434111
금,10,서대문구,32.375,34.627539841230096,4.37499479494364
금,10,서초구,10.375,11.908679597746817,2.880263909041396
금,10,성동구,7.875,8.694738217972546,3.60078364691237
금,10,성북구,12.5,15.52868086005969,3.1321094976190054
금,10,송파구,20.375,20.78615729154921,2.202364608294945
금,10,양천구,23.375,24.552940123052693,4.099225381840333
금,10,영등포구,15.875,17.61952002760285,2.89889785636518
금,10,용산구,6.875,8.531641506648494,1.9313753331857433
금,10,은평구,27.375,26.448031983104695,4.313821303065049
금,10,종로구,10.25,10.548632502613696,2.23201869543881
금,10,중구,5.375,6.549569074525838,1.8967613893695074
금,10,중랑구,27.25,24.966429139830506,3.915153826117806
금,11,강남구,15.375,16.285332686794156,3.9675556149718094
금,11,강동구,30.125,30.842761683114315,5.141912249466845
금,11,강북구,14.5,15.600216042242318,2.519205965490983
금,11,강서구,26.125,30.32746027399436,4.65167733057792
금,11,관악구,14.25,16.29541348972774,3.0402373845560766
금,11,광진구,11.375,14.088673914494324,2.7136739144943243
금,11,구로구,12.125,16.24056616004756,4.435083343999258
금,11,금천구,6.875,8.281692548098066,2.4634433128421307
금,11,노원구,38.75,40.77536627449024,6.785333807698299
금,11,도봉구,12.25,13.274717042435416,2.0556557493620082
금,11,동대문구,17.75,19.64912220731194,1.8991222073119394
금,11,동작구,12.5,15.90922734363947,3.4092273436394698
금,11,마포구,24.5,24.53669580958454,2.2455984849239705
금,11,서대문구,23.375,25.574925853986233,2.7910997802453883
금,11,서초구,8.75,10.638167235730846,3.1556986412287404
금,11,성동구,13.0,12.219530897306917,2.2336689516011683
금,11,성북구,12.625,14.632213599946528,4.9632306046283095
금,11,송파구,12.875,15.627276191975694,4.486298761130675
금,11,양천구,18.0,18.198274422617462,3.0309604006527366
금,11,영등포구,19.875,19.216826744612856,3.056493225088784
금,11,용산구,8.125,9.990824225989892,3.2213132617734317
금,11,은평구,24.25,25.06803474577925,6.5822343631782445
금,11,종로구,11.375,11.495920378839195,2.008198687274229
금,11,중구,5.375,6.092742095965551,1.4485083559860974
금,11,중랑구,14.625,16.19155144677492,5.2109625511175635
금,12,강남구,21.375,22.024533002266303,2.680699669592311
금,12,강동구,27.375,31.517455772744473,4.991328042741057
금,12,강북구,13.0,15.956733934048836,3.879522855054538
금,12,강서구,33.875,35.880178686922015,2.836176886994436
금,12,관악구,19.375,21.723952512169767,4.599237377149153
금,12,광진구,16.0,17.33751691283193,2.831664632864206
금,12,구로구,16.875,19.898631648075654,3.505816174371488
금,12,금천구,8.5,9.461700206451713,1.5390639839161402
금,12,노원구,54.25,58.13567335977435,6.829584735017065
금,12,도봉구,14.875,15.995978181879394,2.037107733058461
금,12,동대문구,20.875,22.678119208504626,3.3687403112446637
금,12,동작구,19.375,18.913793256690074,2.6582477360470365
금,12,마포구,32.375,32.74501743761415,5.0983195102210415
금,12,서대문구,36.75,39.578945138385194,6.47631062128583
금,12,서초구,13.625,15.967936127834355,2.8908445872515856
금,12,성동구,16.75,15.518394254998128,3.3597085636262225
금,12,성북구,15.625,17.213143895739318,4.132296103357319
금,12,송파구,24.125,22.95353139387023,3.928793879602793
금,12,양천구,25.375,26.372123873275722,4.413136521688271
금,12,영등포구,25.0,26.06424229185592,1.9477569029948159
금,12,용산구,9.5,9.762616563011468,3.3762086111174883
금,12,은평구,22.75,25.610986118619422,4.215237640003144
금,12,종로구,13.0,14.93749049128905,3.4551263834201063
금,12,중구,11.125,10.237832414026347,2.3194501813676704
금,12,중랑구,20.0,23.51508218712493,5.135686072494654
금,13,강남구,17.0,18.655081399312774,4.005719227839006
금,13,강동구,30.75,32.26303817259527,2.6938509667080166
금,13,강북구,14.125,15.114536673301858,3.103378481525162
금,13,강서구,31.375,32.822566295131196,4.908096651377642
금,13,관악구,11.75,16.176325007825643,4.426325007825643
금,13,광진구,13.375,15.1624819362144,3.811978627065672
금,13,구로구,16.125,17.299601750742813,2.8807925221134747
금,13,금천구,7.125,8.518000965778018,3.1285958801729494
금,13,노원구,58.5,57.85735040746991,6.097825933290663
금,13,도봉구,15.75,15.685970024423101,2.0921827720237594
금,13,동대문구,15.125,16.843245742112835,3.0028086454612812
금,13,동작구,12.125,14.768295753891492,4.010286998181384
금,13,마포구,39.75,37.472460186097635,3.5541819198043356
금,13,서대문구,22.125,28.630723532586007,6.505723532586007
금,13,서초구,14.25,14.953973864436652,3.304359813398192
금,13,성동구,8.375,12.81802422892436,4.443024228924359
금,13,성북구,15.5,16.289531351610943,3.0078414527871242
금,13,송파구,18.875,19.9168786308079,3.5384441753135167
금,13,양천구,21.75,22.65470186612974,3.0922026482177336
금,13,영등포구,23.375,22.096567694755947,4.106474526790944
금,13,용산구,8.625,9.73373595102656,2.1126848152430027
금,13,은평구,22.25,22.22297840348618,3.0473829085564983
금,13,종로구,14.25,14.349066539207069,2.36019573192925
금,13,중구,7.0,7.248831142877249,2.7656117044235935
금,13,중랑구,17.25,20.807876166526487,4.512489339098978
금,14,강남구,15.75,17.462745109903217,2.9377038726948888
금,14,강동구,31.625,34.71006393553665,4.0939563233537095
금,14,강북구,14.625,16.932493319462164,3.5046464577795247
금,14,강서구,27.875,29.645293487823967,5.258014609803395
금,14,관악구,17.25,18.30127278932678,2.783627217697397
금,14,광진구,14.625,16.751546067471562,3.4952651375541963
금,14,구로구,18.625,17.25462923456474,3.3363900495274823
금,14,금천구,5.5,6.189507266705312,2.0815131391888357
금,14,노원구,66.875,65.27229109429503,10.231345222651566
금,14,도봉구,17.375,18.248761112809955,3.7160063441276106
금,14,동대문구,10.875,15.339078305830858,4.464078305830858
금,14,동작구,15.125,18.492029542823317,3.3670295428233166
금,14,마포구,35.75,41.033086225170244,7.867615514818734
금,14,서대문구,30.25,31.352244834887497,4.050621010627779
금,14,서초구,10.0,11.613332260271191,3.6099017678902623
금,14,성동구,9.75,11.371065711741311,2.6287049746632882
금,14,성북구,14.125,15.628451865435256,4.9622786998627895
금,14,송파구,17.75,18.20599301994947,1.5125818933732869
금,14,양천구,22.375,21.220907185257662,2.237415370428759
금,14,영등포구,17.875,18.678983688882145,2.9269675945722393
금,14,용산구,5.75,8.462752118661365,2.7127521186613643
금,14,은평구,22.25,22.10473000367085,2.6331327669237994
금,14,종로구,19.25,18.25209922547135,2.349119355226012
금,14,중구,4.125,6.142993820038441,3.0438931252396766
금,14,중랑구,15.375,17.762647118298553,4.242667042926425
금,15,강남구,10.25,11.684954113310944,1.6005129383220351
금,15,강동구,24.0,26.32056652644384,6.834525160990639
금,15,강북구,13.875,14.024751222446785,2.215671572906883
금,15,강서구,26.25,28.688535688514364,3.6017743117408294
금,15,관악구,15.25,16.20900999258162,3.003633316327377
금,15,광진구,10.375,13.689665859817099,4.7524776809788465
금,15,구로구,14.75,15.312418317557809,2.4813080181252447
금,15,금천구,6.375,6.618177130112929,1.3388763270086694
금,15,노원구,49.25,58.5034487126639,9.253448712663896
금,15,도봉구,16.375,17.595346484903022,2.224534197952436
금,15,동대문구,12.25,14.363004238486216,4.7116291380876305
금,15,동작구,9.25,12.407591578984725,3.217647314019964
금,15,마포구,24.75,29.555543284129897,7.009634355902463
금,15,서대문구,22.75,24.008769833669884,4.995775133913362
금,15,서초구,9.75,10.859928553649905,2.8062156835798095
금,15,성동구,7.0,8.31020539140371,2.2375387465965604
금,15,성북구,15.125,16.02396592546284,2.728030383441369
금,15,송파구,17.25,17.311505262766797,3.3589415517226677
금,15,양천구,11.25,15.132979787459728,3.8829797874597274
금,15,영등포구,16.625,16.997603392755792,2.3666504874814205
금,15,용산구,5.125,5.586977955073153,1.912000210904735
금,15,은평구,19.625,21.720969457882788,3.796850753044851
금,15,종로구,5.875,9.765738280458875,4.788393889493279
금,15,중구,3.625,4.839445903734508,1.7637434400768712
금,15,중랑구,14.125,16.539286302602314,3.28291714960005
금,16,강남구,7.0,10.091501665359662,4.122111936670632
금,16,강동구,18.75,19.736751803135782,2.9794527486842894
금,16,강북구,7.875,9.134811667863241,2.4202366972744285
금,16,강서구,21.25,25.70046704521623,5.753157365838481
금,16,관악구,9.5,10.328591154975584,2.622054547035603
금,16,광진구,7.125,9.761553192438926,2.929298716888035
금,16,구로구,8.75,9.923916842393986,3.673150371541336
금,16,금천구,2.875,4.161410020557852,1.46928922759833
금,16,노원구,39.5,48.49754650347104,10.18999521918702
금,16,도봉구,13.0,16.190427108529526,4.8547874922155225
금,16,동대문구,8.375,12.107469666087036,3.7324696660870362
금,16,동작구,9.875,11.250595091831986,2.241924073676417
금,16,마포구,17.125,19.077291493908362,3.164038404868907
금,16,서대문구,18.875,21.648013911359598,4.630080674219235
금,16,서초구,5.875,9.12730854389994,3.520655959094452
금,16,성동구,6.25,8.891778983775572,3.0322697043704907
금,16,성북구,10.625,12.85988342616433,2.5970257247822675
금,16,송파구,11.25,12.543983839355404,3.161355844317428
금,16,양천구,8.5,10.482100937337423,2.0627773166817036
금,16,영등포구,8.75,15.07501731628945,6.32501731628945
금,16,용산구,3.375,4.127249283609937,2.8691059864559523
금,16,은평구,13.875,16.48440541477427,3.0846511199192586
금,16,종로구,7.375,9.171647378877363,2.4039354830837882
금,16,중구,3.25,4.408114629984505,2.336946440596871
금,16,중랑구,16.375,17.882680955021346,3.661872934205835
금,17,강남구,6.0,7.386276748952994,2.2910221420822325
금,17,강동구,15.5,15.532461426132718,2.3417107335529055
금,17,강북구,5.875,6.250266680948784,2.4905478132690875
금,17,강서구,18.375,18.87516424112804,3.322154124965651
금,17,관악구,4.625,6.006259477620935,2.0883119183177947
금,17,광진구,5.375,8.178840667621529,2.8513164771828823
금,17,구로구,3.375,5.713975460546834,2.934060082730198
금,17,금천구,3.5,3.662260760532577,1.6671868418492788
금,17,노원구,23.625,28.407609490991085,5.073078121066427
금,17,도봉구,7.375,8.720866778709228,3.497064809093506
금,17,동대문구,6.25,7.659453030879187,3.0318125477294418
금,17,동작구,5.375,6.688568316759541,1.8287991888773596
금,17,마포구,14.0,16.523082440511715,4.0781429572077785
금,17,서대문구,19.75,19.808604512747657,4.920531065337391
금,17,서초구,6.0,6.908028681865664,2.677612431390352
금,17,성동구,5.875,7.990436605701823,2.9023662204302187
금,17,성북구,6.875,7.574489696784243,1.4369984270811007
금,17,송파구,9.125,11.5428593051688,3.839293967543401
금,17,양천구,7.125,7.718453036817776,1.7029652635519175
금,17,영등포구,7.125,11.311076996178546,4.993844258327813
금,17,용산구,3.0,3.0146351514383527,1.1748056266963096
금,17,은평구,9.625,12.396563582056078,3.142040733234699
금,17,종로구,8.625,10.243146611433826,3.6371144653388265
금,17,중구,4.5,4.8422937262109285,1.5815708592927515
금,17,중랑구,8.875,10.689930667808843,3.328371003209897
금,18,강남구,4.5,6.33586836750899,2.6241381124862952
금,18,강동구,7.125,7.834750548125493,1.9518375349310486
금,18,강북구,4.875,4.8279047763333915,1.7224640637255146
금,18,강서구,15.375,12.85107173632979,3.6263399861819376
금,18,관악구,3.25,4.372466613753923,2.360801415412587
금,18,광진구,3.75,4.4753503997188515,1.0180397335500997
금,18,구로구,4.875,5.150238005338408,1.632334371064306
금,18,금천구,2.125,3.018207144122306,1.0847902554991797
금,18,노원구,14.125,15.414812889305239,2.7393998705077784
금,18,도봉구,4.875,5.710332470535703,2.6128738187288305
금,18,동대문구,4.75,5.409742492849016,2.384203911020853
금,18,동작구,2.125,4.086849723336448,2.068480431899871
금,18,마포구,11.625,15.014991638458755,4.038179863777602
금,18,서대문구,7.625,9.591184812570804,3.824556681937774
금,18,서초구,4.0,5.812620600045049,2.243529940879781
금,18,성동구,4.625,4.848452541045029,2.094807881536175
금,18,성북구,5.5,6.017339395078464,1.4491654132164982
금,18,송파구,7.5,7.35062709618548,2.8141358638000087
금,18,양천구,6.375,6.585331572937306,2.4283352394451465
금,18,영등포구,6.25,8.755561382202153,2.8887294462068116
금,18,용산구,1.625,2.3607454956593807,1.3832495553978144
금,18,은평구,9.25,9.63233930520338,1.3177855020244085
금,18,종로구,6.75,8.902052629167482,2.5779751866097755
금,18,중구,4.625,5.012289973539669,0.816348499626381
금,18,중랑구,5.5,6.682679615147092,1.4133879012954116
금,19,강남구,3.5,4.724881129246621,1.2248811292466213
금,19,강동구,3.75,4.2330897588806105,1.735842725309608
금,19,강북구,2.625,3.018693204187816,1.3070587790480692
금,19,강서구,7.0,6.451321308011524,1.8652635492389091
금,19,관악구,1.125,2.686013275037576,1.5610132750375758
금,19,광진구,2.375,2.803006060211024,0.8599194862778279
금,19,구로구,3.25,3.026662054555544,1.0491762663642061
금,19,금천구,2.125,1.8721075649265562,1.5408474716301117
금,19,노원구,6.375,8.783423405262182,2.872220746183534
금,19,도봉구,2.625,2.8087242904931693,1.1881435608122137
금,19,동대문구,2.375,2.775446640002681,1.6374101020300038
금,19,동작구,3.0,3.1575040610365965,1.4416278110278384
금,19,마포구,5.75,7.477197179808936,3.1994311627411136
금,19,서대문구,3.0,4.085852562370635,1.1151986270626693
금,19,서초구,5.0,4.827150610497682,2.165473381720134
금,19,성동구,4.0,3.0472261417230158,1.2251332344452224
금,19,성북구,1.875,2.6999308484730213,1.8064524458655333
금,19,송파구,3.25,3.9415269699800826,1.8348359176172324
금,19,양천구,2.125,2.492560393223857,1.077343908194432
금,19,영등포구,5.25,5.969907883590043,1.6357933974670253
금,19,용산구,2.375,2.25426428984767,1.7680158246982776
금,19,은평구,4.375,4.737903408379941,1.3926335893422945
금,19,종로구,8.125,6.937013842552156,2.1997055349626953
금,19,중구,2.875,3.3598688975799664,1.2790664234498665
금,19,중랑구,7.0,5.026559011289587,2.5987137947062258
금,20,강남구,3.0,2.522008199205037,1.3779430556532222
금,20,강동구,2.125,2.200804798596183,1.914586865715312
금,20,강북구,2.375,1.464925563111805,1.5514174729055865
금,20,강서구,5.0,4.158758593241457,1.5849242841689348
금,20,관악구,1.375,1.3114164346890158,0.6510012174469492
금,20,광진구,1.125,1.2468471069536444,1.2180783226123497
금,20,구로구,1.625,1.598756338739905,1.1278787620903707
금,20,금천구,0.5,0.6991212895248424,0.6715174570229749
금,20,노원구,4.125,5.368984134788826,1.2439841347888256
금,20,도봉구,1.25,1.371013461367333,0.5435318307810626
금,20,동대문구,2.25,1.51823350522092,1.0703266631762087
금,20,동작구,1.625,1.5810731592408118,0.8337174180951566
금,20,마포구,1.625,1.5245205662067576,1.0619126730173467
금,20,서대문구,1.0,1.2393142419166265,0.6675913094673819
금,20,서초구,2.25,2.0217046483938645,1.0332362654608167
금,20,성동구,0.75,1.0881075416566928,0.8562582421322912
금,20,성북구,0.5,1.4006063888340317,1.4019900626256923
금,20,송파구,1.375,2.05813827932849,1.2346546896974755
금,20,양천구,1.125,1.0670444924707367,0.45628938724694945
금,20,영등포구,1.75,2.032159418528689,1.6447229042688334
금,20,용산구,1.625,1.3281813970610126,1.5545537893180714
금,20,은평구,2.125,2.2450180890768143,1.2530014637039433
금,20,종로구,3.0,2.128039299314729,1.5723866336847583
금,20,중구,1.75,1.7719314513659483,0.8746938441743721
금,20,중랑구,1.75,2.4069797619438664,1.084995893957516
금,21,강남구,1.5,1.2395902869295574,0.6022899391663761
금,21,강동구,1.375,1.3791681768485315,0.9996531253493925
금,21,강북구,0.75,0.8022691120010295,0.6140799827915429
금,21,강서구,2.25,2.421688852001181,1.3738437554141765
금,21,관악구,1.25,1.2025330904000149,0.5428872799848445
금,21,광진구,0.875,1.0401463467159366,0.7329064215586902
금,21,구로구,1.0,1.5919817793595994,0.9096560325682009
금,21,금천구,0.625,0.34844057346024204,0.6386230656133938
금,21,노원구,2.875,2.5379204339213155,2.1571530497734934
금,21,도봉구,0.125,0.5336805679366412,0.49628160873449967
금,21,동대문구,1.75,1.3556182711940492,1.0280076645915959
금,21,동작구,1.125,0.9166141848878405,0.6744392262273565
금,21,마포구,1.25,1.2237501216209803,0.8303641141734751
금,21,서대문구,1.125,0.9653465278008965,0.9535256067081702
금,21,서초구,1.25,1.1681668615417424,0.7846071734113956
금,21,성동구,0.125,0.6698107352831133,0.6081910598423351
금,21,성북구,1.125,1.2559761279957755,0.7418094281035034
금,21,송파구,1.5,1.4775926854828545,1.2896612432033727
금,21,양천구,0.25,0.5690521727996393,0.6421893453521762
금,21,영등포구,1.5,1.6049675820631697,1.0384495271425132
금,21,용산구,0.625,0.9806591197610718,0.6729627514357877
금,21,은평구,1.625,1.2080481719604705,0.7121685084725412
금,21,종로구,0.875,1.646281336691526,0.8142607109958611
금,21,중구,0.375,0.9074136954438533,0.8818579133549461
금,21,중랑구,0.75,1.4091788134177563,0.8108134128435868
금,22,강남구,1.625,1.2722640853995526,1.0474214849333081
금,22,강동구,0.875,0.933601486644294,0.9326719854610204
금,22,강북구,0.375,0.5223472441276303,0.7863413766703022
금,22,강서구,1.625,1.56902493553623,0.8893639237841134
금,22,관악구,0.75,0.9396826415309597,0.5245546130451499
금,22,광진구,0.625,0.6761049830654503,0.56489693078908
금,22,구로구,1.25,1.2528988673752983,1.0974612217128938
금,22,금천구,0.625,0.28557993880331806,0.6349604080894855
금,22,노원구,0.875,1.7360106023688973,0.9912819084401735
금,22,도봉구,0.125,0.2821431811847187,0.3544433258191322
금,22,동대문구,1.25,0.7773548085676338,1.2308670569793991
금,22,동작구,0.0,0.472165016345601,0.472165016345601
금,22,마포구,1.125,1.0923608979590496,0.9122286893461562
금,22,서대문구,0.375,0.6185988839695941,0.6995860990381599
금,22,서초구,0.5,0.6919242052331125,0.6409637414933012
금,22,성동구,1.0,0.6998331312660598,0.6120371911307952
금,22,성북구,0.5,0.5006828082430805,0.7884538646302629
금,22,송파구,1.25,1.068146436480501,0.2861873883910391
금,22,양천구,0.25,0.7057207068211251,0.6066864503238683
금,22,영등포구,0.625,1.1697355916804224,0.7394845288347651
금,22,용산구,1.375,1.0549938647782207,0.6900579311305228
금,22,은평구,0.75,0.6139686766295616,0.47966586647640985
금,22,종로구,1.125,1.3160522779591912,0.5623664906851049
금,22,중구,1.5,1.0016118709625952,0.896691354154606
금,22,중랑구,0.75,0.719384618861649,0.9897922593243547
금,23,강남구,0.875,0.6698764938567296,0.8020663187248662
금,23,강동구,1.0,0.8184501902238014,0.8928480786904098
금,23,강북구,0.125,0.30737369997046393,0.35323481796059325
금,23,강서구,0.875,0.8423003706038036,0.8764158007419416
금,23,관악구,0.5,0.4264668274340867,0.49998829663711397
금,23,광진구,0.625,0.3630970051873553,0.6232738653625555
금,23,구로구,1.5,0.5523060702238876,1.189193885319634
금,23,금천구,0.375,0.19707666778888794,0.4210050706409741
금,23,노원구,0.75,0.9866947286081469,0.7783642869290497
금,23,도봉구,0.25,0.2030873384887366,0.406988430885216
금,23,동대문구,0.25,0.5093655046699439,0.5126329824010327
금,23,동작구,0.25,0.2554438337132153,0.44724180118416856
금,23,마포구,0.5,0.4350891549377326,0.5687907378158159
금,23,서대문구,0.5,0.5025434521510656,0.48960142321514294
금,23,서초구,0.0,0.3364820787702138,0.3364820787702138
금,23,성동구,0.25,0.31547477052146067,0.3994042235625096
금,23,성북구,0.5,0.37559536982245384,0.6110526460268321
금,23,송파구,0.5,0.5717405523279726,0.4527747505010208
금,23,양천구,0.125,0.4032144589236735,0.4266603036082003
금,23,영등포구,0.875,0.6286479902848702,0.9129702577196744
금,23,용산구,0.625,0.4825855814455695,0.7771649816601761
금,23,은평구,0.375,0.4367616308464329,0.48112793513354857
금,23,종로구,0.125,0.5290305672987354,0.526305258269552
금,23,중구,0.75,0.538806248311482,0.6379054235164501
금,23,중랑구,0.75,0.4615476020376603,0.6202567807746835
목,0,강남구,0.625,0.32769549618668703,0.526053057225825
목,0,강동구,0.375,0.22220051242465066,0.47444118927646467
목,0,강북구,0.375,0.19284173407289734,0.446860043014464
목,0,강서구,0.125,0.3651676916872379,0.3470232104201008
목,0,관악구,0.0,0.1936122677556495,0.1936122677556495
목,0,광진구,0.5,0.1363770338898442,0.523885966232221
목,0,구로구,0.5,0.24541081580437482,0.5605743219946121
목,0,금천구,0.125,0.08367532358678566,0.1835940145186739
목,0,노원구,0.375,0.5751365982094525,0.7717165854452055
목,0,도봉구,0.0,0.08461404201573818,0.08461404201573818
목,0,동대문구,0.25,0.2651495447209539,0.39436695359811325
목,0,동작구,0.0,0.10343808044310335,0.10343808044310335
목,0,마포구,0.25,0.20176178857867252,0.3731556150986631
목,0,서대문구,0.5,0.37492629110229914,0.526867108821098
목,0,서초구,0.0,0.15386185801047808,0.15386185801047808
목,0,성동구,0.0,0.0974400331922479,0.0974400331922479
목,0,성북구,0.125,0.1367259121475182,0.22670124419804635
목,0,송파구,0.0,0.21648219377135602,0.21648219377135602
목,0,양천구,0.0,0.14080173662706244,0.14080173662706244
목,0,영등포구,0.25,0.17497622927496523,0.3905342621252041
목,0,용산구,0.0,0.18033655216975433,0.18033655216975433
목,0,은평구,0.125,0.11044446418375654,0.20955308867539518
목,0,종로구,0.125,0.2298095298963439,0.307155492126043
목,0,중구,0.125,0.22246354111379285,0.25151179161052695
목,0,중랑구,0.0,0.15484324856862808,0.15484324856862808
목,1,강남구,0.125,0.12262968619928101,0.2239354203571407
목,1,강동구,0.625,0.203444337736078,0.661836319805707
목,1,강북구,0.25,0.12207679425123627,0.2989703382460166
목,1,강서구,0.25,0.23349572358892656,0.3624087041504832
목,1,관악구,0.125,0.15333591168726335,0.24551848943976873
목,1,광진구,0.0,0.047480284612933285,0.047480284612933285
목,1,구로구,0.0,0.08441181896908355,0.08441181896908355
목,1,금천구,0.0,0.05325754866400296,0.05325754866400296
목,1,노원구,0.375,0.32436327254090525,0.5289962155793542
목,1,도봉구,0.125,0.07020157115210945,0.18026301285233687
목,1,동대문구,0.125,0.1611099928154397,0.23937568477738136
목,1,동작구,0.0,0.056079164624091946,0.056079164624091946
목,1,마포구,0.0,0.11355523426199246,0.11355523426199246
목,1,서대문구,0.625,0.2023236959744845,0.626219740388531
목,1,서초구,0.0,0.17078471233626988,0.17078471233626988
목,1,성동구,0.0,0.07227165367204429,0.07227165367204429
목,1,성북구,0.125,0.1237942522624308,0.22000240861278642
목,1,송파구,0.375,0.15472316810027117,0.41290581893467593
목,1,양천구,0.0,0.0810253276916236,0.0810253276916236
목,1,영등포구,0.0,0.09638370154545525,0.09638370154545525
목,1,용산구,0.0,0.13615994771019474,0.13615994771019474
목,1,은평구,0.0,0.06652341113620112,0.06652341113620112
목,1,종로구,0.25,0.1723649498480755,0.3258667296533377
목,1,중구,0.0,0.15310474738686178,0.15310474738686178
목,1,중랑구,0.0,0.10370627727586218,0.10370627727586218
목,2,강남구,0.125,0.13312694171759992,0.21171422360746964
목,2,강동구,0.0,0.13109031100175458,0.13109031100175458
목,2,강북구,0.375,0.1550114448709139,0.4261989676276519
목,2,강서구,0.375,0.2757845569463015,0.4540047728696339
목,2,관악구,0.375,0.25120748052967135,0.44665491098797083
목,2,광진구,0.0,0.04072096057154997,0.04072096057154997
목,2,구로구,0.25,0.06049732969740832,0.2852978953708559
목,2,금천구,0.125,0.048753725164713047,0.16275856138410946
목,2,노원구,0.25,0.2951319953725091,0.47908696497272996
목,2,도봉구,0.0,0.0666529839669969,0.0666529839669969
목,2,동대문구,0.0,0.12760358088699955,0.12760358088699955
목,2,동작구,0.0,0.058925656800205936,0.058925656800205936
목,2,마포구,0.0,0.08584817012344795,0.08584817012344795
목,2,서대문구,0.125,0.11192421570495033,0.20319587862981636
목,2,서초구,0.625,0.44445461929150704,0.5274588965051742
목,2,성동구,0.5,0.08439849751004275,0.511157280426936
목,2,성북구,0.125,0.07617590466492848,0.18721784969700847
목,2,송파구,0.25,0.12242510124656444,0.2959918325791747
목,2,양천구,0.0,0.07231396302141901,0.07231396302141901
목,2,영등포구,0.125,0.11800302413594355,0.21444467469995118
목,2,용산구,0.125,0.12251668175600355,0.22186824718302564
목,2,은평구,0.0,0.048171216688792526,0.048171216688792526
목,2,종로구,0.0,0.10780040385435845,0.10780040385435845
목,2,중구,0.125,0.2057142628098504,0.2813261554302406
목,2,중랑구,0.375,0.15058080447223543,0.48312486169196467
목,3,강남구,0.0,0.11902092714789814,0.11902092714789814
목,3,강동구,0.25,0.16885888037760102,0.3905765045560933
목,3,강북구,0.375,0.19099165350185185,0.44746107461682294
목,3,강서구,0.375,0.39488269503602064,0.4321465327987934
목,3,관악구,0.125,0.13472797332850941,0.21617649308099673
목,3,광진구,0.0,0.0380636683293881,0.0380636683293881
목,3,구로구,0.0,0.05487285124530832,0.05487285124530832
목,3,금천구,0.0,0.0633635819912929,0.0633635819912929
목,3,노원구,0.25,0.1466597132261098,0.35279662202519574
목,3,도봉구,0.125,0.055831636030415514,0.16905963589780854
목,3,동대문구,0.0,0.0803787311824366,0.0803787311824366
목,3,동작구,0.125,0.06392192578805435,0.16959594188357258
목,3,마포구,0.125,0.1270276042498204,0.23156662239943687
목,3,서대문구,0.0,0.07925623278069896,0.07925623278069896
목,3,서초구,0.0,0.07523249208520132,0.07523249208520132
목,3,성동구,0.0,0.06597475541652853,0.06597475541652853
목,3,성북구,0.25,0.09708533409905662,0.27419181396081743
목,3,송파구,0.125,0.08502366390999572,0.18796519038524825
목,3,양천구,0.125,0.08623726165943507,0.1915406081708732
목,3,영등포구,0.25,0.11739696469053786,0.32717754294681567
목,3,용산구,0.125,0.0719542987904861,0.1692964498266337
목,3,은평구,0.125,0.04982289220317402,0.16333873792121564
목,3,종로구,0.0,0.09980996276502876,0.09980996276502876
목,3,중구,0.0,0.08567155843281186,0.08567155843281186
목,3,중랑구,0.0,0.0766036624938941,0.0766036624938941
목,4,강남구,0.5,0.443804073961518,0.48280135458201234
목,4,강동구,0.75,0.8195869639433542,0.6560480134769413
목,4,강북구,0.5,0.4910641533803303,0.5302211991322359
목,4,강서구,0.75,1.1576544584153028,0.6446188988999614
목,4,관악구,2.5,1.8361537969548745,0.792500051608257
목,4,광진구,0.0,0.04819812721415881,0.04819812721415881
목,4,구로구,0.0,0.11588279973672554,0.11588279973672554
목,4,금천구,0.125,0.31861018595661295,0.27532974871599714
목,4,노원구,1.875,1.8383285912027574,0.6551402507404805
목,4,도봉구,0.125,0.09183943738739678,0.19451869766191796
목,4,동대문구,0.5,0.3440379735389354,0.426005436947017
목,4,동작구,0.5,0.7473799486306959,0.5550901037007164
목,4,마포구,0.75,1.0846673425008875,0.3622638053481333
목,4,서대문구,0.0,0.06784607267852934,0.06784607267852934
목,4,서초구,0.0,0.11258564065489615,0.11258564065489615
목,4,성동구,0.0,0.06467109631693,0.06467109631693
목,4,성북구,0.625,0.5285036496070246,0.4336877201907119
목,4,송파구,0.375,0.36350134056785693,0.6045746551014299
목,4,양천구,0.0,0.1132822264870443,0.1132822264870443
목,4,영등포구,0.0,0.16805497924949342,0.16805497924949342
목,4,용산구,0.0,0.04271906080259945,0.04271906080259945
목,4,은평구,0.5,0.4274820513773066,0.6042679442752648
목,4,종로구,0.0,0.08694339075548072,0.08694339075548072
목,4,중구,0.0,0.07425575351683088,0.07425575351683088
목,4,중랑구,0.25,0.2646093008635669,0.3487257572152193
목,5,강남구,1.125,1.1076419811488274,0.24458487332074058
목,5,강동구,0.875,1.096868048831728,0.7955194574013897
목,5,강북구,0.25,0.41721992679540953,0.49203580883061887
목,5,강서구,1.375,1.4457643424947113,0.5385564257177096
목,5,관악구,0.125,0.23259354272077087,0.3044447986727549
목,5,광진구,0.125,0.07351164018551784,0.18664188246719765
목,5,구로구,0.25,0.13961139151729973,0.27825983570666335
목,5,금천구,0.0,0.1436716984580327,0.1436716984580327
목,5,노원구,1.75,1.5962167207977342,0.815578438525911
목,5,도봉구,2.0,1.7038250156387236,0.5009899619685153
목,5,동대문구,0.125,0.3098519584106899,0.3316909962222983
목,5,동작구,1.625,1.428008270828724,0.750850634508589
목,5,마포구,0.625,0.5815690247301526,0.5359141571753344
목,5,서대문구,0.625,0.5460965218907082,0.5369989586703494
목,5,서초구,0.75,0.5997310870205558,0.6834533256405916
목,5,성동구,0.0,0.2340652532697776,0.2340652532697776
목,5,성북구,1.0,0.8515536285649676,0.1484463714350323
목,5,송파구,0.375,0.5616209829838688,0.4855646282693866
목,5,양천구,1.0,1.3118874759575738,0.8268583486038009
목,5,영등포구,0.375,0.3004881627596398,0.48562774040431894
목,5,용산구,0.0,0.045483981967501835,0.045483981967501835
목,5,은평구,0.25,0.93413044405632,0.8343854881540389
목,5,종로구,0.0,0.049031444824768844,0.049031444824768844
목,5,중구,0.125,0.044765775674795935,0.15950291150898963
목,5,중랑구,0.25,0.27846807764148335,0.4164834874831244
목,6,강남구,0.125,0.2975727092109185,0.3842613424698742
목,6,강동구,2.5,1.6622228953849472,1.0624998308272389
목,6,강북구,1.625,1.9369860657133742,0.5153233375359514
목,6,강서구,1.125,2.230851147034992,1.105851147034992
목,6,관악구,1.875,2.1736914118199167,0.8899942561094739
목,6,광진구,0.875,1.0409977081262518,0.2819729694923344
목,6,구로구,0.125,0.36817324557259246,0.4353664645384888
목,6,금천구,0.375,0.6783327723171584,0.43585454644558536
목,6,노원구,1.75,1.7836947690811005,0.7406194631839623
목,6,도봉구,1.0,1.4513095234021591,0.6134813383397082
목,6,동대문구,2.125,1.8209914084348173,0.8808043509556299
목,6,동작구,0.875,0.8250812347923432,0.1914834517180966
목,6,마포구,0.75,1.0506581319783914,0.8941129232062922
목,6,서대문구,3.75,4.303216413209285,0.8653836481264376
목,6,서초구,0.25,0.16669943501208986,0.3352581937633212
목,6,성동구,0.5,0.9718681689060986,0.5083259903235006
목,6,성북구,0.75,0.946100655892458,0.5083050309107183
목,6,송파구,0.25,0.484250531684363,0.4913063108025589
목,6,양천구,0.625,0.6013055341101861,0.7042183840568512
목,6,영등포구,0.75,0.6530547479426714,0.6853073104188141
목,6,용산구,0.875,1.1819816019613638,0.5103379909698351
목,6,은평구,1.75,2.055459399837553,0.4887470269095844
목,6,종로구,0.125,0.07301101472906278,0.1821569450683704
목,6,중구,0.0,0.06841822564194505,0.06841822564194505
목,6,중랑구,1.0,0.7358763597707192,0.7589698856476547
목,7,강남구,7.0,8.142423590476824,1.682904989477996
목,7,강동구,10.75,12.47455020484863,2.570964872903079
목,7,강북구,9.5,11.27429380690304,2.751510326729655
목,7,강서구,11.25,12.907686438090234,2.621552230853125
목,7,관악구,10.5,11.658929646151089,1.9548272527228128
목,7,광진구,7.0,7.816057838724793,1.406575076045341
목,7,구로구,4.875,7.23793894345816,2.4090503604387004
목,7,금천구,5.5,5.828190152427814,1.372062459359886
목,7,노원구,14.75,20.587441847400076,5.837441847400075
목,7,도봉구,3.5,4.609286964068065,2.010798024138146
목,7,동대문구,9.625,10.363322655060857,2.130500664691125
목,7,동작구,5.625,6.000606364777919,1.4246472666823575
목,7,마포구,13.125,14.907845698593484,2.127707893770786
목,7,서대문구,12.25,12.573249009562055,1.4363223620272139
목,7,서초구,3.5,5.52400155709783,2.120365346552367
목,7,성동구,3.875,5.225454485076734,1.9501750467055106
목,7,성북구,11.375,13.708316434690449,2.3333164346904494
목,7,송파구,10.5,12.059073303873895,2.6837942720712107
목,7,양천구,6.25,6.497536245493403,0.7972683513046839
목,7,영등포구,9.25,10.291616738010251,1.9022283336010621
목,7,용산구,5.125,6.737910804712788,1.9503605279266116
목,7,은평구,9.375,11.520407276723407,2.3419885771241775
목,7,종로구,5.25,5.265024650965791,1.385316674867312
목,7,중구,1.25,1.6523947614017445,0.997251055585364
목,7,중랑구,11.125,12.22992196426366,1.5584169733103113
목,8,강남구,11.875,12.062623837896568,0.889568603464533
목,8,강동구,20.375,20.502493534539024,1.7128770413404837
목,8,강북구,8.375,9.929739013861122,2.0586375473247305
목,8,강서구,19.625,20.39161415312457,3.0595683704683965
목,8,관악구,13.0,14.720247098691306,1.8014756673426355
목,8,광진구,7.5,8.123666315352601,1.118703329032798
목,8,구로구,12.75,13.4327615377376,1.6224526247803872
목,8,금천구,3.625,4.833207913656134,1.3639211074172213
목,8,노원구,35.25,37.52798071422269,4.639393234621894
목,8,도봉구,12.875,14.26358916169217,2.2772381867631384
목,8,동대문구,20.375,18.499844965609682,1.8751550343903163
목,8,동작구,14.0,14.468320698192233,1.3829758615554095
목,8,마포구,17.125,17.998145215339395,2.418584471529174
목,8,서대문구,15.625,16.32790370498998,1.853713010611289
목,8,서초구,8.375,8.284119870476605,1.4225393892886609
목,8,성동구,8.375,8.667646239829764,1.3004125246355325
목,8,성북구,17.0,17.06426276882921,1.9266631490482715
목,8,송파구,11.875,12.19450009845949,2.3869009798732277
목,8,양천구,10.0,9.995032171441759,1.43182075013062
목,8,영등포구,7.75,10.486398310982334,3.0458486929054764
목,8,용산구,6.0,6.5828760216666655,1.6225540593212686
목,8,은평구,22.875,22.29514475535939,1.779131647615292
목,8,종로구,6.75,7.48637180608522,1.5441715572435994
목,8,중구,5.125,4.47639603039876,1.6216877515334964
목,8,중랑구,9.5,10.73924383370015,2.1149157339974414
목,9,강남구,10.625,12.397558360072226,2.0272975749068887
목,9,강동구,21.375,20.396105827661135,3.583775769016472
목,9,강북구,7.25,9.83591703978061,2.5859170397806093
목,9,강서구,21.875,25.18953448562084,3.6619143750881276
목,9,관악구,15.0,15.702674074367815,2.2712725727731917
목,9,광진구,10.5,12.805466296971456,2.461256986424073
목,9,구로구,14.375,16.422699626741043,2.3968225719227454
목,9,금천구,6.75,7.470138664901919,1.2405203753762102
목,9,노원구,42.125,43.766244680955076,4.246625950533948
목,9,도봉구,12.75,15.302558779889852,3.8491665790420946
목,9,동대문구,13.375,16.105773372940373,3.6612958042937125
목,9,동작구,12.0,13.418660899525044,3.6903952467441035
목,9,마포구,18.875,19.522016496055485,1.9177109105407453
목,9,서대문구,20.125,22.994583280298794,3.279429065686845
목,9,서초구,10.875,9.753834954428891,1.846702436280026
목,9,성동구,7.125,10.005828795447899,2.9556367210559906
목,9,성북구,15.5,16.538782858976642,1.7699561448115884
목,9,송파구,12.75,15.030230666966863,3.3604805585006825
목,9,양천구,13.875,15.570899917319313,2.006178497770848
목,9,영등포구,11.875,11.390650384886557,3.3472953569416575
목,9,용산구,7.125,8.0248271423304,1.4567629547733536
목,9,은평구,22.625,22.447910080938417,1.3922631178924298
목,9,종로구,6.375,6.565071759089044,1.3415144018134526
목,9,중구,4.5,4.910363547408149,1.6563536077496437
목,9,중랑구,14.625,15.017129634657499,1.9791875782409094
목,10,강남구,13.0,14.067852052969025,2.208976418156601
목,10,강동구,31.375,34.12078204667146,5.601616747031172
목,10,강북구,14.875,14.782201196464456,2.8558566058705326
목,10,강서구,31.25,30.40673083296867,2.9146515606971026
목,10,관악구,12.5,15.46066380002403,3.519631129890291
목,10,광진구,10.125,13.439434165235449,3.4436304996344287
목,10,구로구,19.0,20.2530170133611,3.587107967733857
목,10,금천구,7.125,7.724184636348658,2.4295325986128606
목,10,노원구,44.0,49.837118338556266,6.319652638801003
목,10,도봉구,18.0,18.0245836968099,4.534504705714246
목,10,동대문구,17.125,17.19941718665949,2.8399243419914555
목,10,동작구,13.375,13.609860552018334,1.5413200604703594
목,10,마포구,20.125,20.888202992549342,1.854981556596087
목,10,서대문구,29.625,31.574567866839544,4.106481740417903
목,10,서초구,9.0,11.041606454626756,2.603560077571578
목,10,성동구,8.125,8.40283029529362,2.1544178629708344
목,10,성북구,13.5,14.913362316536608,3.0259265824096846
목,10,송파구,16.875,18.376741451590938,2.1461730758607147
목,10,양천구,15.5,20.43692812293038,4.940538129323783
목,10,영등포구,19.75,16.81322435186081,3.6849003211970084
목,10,용산구,10.125,8.791850021009378,2.2073909378853536
목,10,은평구,19.125,22.78170447062159,3.829994779751848
목,10,종로구,7.5,8.852339005586492,2.0082961970042397
목,10,중구,6.5,6.470828721747405,1.6962406747747252
목,10,중랑구,20.625,22.432388929588345,2.7295040910420387
목,11,강남구,12.25,14.64877516606062,3.276844439398874
목,11,강동구,27.375,27.54623371246696,2.5002623288143466
목,11,강북구,11.5,14.528337388228014,3.028337388228014
목,11,강서구,26.0,27.95834878317233,3.745377425781081
목,11,관악구,13.375,14.84207149889754,3.058261983367587
목,11,광진구,12.25,13.183984895886617,2.8734990170898245
목,11,구로구,14.5,16.1959716359379,2.3963976382127354
목,11,금천구,5.75,7.0826553967937596,1.9747860888819346
목,11,노원구,32.5,35.40885279377341,3.9704395563228863
목,11,도봉구,11.5,12.738781359326868,2.0563501987416695
목,11,동대문구,14.375,17.608895182768187,3.37397296709953
목,11,동작구,15.375,15.50649849877979,1.4890336630377559
목,11,마포구,20.5,22.52946784108855,3.5301054479876157
목,11,서대문구,23.0,22.478626264358358,4.628919455258534
목,11,서초구,8.875,9.630643726862854,3.1473333969869364
목,11,성동구,8.625,10.619804572202975,3.028471004982986
목,11,성북구,9.25,12.795324398806258,4.025597064383186
목,11,송파구,13.375,14.391831522918059,2.7346927853307794
목,11,양천구,14.125,15.906824810340007,2.551836487697514
목,11,영등포구,13.5,16.824969046577994,3.4999122776382534
목,11,용산구,9.25,9.306225264444238,1.436565762184705
목,11,은평구,20.625,21.747176436218805,2.7557664245557842
목,11,종로구,9.375,10.426077184179643,3.4110017047237924
목,11,중구,3.75,5.200550447013363,1.8737161870468675
목,11,중랑구,14.125,15.178491161553943,5.285020056793721
목,12,강남구,18.25,18.94579322618136,3.0019620742741697
목,12,강동구,28.0,30.12382236691513,3.2993470048438267
목,12,강북구,15.0,15.623591053002633,2.5851051107075285
목,12,강서구,33.0,32.909355441015315,2.8299189790218877
목,12,관악구,20.0,20.841030058762744,2.4121605292307886
목,12,광진구,15.5,15.997370698952256,2.394412666174619
목,12,구로구,18.5,18.632210506128217,4.674729187733209
목,12,금천구,7.75,8.473947424259697,2.431556046279341
목,12,노원구,40.625,46.7429442216695,6.723583016491776
목,12,도봉구,18.875,16.49714934950747,3.1802585873509663
목,12,동대문구,21.75,21.659436961063783,4.289297075018844
목,12,동작구,15.625,17.29232281994629,2.8915156441446848
목,12,마포구,24.5,28.965560175073986,5.496879485594339
목,12,서대문구,38.875,37.74967421555806,3.884959728601343
목,12,서초구,13.5,14.405635969020391,3.2155959424027043
목,12,성동구,10.75,13.685612026852773,3.0059023302378014
목,12,성북구,14.125,15.3360746576529,4.058395072982682
목,12,송파구,20.75,20.667521236712407,3.184689891637941
목,12,양천구,25.375,24.738883846535998,3.572203276175002
목,12,영등포구,22.125,22.460351132104623,4.446690478074924
목,12,용산구,9.5,9.563373586793746,1.946974530709131
목,12,은평구,20.875,22.986348051805315,3.8987979415690406
목,12,종로구,14.0,14.249223750905088,2.0581523946514015
목,12,중구,5.375,7.947003011976808,2.736199838696518
목,12,중랑구,23.25,23.104762744943645,2.2949028604646355
목,13,강남구,18.25,18.511931049585417,2.8555487302021136
목,13,강동구,28.0,29.253459897649257,2.931378268953985
목,13,강북구,10.875,12.113119873157125,3.6960921133727718
목,13,강서구,31.375,30.46965452854772,3.9168502336933795
목,13,관악구,10.875,14.747420857829708,3.8724208578297072
목,13,광진구,14.75,14.87272661528729,3.3107270684465635
목,13,구로구,13.625,15.79611365441763,2.5415438045598506
목,13,금천구,6.125,7.603488550321227,2.8950450457252983
목,13,노원구,48.375,51.22406806914275,5.609698062802439
목,13,도봉구,13.375,14.068936656792658,2.1615424707961557
목,13,동대문구,14.5,16.052945101044884,4.201220152776804
목,13,동작구,12.875,14.264014272659418,3.6340929790619008
목,13,마포구,37.375,34.97482740988376,6.351535702329486
목,13,서대문구,32.125,28.728095749834203,4.952588325786111
목,13,서초구,11.625,13.359070657779833,2.402101155174713
목,13,성동구,11.875,12.488346541152506,2.3645030745734585
목,13,성북구,12.75,15.00617384166833,3.026918682005373
목,13,송파구,18.375,18.425855900145347,3.0399472493573674
목,13,양천구,21.25,20.88628470428729,2.0201350871306474
목,13,영등포구,16.5,18.306842779173227,4.935799172814292
목,13,용산구,5.625,8.588975598301387,3.0491049777122794
목,13,은평구,21.0,21.24472389078081,4.3666102441546535
목,13,종로구,11.5,12.079501651443236,4.036423347334757
목,13,중구,3.875,6.537297297896117,3.420598807717653
목,13,중랑구,21.75,20.1060340315304,3.9108296044026813
목,14,강남구,16.125,16.67752114882221,2.8313875127458696
목,14,강동구,33.25,31.603619287383786,6.745399608357623
목,14,강북구,19.75,17.760464876202303,3.4836028033114137
목,14,강서구,28.625,28.011474040757733,3.990386198588047
목,14,관악구,15.875,16.86492491965844,2.5617786101447115
목,14,광진구,15.0,16.34708086329418,2.476448977457106
목,14,구로구,14.0,14.519397431475605,2.490208565443216
목,14,금천구,4.625,5.696665012312338,1.6187981018609197
목,14,노원구,56.375,58.311647401587145,5.800180074370036
목,14,도봉구,14.75,15.932030212916565,3.499196800932677
목,14,동대문구,13.0,15.253102106316055,3.116739788144712
목,14,동작구,14.25,15.634849826324393,2.580402987067389
목,14,마포구,29.5,36.470172970612154,7.709134086880181
목,14,서대문구,30.625,29.776021679574328,3.2073215128134986
목,14,서초구,12.5,11.470883261501333,3.1619446797062594
목,14,성동구,5.0,8.985291831425382,3.9852918314253825
목,14,성북구,13.125,13.622385424785293,3.4403432567640193
목,14,송파구,18.375,17.141732208213682,2.940534804882544
목,14,양천구,18.25,18.795045285763045,2.588141246879152
목,14,영등포구,17.875,17.780514327848685,3.578085976418409
목,14,용산구,8.5,8.839053180170257,1.8813176431989447
목,14,은평구,21.375,20.589185432415874,2.2124373900584935
목,14,종로구,15.375,16.119965896277165,1.520223813974964
목,14,중구,5.375,6.198364491445134,2.1719527816970827
목,14,중랑구,17.0,17.018196052918654,3.258997889749142
목,15,강남구,11.5,10.836767175134172,2.0523275243597885
목,15,강동구,21.625,23.572581256427668,3.473635904396124
목,15,강북구,10.875,12.708235128726287,2.2072166532638473
목,15,강서구,29.625,27.23758793324817,3.2791101175610247
목,15,관악구,13.875,15.685308242681181,4.986333908584056
목,15,광진구,12.875,13.887233473685907,2.2118500002100197
목,15,구로구,13.5,14.367379676693135,2.1129647990707205
목,15,금천구,4.625,5.871384284254123,2.6743093348424143
목,15,노원구,55.375,55.033742040722224,8.766832959509856
목,15,도봉구,15.25,16.204247796063317,2.7189250907594293
목,15,동대문구,13.375,15.072428421477136,4.522994555428402
목,15,동작구,8.625,11.89279723733896,3.5620859290415865
목,15,마포구,26.875,27.66524553849861,1.7856160539471961
목,15,서대문구,20.375,21.21077793595404,2.368429489161435
목,15,서초구,11.75,10.97267345841601,1.3927465983496834
목,15,성동구,7.125,7.604650141147191,1.3972607343019072
목,15,성북구,15.0,15.132798424737594,2.338185283952498
목,15,송파구,14.25,15.186293986529444,2.278742201021996
목,15,양천구,17.25,14.941268862006348,3.5277495101966716
목,15,영등포구,16.0,16.17241630605811,1.4110342298328193
목,15,용산구,5.5,5.603319890195075,1.618115380590413
목,15,은평구,21.125,20.978977623034037,3.4215895056904975
목,15,종로구,10.0,10.614205467741531,1.5149495795042731
목,15,중구,3.375,4.609689941687774,2.1935533616055927
목,15,중랑구,13.875,14.852509855373125,3.498686542419039
목,16,강남구,11.625,11.202409869245326,3.630968591267976
목,16,강동구,17.375,18.630613453984985,2.966628419333968
목,16,강북구,7.25,8.119403145256598,1.7913884060063388
목,16,강서구,20.375,23.742363880073565,3.3673638800735666
목,16,관악구,9.125,8.906147362720763,1.0416477685285415
목,16,광진구,10.5,11.309558953982162,3.9424572587184503
목,16,구로구,6.75,8.84111888998005,2.4459118212481106
목,16,금천구,2.5,3.9835945720551877,1.635903741173727
목,16,노원구,45.375,46.85560923814956,4.85062721703012
목,16,도봉구,14.5,15.690393685170818,3.445517244218748
목,16,동대문구,12.875,13.09934165034454,2.894033169150842
목,16,동작구,9.125,10.446615059577624,3.1897375774941623
목,16,마포구,16.375,17.625448548607828,2.1317750869570706
목,16,서대문구,16.125,19.583158811151044,4.8427158726716915
목,16,서초구,8.375,9.240087473494315,2.3533046888488514
목,16,성동구,9.375,8.920187115094496,2.757046760265659
목,16,성북구,10.75,11.861391490862953,2.7166925275198555
목,16,송파구,7.25,10.412423940589067,3.470557854849396
목,16,양천구,11.25,10.435400973360421,2.8083704178713664
목,16,영등포구,19.5,18.76068245730337,5.835250055273619
목,16,용산구,4.125,4.397562606088513,1.7974966431223742
목,16,은평구,16.875,16.014362487983604,2.3171827517291432
목,16,종로구,8.5,9.051609557191261,2.0240470979446576
목,16,중구,3.75,4.254245018995794,1.4989968879730768
목,16,중랑구,16.125,16.89794477121707,2.4029793978572753
목,17,강남구,5.75,6.812976785915621,2.4627712271140014
목,17,강동구,10.375,13.626703356865615,3.251703356865616
목,17,강북구,7.625,6.346174155071834,1.8354224364193357
목,17,강서구,18.625,17.888602471963,1.8354296058400672
목,17,관악구,5.375,6.104593213812526,1.6297049648233366
목,17,광진구,8.5,9.585516880229626,2.6984313074262
목,17,구로구,6.75,6.193455917215164,2.770993163427886
목,17,금천구,2.75,3.357195457540328,1.2366201012484102
목,17,노원구,28.875,28.249133721241012,2.749571267032828
목,17,도봉구,10.0,9.0767777733777,1.6887386320201394
목,17,동대문구,6.0,8.048250793888862,2.381212871861383
목,17,동작구,5.0,6.431078491441596,2.2445099149246603
목,17,마포구,11.375,14.887111886358584,3.5121118863585847
목,17,서대문구,17.25,18.385595786273882,3.0804031748069596
목,17,서초구,5.875,6.309263968872878,2.1733537409804904
목,17,성동구,7.25,8.108570430549104,2.0944603527412107
목,17,성북구,6.5,7.261261517673542,2.0268347151565695
목,17,송파구,9.375,10.918759730211173,2.7775477107072506
목,17,양천구,6.375,6.559558833725573,2.479407915818328
목,17,영등포구,13.375,12.85227737874235,2.1004696971440655
목,17,용산구,3.25,3.093339670555188,0.9994397229179268
목,17,은평구,11.125,11.664021281656908,1.4297056529128276
목,17,종로구,7.5,9.514832307461841,2.9708798215586762
목,17,중구,4.375,4.437420082811152,1.056715116051762
목,17,중랑구,8.625,9.404515455730799,1.6933435397503005
목,18,강남구,5.625,6.428367340181213,1.7209093118053644
목,18,강동구,5.5,6.522066098491387,2.966732769336435
목,18,강북구,4.25,4.620841974684415,1.7255789983653023
목,18,강서구,7.5,10.416711887172841,2.9167118871728412
목,18,관악구,5.25,4.518931935027002,1.2628061246931859
목,18,광진구,4.5,4.674429449719817,1.5015547723835028
목,18,구로구,4.25,4.883301249509634,2.179646699748762
목,18,금천구,1.75,2.6446899902091334,1.4262939579938954
목,18,노원구,14.625,14.204952551619918,2.3105199311612736
목,18,도봉구,5.25,5.729858365215891,1.1382951565966293
목,18,동대문구,4.0,5.043445638146941,1.9178053176426504
목,18,동작구,3.375,4.327908518253782,1.635406568800874
목,18,마포구,12.625,14.425127942310288,3.1008525537851526
목,18,서대문구,7.875,8.927467124091613,2.348028869229827
목,18,서초구,5.0,5.211084479352807,1.5940168104646586
목,18,성동구,4.625,4.394405208721192,1.1248267922058046
목,18,성북구,4.75,5.775975198406093,1.2515954031286964
목,18,송파구,4.625,6.510578219407487,3.2584589511326287
목,18,양천구,6.375,5.970176797542826,2.0620664580969206
목,18,영등포구,6.375,8.509849388459708,2.4273265454143442
목,18,용산구,2.25,2.4247597469380837,1.4660043788326524
목,18,은평구,8.125,9.015073131567975,2.1925070466821275
목,18,종로구,7.375,8.761697532342108,2.2395735387083713
목,18,중구,3.625,4.783716797809437,1.8949001942717176
목,18,중랑구,6.125,6.90863975819053,2.8111330959226004
목,19,강남구,4.875,4.720949047580569,1.0649071791772127
목,19,강동구,3.25,4.079112476284481,1.8752906512371295
목,19,강북구,3.625,3.2744230797896496,0.9423039115289129
목,19,강서구,3.875,5.50273886204909,2.7128915440070274
목,19,관악구,1.625,2.752743986987504,1.7715103208230003
목,19,광진구,1.875,2.576449332541203,1.42967327493874
목,19,구로구,2.0,2.7807792800500124,1.11861838586399
목,19,금천구,2.375,1.9335721830519348,1.1120660224410306
목,19,노원구,9.5,8.37057274357451,3.276465548697104
목,19,도봉구,1.5,2.6204713817045384,1.162619524915442
목,19,동대문구,1.25,2.526841102729443,1.4636698785230389
목,19,동작구,2.125,2.8175680093210236,0.920798939490078
목,19,마포구,4.0,7.021896833087852,3.025343504326877
목,19,서대문구,3.875,4.370201595635756,1.2889633482081657
목,19,서초구,3.5,4.71066602758285,1.512008650102336
목,19,성동구,2.875,2.6864614233488364,0.7872149877297816
목,19,성북구,1.875,2.556835971754093,1.264461459273963
목,19,송파구,2.5,3.6598204058307053,1.5617956620099585
목,19,양천구,2.625,2.5201151272064974,0.9165774308234439
목,19,영등포구,4.125,5.259756274098698,1.5262428758575002
목,19,용산구,1.625,2.2803401054967347,0.9848516710987383
목,19,은평구,3.5,4.467612526089903,2.0786755926939238
목,19,종로구,5.375,6.180378704056024,1.7357392722752216
목,19,중구,2.125,3.0542046112558063,1.6693516014898864
목,19,중랑구,3.25,4.096499524227665,1.6880101167423045
목,20,강남구,1.875,2.345628585923942,0.9756557386403244
목,20,강동구,1.625,2.0314037444854267,1.1660662959316284
목,20,강북구,1.375,1.452566794468434,1.0573565944858772
목,20,강서구,3.5,3.8631208051812296,2.2002714178810363
목,20,관악구,1.25,1.3886785589054014,1.0523431551323672
목,20,광진구,1.25,1.38345196547093,0.6624795132335357
목,20,구로구,1.25,1.5617619724695215,1.1401269826722407
목,20,금천구,0.25,0.647814563780951,0.5407917731975
목,20,노원구,6.5,5.264394635145516,1.5674093408266607
목,20,도봉구,1.25,1.2744430177315076,0.6613744146308018
목,20,동대문구,0.625,1.3514873650405805,0.9133970895219226
목,20,동작구,1.625,1.4449646433666439,1.3076005593736164
목,20,마포구,1.375,1.3542930732811547,1.3749736636908008
목,20,서대문구,0.875,1.2616338175043333,0.8477221737759633
목,20,서초구,1.5,1.9199968578814248,1.2573533043752614
목,20,성동구,0.75,0.9888336343674576,1.0471808520414323
목,20,성북구,2.0,1.7492756696918574,1.364171908106675
목,20,송파구,1.25,1.9066641159410243,1.5473603038950305
목,20,양천구,0.5,0.8429597172517633,0.7344290005099956
목,20,영등포구,2.125,2.0086561850336664,1.1140531393313373
목,20,용산구,1.0,1.4603822407844569,0.9630981417807867
목,20,은평구,2.0,2.3068251645109537,0.5565567544651626
목,20,종로구,2.875,1.9683298469538224,2.0302842115222486
목,20,중구,2.0,1.7933329230595358,0.9267743068229932
목,20,중랑구,1.625,2.2687108238457645,1.3336680269146906
목,21,강남구,0.625,1.0871262648016837,0.7529057315625287
목,21,강동구,0.75,1.1833032771756802,1.1462358496704275
목,21,강북구,0.25,0.7358338998165344,0.838870598220511
목,21,강서구,2.0,2.267126634737069,1.2731917174988654
목,21,관악구,1.25,1.1512504569193118,0.8435243986071096
목,21,광진구,1.25,1.096420771257354,1.2769632231920163
목,21,구로구,1.125,1.6510481429452906,0.858063800538053
목,21,금천구,0.5,0.34607488497319394,0.600164457656227
목,21,노원구,1.75,2.4704340943378846,1.7118862491983957
목,21,도봉구,1.125,0.5731416419700277,0.844107173372429
목,21,동대문구,0.75,1.0819194831521375,0.5982195306372693
목,21,동작구,0.625,0.8560553537066578,0.6901558944202928
목,21,마포구,1.25,1.2830561678217225,0.5916011874980037
목,21,서대문구,0.75,0.9646163689714935,0.2910875549351237
목,21,서초구,0.75,1.0737683667845952,0.8268115974715009
목,21,성동구,1.0,0.7807860832183849,1.2438522604662483
목,21,성북구,0.875,1.1657651401868914,0.5185316962393799
목,21,송파구,2.0,1.4759332838412733,1.5642404984059366
목,21,양천구,0.0,0.5433022551659028,0.5433022551659028
목,21,영등포구,1.5,1.541695264469656,1.0139234108157344
목,21,용산구,0.875,1.0019418286845645,0.45740680242486714
목,21,은평구,0.75,1.1363130150150587,0.6054226400314762
목,21,종로구,1.875,1.7098581625991538,0.9860875118298269
목,21,중구,0.75,1.0292147166818182,0.6692397954347697
목,21,중랑구,1.375,1.472422215729361,1.3170631991147765
목,22,강남구,0.875,1.091031572466148,0.5099894270891607
목,22,강동구,0.375,0.9326051674765513,0.6613052006051863
목,22,강북구,0.625,0.5575688094126139,0.672768154609842
목,22,강서구,1.25,1.6153600576475657,0.8993645613086516
목,22,관악구,1.5,1.022637620626477,0.8220451690124988
목,22,광진구,0.75,0.715245876488626,0.7281169699678276
목,22,구로구,1.375,1.1925250836258736,0.7375896498024566
목,22,금천구,0.125,0.2563280019471386,0.31870585734639983
목,22,노원구,1.75,1.805027790303163,0.8860477653726826
목,22,도봉구,0.25,0.29440250312761285,0.414203723128156
목,22,동대문구,0.375,0.7158177681060558,0.7376076338069357
목,22,동작구,0.375,0.5334303558706152,0.5544045388122583
목,22,마포구,2.0,1.1427835864988203,1.3226219164179265
목,22,서대문구,0.5,0.6083066118020588,0.5130836156433113
목,22,서초구,0.5,0.6975492942397304,0.475756411414452
목,22,성동구,0.375,0.6140232065788558,0.5426232154818137
목,22,성북구,0.625,0.48163315311027843,0.6337558031742749
목,22,송파구,0.75,0.9732260279962928,0.7569446693069046
목,22,양천구,0.25,0.7473412163124448,0.6458695095981304
목,22,영등포구,1.25,1.2693908495796102,0.5602091515335983
목,22,용산구,0.875,0.9695323436243642,0.43400688268554466
목,22,은평구,0.25,0.5529031758270704,0.6650051050431465
목,22,종로구,1.25,1.4535790919468616,0.9142605196189272
목,22,중구,1.0,0.9182098123608032,0.9771098439352814
목,22,중랑구,0.875,0.7637938156031634,1.0923292730526772
목,23,강남구,0.625,0.587776193352544,0.47310316270697483
목,23,강동구,0.875,0.8215182928876121,0.5108021820061646
목,23,강북구,0.125,0.2952919453432656,0.3533149366748793
목,23,강서구,0.625,0.7945193026757267,0.42810933782832067
목,23,관악구,0.5,0.41644360417153337,0.5079317538420708
목,23,광진구,0.625,0.3633631046883032,0.7399317891007314
목,23,구로구,0.125,0.41499346465685405,0.4303273055181453
목,23,금천구,0.125,0.17877320754690243,0.2617801228857191
목,23,노원구,1.25,1.1077731790007799,0.7685181305599884
목,23,도봉구,0.0,0.1947769141279593,0.1947769141279593
목,23,동대문구,0.75,0.6496396471747692,0.8786998308216917
목,23,동작구,0.25,0.25633954367762246,0.3866627814835233
목,23,마포구,0.0,0.35497607585597885,0.35497607585597885
목,23,서대문구,0.375,0.45919016237505533,0.5438006837407915
목,23,서초구,0.125,0.3663188161697267,0.39589239420462174
목,23,성동구,0.25,0.31023998161145816,0.407379692550939
목,23,성북구,0.75,0.365390585396109,0.6626265330316348
목,23,송파구,1.0,0.6251709645844958,0.8164384433618951
목,23,양천구,0.625,0.4527979665188551,0.7289790505752736
목,23,영등포구,0.25,0.5206067241734635,0.5393100287678809
목,23,용산구,0.625,0.5064990393262523,0.7721710279224
목,23,은평구,0.625,0.42741973492328633,0.6309914879814985
목,23,종로구,0.5,0.5421914938300283,0.48306856672165444
목,23,중구,0.75,0.5194596316100064,0.5237725476258539
목,23,중랑구,0.25,0.42585253043550264,0.46376388625494147
수,0,강남구,0.2222222222222222,0.2427678596914148,0.3685314459525626
수,0,강동구,0.4444444444444444,0.2572519104599657,0.5340652880459628
수,0,강북구,0.3333333333333333,0.18635363286896103,0.38490413225893066
수,0,강서구,0.8888888888888888,0.5768497622259812,0.958662038143843
수,0,관악구,0.0,0.16393532970626837,0.16393532970626837
수,0,광진구,0.0,0.11063363589916216,0.11063363589916216
수,0,구로구,0.1111111111111111,0.1695109823275569,0.23564835707350154
수,0,금천구,0.0,0.08386791412396626,0.08386791412396626
수,0,노원구,1.1111111111111112,0.7197401758492978,1.1499501552639504
수,0,도봉구,0.0,0.07790695470551352,0.07790695470551352
수,0,동대문구,0.2222222222222222,0.31569216415452095,0.3612926953435717
수,0,동작구,0.0,0.1005204150511594,0.1005204150511594
수,0,마포구,0.0,0.17327375969988548,0.17327375969988548
수,0,서대문구,0.3333333333333333,0.27927562647296994,0.43503801595984887
수,0,서초구,0.0,0.1572795500586458,0.1572795500586458
수,0,성동구,0.0,0.09157169028637484,0.09157169028637484
수,0,성북구,0.3333333333333333,0.13123732563786236,0.3805633972559834
수,0,송파구,0.2222222222222222,0.25214625672674196,0.3944261801920048
수,0,양천구,0.3333333333333333,0.1309847361924486,0.38220176230873637
수,0,영등포구,0.2222222222222222,0.15797556692143477,0.32029961355791114
수,0,용산구,0.1111111111111111,0.1538538061638791,0.24284140346076497
수,0,은평구,0.0,0.10706790364213072,0.10706790364213072
수,0,종로구,0.2222222222222222,0.22442296961341382,0.3622413826424668
수,0,중구,0.3333333333333333,0.26176879006061854,0.4206348749239327
수,0,중랑구,0.0,0.1376821391427032,0.1376821391427032
수,1,강남구,0.0,0.1237915955101836,0.1237915955101836
수,1,강동구,0.5555555555555556,0.22838003134923449,0.6247691697168752
수,1,강북구,0.2222222222222222,0.11342152524398075,0.2872129987481358
수,1,강서구,0.3333333333333333,0.23958058135521343,0.47457610311978815
수,1,관악구,0.2222222222222222,0.1599914043742915,0.3523154882580417
수,1,광진구,0.0,0.04481440710198334,0.04481440710198334
수,1,구로구,0.0,0.07532197664682252,0.07532197664682252
수,1,금천구,0.0,0.0535815649695289,0.0535815649695289
수,1,노원구,0.3333333333333333,0.29265417510985525,0.4578674297156595
수,1,도봉구,0.1111111111111111,0.06437048819386865,0.16509022329010709
수,1,동대문구,0.2222222222222222,0.17302819248942797,0.31386198950320326
수,1,동작구,0.1111111111111111,0.05674741062238247,0.15103234302054167
수,1,마포구,0.1111111111111111,0.11087165044281833,0.20468822766062647
수,1,서대문구,0.5555555555555556,0.2090303158067546,0.5425836442789533
수,1,서초구,0.0,0.1664612998633941,0.1664612998633941
수,1,성동구,0.0,0.0635084005199685,0.0635084005199685
수,1,성북구,0.3333333333333333,0.13113701698734345,0.38567876721709843
수,1,송파구,0.1111111111111111,0.14100054837831502,0.22059782228748728
수,1,양천구,0.1111111111111111,0.07822686857993322,0.17297178558408247
수,1,영등포구,0.0,0.0966052006476427,0.0966052006476427
수,1,용산구,0.0,0.11924317207880887,0.11924317207880887
수,1,은평구,0.0,0.06565413537383862,0.06565413537383862
수,1,종로구,0.3333333333333333,0.16782413605027535,0.44445549361007
수,1,중구,0.4444444444444444,0.17227537130402998,0.4644931128651122
수,1,중랑구,0.0,0.0986616017200168,0.0986616017200168
수,2,강남구,0.1111111111111111,0.12049280528704379,0.212540985414684
수,2,강동구,0.2222222222222222,0.12943005139038985,0.33003679832462685
수,2,강북구,0.0,0.14060872794782378,0.14060872794782378
수,2,강서구,0.6666666666666666,0.31764731842479943,0.832559219008166
수,2,관악구,0.4444444444444444,0.2628753732490156,0.5828242506548428
수,2,광진구,0.0,0.041846890188274,0.041846890188274
수,2,구로구,0.0,0.051876655608856466,0.051876655608856466
수,2,금천구,0.0,0.04794690759189017,0.04794690759189017
수,2,노원구,0.4444444444444444,0.3266927157793094,0.4843128404405968
수,2,도봉구,0.1111111111111111,0.07235018306133091,0.16946881205963737
수,2,동대문구,0.2222222222222222,0.14887578847426267,0.3179743493035383
수,2,동작구,0.2222222222222222,0.06789638859295172,0.2654980648503794
수,2,마포구,0.1111111111111111,0.09331580109900618,0.1864382491126281
수,2,서대문구,0.1111111111111111,0.11452008812379301,0.1941120846365185
수,2,서초구,0.2222222222222222,0.3066883060338651,0.4749925450867489
수,2,성동구,0.0,0.074432125715684,0.074432125715684
수,2,성북구,0.0,0.07144178320667723,0.07144178320667723
수,2,송파구,0.0,0.11832670846196458,0.11832670846196458
수,2,양천구,0.0,0.07080885837122923,0.07080885837122923
수,2,영등포구,0.0,0.11100436479697981,0.11100436479697981
수,2,용산구,0.1111111111111111,0.11639086797175846,0.20746721717917793
수,2,은평구,0.0,0.04899559225097327,0.04899559225097327
수,2,종로구,0.2222222222222222,0.13494905648886812,0.33880387323872413
수,2,중구,0.2222222222222222,0.2683252515910512,0.2888386683735033
수,2,중랑구,0.1111111111111111,0.12138194806806774,0.211731820481405
수,3,강남구,0.1111111111111111,0.11508527955167379,0.2023435673962347
수,3,강동구,0.2222222222222222,0.15701591292546976,0.30656102141778774
수,3,강북구,0.2222222222222222,0.19924501910012735,0.34581722252377695
수,3,강서구,0.4444444444444444,0.3846624408515345,0.5649541639816235
수,3,관악구,0.1111111111111111,0.157014693102487,0.22717886805529255
수,3,광진구,0.0,0.041174103513291246,0.041174103513291246
수,3,구로구,0.0,0.05453639525964852,0.05453639525964852
수,3,금천구,0.0,0.0725672410965792,0.0725672410965792
수,3,노원구,0.1111111111111111,0.16669654487676017,0.21350953563534805
수,3,도봉구,0.1111111111111111,0.05654388458392231,0.15631348810259327
수,3,동대문구,0.0,0.08748148092472567,0.08748148092472567
수,3,동작구,0.1111111111111111,0.07219137330618036,0.16843055678052812
수,3,마포구,0.1111111111111111,0.1659490587471435,0.2576168781118151
수,3,서대문구,0.1111111111111111,0.08499323020293864,0.178667472339595
수,3,서초구,0.0,0.07888967634905214,0.07888967634905214
수,3,성동구,0.1111111111111111,0.06618679800074884,0.16723086354464503
수,3,성북구,0.2222222222222222,0.09106318614575856,0.25109612040917095
수,3,송파구,0.0,0.08111611316331062,0.08111611316331062
수,3,양천구,0.0,0.07605467533014824,0.07605467533014824
수,3,영등포구,0.0,0.10513217365705035,0.10513217365705035
수,3,용산구,0.1111111111111111,0.08394942712553294,0.17885350235559364
수,3,은평구,0.0,0.052084122076717795,0.052084122076717795
수,3,종로구,0.0,0.10147497141044003,0.10147497141044003
수,3,중구,0.0,0.08745592919795322,0.08745592919795322
수,3,중랑구,0.0,0.07513187627218798,0.07513187627218798
수,4,강남구,0.1111111111111111,0.2877494078264691,0.3481972070206154
수,4,강동구,0.4444444444444444,0.7596751433236811,0.5922708253634759
수,4,강북구,0.4444444444444444,0.5194717863170255,0.5209137165687917
수,4,강서구,0.7777777777777778,0.8998362968367941,0.5353942549940718
수,4,관악구,0.4444444444444444,0.6251174971659746,0.6334628755300229
수,4,광진구,0.0,0.057362109593419,0.057362109593419
수,4,구로구,0.1111111111111111,0.15884736201440017,0.24457941504744665
수,4,금천구,0.3333333333333333,0.3484174515653431,0.45930354731590634
수,4,노원구,1.1111111111111112,1.3954401644304433,0.4726168533221886
수,4,도봉구,0.0,0.12151503491276111,0.12151503491276111
수,4,동대문구,0.6666666666666666,0.671822178251388,0.4240019383217635
수,4,동작구,0.4444444444444444,0.616447578021015,0.47749509338546847
수,4,마포구,1.2222222222222223,1.4571629957781347,0.5173033245844474
수,4,서대문구,0.2222222222222222,0.08216948285955313,0.24275331408617293
수,4,서초구,0.0,0.13023990659828463,0.13023990659828463
수,4,성동구,0.0,0.07460550269323654,0.07460550269323654
수,4,성북구,0.6666666666666666,0.6585138961848624,0.6569442004677203
수,4,송파구,1.4444444444444444,1.1086989166539423,0.4955672256648795
수,4,양천구,0.1111111111111111,0.1410085344563508,0.2295560865723058
수,4,영등포구,0.7777777777777778,0.5914932090083634,0.5165661140252096
수,4,용산구,0.0,0.052232998347497096,0.052232998347497096
수,4,은평구,0.2222222222222222,0.34803797503849687,0.4181800058064102
수,4,종로구,0.0,0.10617436838359831,0.10617436838359831
수,4,중구,0.2222222222222222,0.10522229643688999,0.31671778363151115
수,4,중랑구,0.5555555555555556,0.4665488604244492,0.5120348463718928
수,5,강남구,0.1111111111111111,0.4541643852584724,0.4976908714395712
수,5,강동구,2.111111111111111,1.7608622842739239,0.7636092345370578
수,5,강북구,0.1111111111111111,0.34836819250056067,0.3750249518088461
수,5,강서구,0.1111111111111111,0.5535384570977118,0.5713770587957221
수,5,관악구,0.8888888888888888,0.6923125761701431,0.5224100958525082
수,5,광진구,0.0,0.0659983744525578,0.0659983744525578
수,5,구로구,0.2222222222222222,0.20771274229658301,0.3410530716000961
수,5,금천구,0.3333333333333333,0.15968744314836142,0.3984516283888845
수,5,노원구,0.3333333333333333,0.7615148189717074,0.668638774485442
수,5,도봉구,1.1111111111111112,1.3883650332907462,0.41475427050490943
수,5,동대문구,0.0,0.2177617492314581,0.2177617492314581
수,5,동작구,0.5555555555555556,0.8393059028720651,0.5382590011559402
수,5,마포구,0.8888888888888888,0.6265828353996509,0.47894123993479354
수,5,서대문구,0.1111111111111111,0.240237988459011,0.3135458262655651
수,5,서초구,0.0,0.1925053247482728,0.1925053247482728
수,5,성동구,0.7777777777777778,0.5512355989504397,0.2773877242467303
수,5,성북구,0.3333333333333333,0.38980467475584235,0.5708749501561844
수,5,송파구,1.0,0.8135437377567597,0.43991863516732593
수,5,양천구,1.6666666666666667,1.8570724879392388,0.5800020932999355
수,5,영등포구,0.3333333333333333,0.3192768219244504,0.4685920774137492
수,5,용산구,0.1111111111111111,0.06001315901730326,0.161300641346675
수,5,은평구,0.6666666666666666,1.0533935546709934,0.6726276111603894
수,5,종로구,0.0,0.054515377653775204,0.054515377653775204
수,5,중구,0.0,0.0470391765255197,0.0470391765255197
수,5,중랑구,0.7777777777777778,0.7562819265465569,0.3762694788436615
수,6,강남구,0.8888888888888888,0.8354098322684174,0.4038165258569252
수,6,강동구,0.8888888888888888,1.192568717719748,0.5672919778762435
수,6,강북구,2.2222222222222223,2.3676385208957966,0.5770162345914179
수,6,강서구,2.4444444444444446,2.758157084833064,0.6510586189695228
수,6,관악구,2.7777777777777777,2.578288149801011,1.0278280825442367
수,6,광진구,1.2222222222222223,1.3878022417390967,0.4954082716946644
수,6,구로구,0.6666666666666666,0.6049104850127227,0.8642855871474591
수,6,금천구,1.8888888888888888,1.4532545692589869,0.6162341008638519
수,6,노원구,2.4444444444444446,2.237051562671843,0.6275046043551344
수,6,도봉구,1.8888888888888888,1.8932263057275718,0.3972014462189751
수,6,동대문구,1.0,1.0940263863331918,0.8214650072202292
수,6,동작구,0.0,0.306208828112269,0.306208828112269
수,6,마포구,1.0,1.2132223256726091,0.24353338572035796
수,6,서대문구,4.555555555555555,4.780808146840574,1.2890755851466027
수,6,서초구,0.0,0.13248146749412648,0.13248146749412648
수,6,성동구,1.6666666666666667,1.6012069160715159,0.40876994853805104
수,6,성북구,0.8888888888888888,1.1076823641954663,0.6992477225863118
수,6,송파구,0.2222222222222222,0.6031953188519598,0.44197447588984956
수,6,양천구,1.0,0.9679912239854092,0.35944254713342316
수,6,영등포구,0.5555555555555556,0.6076022658573906,0.7407461207295387
수,6,용산구,1.0,1.135259885721604,0.8227392091841867
수,6,은평구,2.4444444444444446,2.2649390867015358,0.6718135412676983
수,6,종로구,0.1111111111111111,0.10228727650641617,0.19887449599202664
수,6,중구,0.0,0.07222857602017488,0.07222857602017488
수,6,중랑구,0.1111111111111111,0.30060191049957735,0.3643503186089169
수,7,강남구,7.777777777777778,8.511725707348814,1.8520895199287541
수,7,강동구,11.333333333333334,13.515367274769362,2.342546283261487
수,7,강북구,14.333333333333334,13.808584601790717,2.378767992002805
수,7,강서구,15.0,15.23235497912784,2.4692057633493514
수,7,관악구,9.11111111111111,11.860448302743544,3.7185706011441786
수,7,광진구,7.444444444444445,8.376139340712893,1.7878364177041735
수,7,구로구,7.666666666666667,8.509933761303131,1.8956626230901246
수,7,금천구,5.111111111111111,6.14465192126484,1.6129727166035048
수,7,노원구,19.88888888888889,22.391173870003367,2.7061057584823835
수,7,도봉구,5.777777777777778,5.38855108831083,1.2197134211547425
수,7,동대문구,9.777777777777779,11.024388304675869,2.097046741486013
수,7,동작구,3.7777777777777777,5.580382981209562,1.8821385090042462
수,7,마포구,13.666666666666666,16.02392751128221,3.2989299231529805
수,7,서대문구,11.11111111111111,13.150444234081744,3.5205594263632287
수,7,서초구,5.666666666666667,5.733307598122362,0.9038460747406855
수,7,성동구,5.444444444444445,5.943589037624726,1.4751011146248199
수,7,성북구,13.11111111111111,15.019109669898604,2.4748293004155264
수,7,송파구,10.11111111111111,12.782339461819475,3.1997007447114694
수,7,양천구,6.111111111111111,6.838296379435584,1.6427469855994263
수,7,영등포구,10.0,11.355894689997259,2.144712088698934
수,7,용산구,8.0,7.849788120315135,1.1313963708320596
수,7,은평구,11.555555555555555,12.477749384385744,1.5617196943427862
수,7,종로구,4.666666666666667,5.124236658521287,1.13691083028458
수,7,중구,3.0,2.4507071879363815,1.2948892012862931
수,7,중랑구,10.0,12.304959523195238,2.798236348514228
수,8,강남구,10.222222222222221,11.968521729472025,2.635900638877602
수,8,강동구,18.22222222222222,20.950883177404073,3.49046037344773
수,8,강북구,9.88888888888889,10.775740552719334,1.9981711604582715
수,8,강서구,21.22222222222222,21.746783594302215,3.316648521633738
수,8,관악구,15.222222222222221,16.270948439051686,4.09251841456518
수,8,광진구,8.444444444444445,8.884791271093842,0.9671442811995347
수,8,구로구,12.444444444444445,14.185974627957187,2.380747231995388
수,8,금천구,4.666666666666667,5.2316944207977505,1.4800026454077715
수,8,노원구,39.666666666666664,41.43898387555855,4.778437908217695
수,8,도봉구,16.11111111111111,16.350818948370332,1.925419895305838
수,8,동대문구,17.77777777777778,19.053505717396227,2.3412394038996225
수,8,동작구,15.222222222222221,15.438115977420658,2.3915609851716413
수,8,마포구,22.333333333333332,20.196462851847578,2.789083156855446
수,8,서대문구,16.77777777777778,17.559717604686917,2.6600280890186645
수,8,서초구,6.444444444444445,8.254619294425149,2.075650846299572
수,8,성동구,12.666666666666666,10.826691134257292,3.026649813907495
수,8,성북구,17.333333333333332,18.54074114166906,2.9896649330947374
수,8,송파구,12.666666666666666,13.31027310267269,2.5005800122694857
수,8,양천구,10.88888888888889,10.952078017342428,1.943437766506392
수,8,영등포구,10.333333333333334,11.402403184009154,2.4116714252268157
수,8,용산구,6.666666666666667,7.811517123858703,1.8735293553273888
수,8,은평구,22.555555555555557,23.744429810748862,3.2803574996531815
수,8,종로구,9.444444444444445,8.761697675430021,1.027225872850039
수,8,중구,4.222222222222222,4.833156682864588,1.8503442283448497
수,8,중랑구,11.11111111111111,12.266438830164576,2.0357300742027573
수,9,강남구,13.88888888888889,13.341117869892859,2.59283036369804
수,9,강동구,16.0,20.28124144903855,4.686675955762691
수,9,강북구,12.777777777777779,11.84120515263342,3.0626632176667856
수,9,강서구,28.22222222222222,29.924175852979015,3.558901160684327
수,9,관악구,19.444444444444443,18.713001002574078,3.148579988995854
수,9,광진구,13.666666666666666,14.360274578223242,2.1330103880386972
수,9,구로구,17.11111111111111,18.837234749604242,2.779682793713219
수,9,금천구,6.777777777777778,7.827500183699267,1.1011370137000922
수,9,노원구,45.44444444444444,50.272875561698484,9.694880148167536
수,9,도봉구,16.0,16.988555503085664,1.653942122651002
수,9,동대문구,16.88888888888889,17.85657589072851,2.847655889709169
수,9,동작구,13.333333333333334,14.319610218527654,2.5926798279597043
수,9,마포구,19.333333333333332,21.04739433468794,2.595786004982848
수,9,서대문구,25.0,25.151467317048034,2.221322705674451
수,9,서초구,8.333333333333334,9.862896276951643,2.3066384094306533
수,9,성동구,11.555555555555555,11.538452955145738,3.204947360607127
수,9,성북구,19.22222222222222,18.406356127449172,3.0899601152518708
수,9,송파구,13.666666666666666,15.605559832981656,2.8950288792084127
수,9,양천구,14.0,16.164657012751874,4.237289579488498
수,9,영등포구,10.333333333333334,12.265077114782622,2.700593812530533
수,9,용산구,8.222222222222221,8.520144585877109,1.8509306367086522
수,9,은평구,25.333333333333332,24.65029133220629,3.629387382739575
수,9,종로구,6.222222222222222,7.3945340660037875,2.2852057547490072
수,9,중구,4.777777777777778,5.150865342893282,0.9558215638224095
수,9,중랑구,17.444444444444443,17.119918753236508,3.254997193005561
수,10,강남구,13.555555555555555,14.902597524381077,2.337115180713935
수,10,강동구,38.77777777777778,37.50730676733815,3.9165853148458165
수,10,강북구,11.777777777777779,15.281316933999143,3.9740318310654925
수,10,강서구,33.333333333333336,33.98825832676194,5.896913674183826
수,10,관악구,12.666666666666666,15.751050159786567,3.561648041334546
수,10,광진구,13.777777777777779,15.045269332621205,1.9296906633134354
수,10,구로구,18.77777777777778,22.60702510157699,4.150493293106284
수,10,금천구,8.11111111111111,8.703734128436787,2.518427156773878
수,10,노원구,62.111111111111114,59.576875922703344,4.987000833273927
수,10,도봉구,17.22222222222222,18.494390620746643,3.1008105847116365
수,10,동대문구,18.22222222222222,18.952586486971978,2.2038842462410453
수,10,동작구,11.222222222222221,13.904389166311107,3.615975104811879
수,10,마포구,19.0,21.9833675082194,5.560508892801967
수,10,서대문구,37.77777777777778,36.11236163728236,3.841304955873096
수,10,서초구,10.0,11.515712321548886,3.092030919313825
수,10,성동구,8.11111111111111,8.601492886956256,2.400345658282694
수,10,성북구,14.333333333333334,16.369339082159563,3.093808539379889
수,10,송파구,21.333333333333332,20.66830987446686,2.4072051514699706
수,10,양천구,25.77777777777778,24.75591641323978,5.201022967115812
수,10,영등포구,12.0,16.304130424664578,4.304130424664576
수,10,용산구,9.11111111111111,9.094188337678101,2.114337604242228
수,10,은평구,25.444444444444443,25.65916523672913,2.394534263530481
수,10,종로구,10.333333333333334,10.298024142704143,2.4745469979838375
수,10,중구,5.666666666666667,6.377064364278329,1.7704821718323305
수,10,중랑구,22.11111111111111,24.200091482565355,3.789006849687171
수,11,강남구,17.666666666666668,16.814060077425136,4.3603488832567745
수,11,강동구,29.333333333333332,29.97099583416371,4.435587077103804
수,11,강북구,16.555555555555557,16.60722088804258,2.967110266003676
수,11,강서구,34.0,33.47716783560108,4.0991672190632205
수,11,관악구,16.555555555555557,16.72753426247415,2.7831675765309987
수,11,광진구,11.333333333333334,13.594255270536333,3.2609681685726946
수,11,구로구,12.555555555555555,15.90896772585311,5.984876448252517
수,11,금천구,7.444444444444445,8.365664653920506,2.772619286258525
수,11,노원구,40.22222222222222,41.37307526611935,5.239028449801534
수,11,도봉구,9.444444444444445,12.66748606942861,3.6665292278170063
수,11,동대문구,21.0,20.47526677504751,2.8769885922211977
수,11,동작구,14.555555555555555,16.075681223943903,3.3309098133752517
수,11,마포구,22.77777777777778,24.168121710166194,3.8766251829892764
수,11,서대문구,25.11111111111111,25.347865129105475,3.2955287544613228
수,11,서초구,7.444444444444445,9.898739950725979,2.8230647653060092
수,11,성동구,8.555555555555555,11.264969155856743,3.2071626393784647
수,11,성북구,11.777777777777779,14.132864354118698,2.4723926600497794
수,11,송파구,15.0,16.368036165214633,2.436144702212397
수,11,양천구,12.777777777777779,16.86601276160332,4.088234983825542
수,11,영등포구,18.77777777777778,19.170349460374073,1.4434954072030959
수,11,용산구,10.666666666666666,10.488970588159853,1.9792027624062674
수,11,은평구,25.444444444444443,24.877712863848608,4.30999025067214
수,11,종로구,9.444444444444445,11.00331185907542,2.6008513434358957
수,11,중구,4.888888888888889,5.822041008625,2.7386807372853545
수,11,중랑구,15.333333333333334,16.525160661235518,2.3834349798271868
수,12,강남구,19.0,20.988620598046953,3.3898408965801377
수,12,강동구,34.111111111111114,33.844866585493634,3.2432277065655155
수,12,강북구,14.666666666666666,16.535303715333637,3.5031411684193112
수,12,강서구,31.88888888888889,36.49247595780842,4.797744303292116
수,12,관악구,21.22222222222222,22.412512525731398,2.549350225712778
수,12,광진구,14.444444444444445,17.264346311356775,3.0987070735318674
수,12,구로구,21.666666666666668,21.539831438655213,4.256056227042795
수,12,금천구,8.0,9.185485676107836,1.9225173188944906
수,12,노원구,59.888888888888886,59.428697236032704,7.748764746846437
수,12,도봉구,12.11111111111111,15.510065066123499,3.398953955012389
수,12,동대문구,27.333333333333332,25.610365529345188,3.2217649764266185
수,12,동작구,17.22222222222222,17.907296019231797,3.307904989526181
수,12,마포구,33.44444444444444,33.96319619971747,3.4384435118016508
수,12,서대문구,36.77777777777778,39.32411747994443,5.438668401644017
수,12,서초구,19.88888888888889,18.047060382385254,4.094824933025508
수,12,성동구,14.333333333333334,15.557618902206846,3.7602789868191575
수,12,성북구,16.88888888888889,16.847562349735316,1.9289908513763687
수,12,송파구,16.88888888888889,19.879708281244376,3.458839817851238
수,12,양천구,23.22222222222222,25.297543009551575,3.0771694963350873
수,12,영등포구,25.88888888888889,26.711451647334247,4.238839865366707
수,12,용산구,10.11111111111111,10.400127421459803,1.1596340136476488
수,12,은평구,25.666666666666668,26.280201565375062,3.1689549682923133
수,12,종로구,13.0,14.870503702714293,2.560717424195902
수,12,중구,9.666666666666666,9.57358189207694,2.815170717221255
수,12,중랑구,20.333333333333332,23.237649008783237,3.8487009615026233
수,13,강남구,21.333333333333332,19.422692689518936,4.696382240909966
수,13,강동구,34.888888888888886,33.16941910648453,4.466020964921252
수,13,강북구,17.0,15.777917067743504,3.4871910605761665
수,13,강서구,29.333333333333332,31.69856244412535,5.839393826771843
수,13,관악구,18.77777777777778,17.892230553100113,4.21569723236718
수,13,광진구,13.777777777777779,15.673692099650404,2.9098223179031155
수,13,구로구,18.555555555555557,18.750447340742,3.592193363529811
수,13,금천구,8.444444444444445,8.75167817500623,1.3695227169401347
수,13,노원구,54.44444444444444,59.74886944124221,9.194947072545189
수,13,도봉구,15.88888888888889,16.04979296263127,2.7958719866932626
수,13,동대문구,18.22222222222222,17.242149562038435,3.163292308976477
수,13,동작구,13.88888888888889,15.2072777078846,1.6624172775697108
수,13,마포구,34.44444444444444,36.679020358567534,2.907364582936771
수,13,서대문구,27.444444444444443,28.916593342920894,4.627262507125328
수,13,서초구,14.0,14.439048990117183,3.0697190060812445
수,13,성동구,12.0,13.576512187665351,3.0026144727008295
수,13,성북구,16.0,16.250621643844806,3.6863754170268157
수,13,송파구,14.666666666666666,18.19492285227227,3.780545830646586
수,13,양천구,18.555555555555557,21.08543614187887,3.036175298049597
수,13,영등포구,17.0,19.21628326829482,4.057105037564755
수,13,용산구,10.222222222222221,10.126600481911058,2.1965548998939712
수,13,은평구,20.555555555555557,22.20162693630575,2.9582880068101134
수,13,종로구,11.444444444444445,13.852583454077452,3.865728612241723
수,13,중구,6.666666666666667,7.771609909531906,2.437820386164523
수,13,중랑구,19.88888888888889,21.714627802732952,4.198568103399232
수,14,강남구,18.666666666666668,18.029587415145826,2.494018940758253
수,14,강동구,31.333333333333332,34.27358392224761,4.549190851807701
수,14,강북구,16.666666666666668,17.626383213336048,2.3378945533638142
수,14,강서구,28.88888888888889,31.30116445960988,5.802785822622564
수,14,관악구,18.77777777777778,18.975195951254566,2.1802612525101557
수,14,광진구,15.0,17.382462316860607,3.414590971870983
수,14,구로구,13.555555555555555,16.50251162919519,3.289804718038598
수,14,금천구,6.666666666666667,6.829543098775511,2.376046005104901
수,14,노원구,66.33333333333333,66.88830975512248,4.254427486695903
수,14,도봉구,16.666666666666668,17.32305750827261,3.096565230667219
수,14,동대문구,15.777777777777779,17.410817538839705,3.2214420847734946
수,14,동작구,23.555555555555557,20.315112357626198,4.296181636676315
수,14,마포구,44.0,45.05340860673865,5.565036952795238
수,14,서대문구,28.22222222222222,30.452285294380633,3.616697600159394
수,14,서초구,9.88888888888889,11.600943628470667,2.717196324587659
수,14,성동구,12.222222222222221,11.508898646943477,3.220298206362906
수,14,성북구,9.88888888888889,13.355368536268228,3.884059336851501
수,14,송파구,17.666666666666668,18.554591928688197,3.4398238019759284
수,14,양천구,18.666666666666668,19.229632774375226,4.334591429177607
수,14,영등포구,13.0,16.888596508590688,4.240706626787498
수,14,용산구,11.88888888888889,10.316621864770518,3.8733696191034763
수,14,은평구,18.77777777777778,20.619743689122483,3.182327582268309
수,14,종로구,19.333333333333332,18.112327248961826,3.2480325684285023
수,14,중구,5.555555555555555,6.640643947306967,1.91970246725473
수,14,중랑구,15.222222222222221,18.059759337964447,3.599164515531076
수,15,강남구,9.222222222222221,11.52685874436918,3.1461113959342435
수,15,강동구,26.0,27.146008496402317,4.168789315855794
수,15,강북구,13.0,14.17287659442549,2.2981261756775098
수,15,강서구,26.88888888888889,29.90756134515152,6.147014372362
수,15,관악구,15.666666666666666,16.34532198246192,3.8967414178892636
수,15,광진구,13.333333333333334,14.290205780970489,2.1210015649364937
수,15,구로구,13.555555555555555,15.280050903825359,2.923570394308049
수,15,금천구,6.0,6.685010168542618,2.298552311275594
수,15,노원구,62.0,65.02776155569752,6.995224365131613
수,15,도봉구,16.333333333333332,17.279558684745584,2.8816460408239704
수,15,동대문구,17.11111111111111,17.079992927484813,1.8693694316908909
수,15,동작구,11.222222222222221,13.769989729378235,2.547767507156012
수,15,마포구,27.444444444444443,31.394235897189997,4.173751410696174
수,15,서대문구,27.333333333333332,25.02296568001367,4.396182494593243
수,15,서초구,9.555555555555555,11.67453572898031,2.6494690010678164
수,15,성동구,9.222222222222221,9.49669320245493,2.3425066851316294
수,15,성북구,12.444444444444445,15.843658737471726,3.39921429302728
수,15,송파구,16.88888888888889,16.767943326914608,2.5289783164806945
수,15,양천구,13.666666666666666,15.579753007446495,2.101880548767446
수,15,영등포구,15.88888888888889,17.43741884004035,3.036741703294861
수,15,용산구,4.555555555555555,5.715340455142791,1.7521824242957644
수,15,은평구,21.22222222222222,23.39578797888472,3.8006361993168096
수,15,종로구,10.444444444444445,11.720668893897606,3.8448734006238894
수,15,중구,4.222222222222222,5.219760804972904,2.047237019561058
수,15,중랑구,15.11111111111111,17.165180608040647,3.8231718742564405
수,16,강남구,8.11111111111111,11.466497629247476,3.6975392847548667
수,16,강동구,18.77777777777778,21.23493541185158,3.8915710398329537
수,16,강북구,6.555555555555555,8.62273519854189,2.377011185268301
수,16,강서구,24.88888888888889,27.7921001746958,4.295409260631508
수,16,관악구,7.555555555555555,9.938736250870477,2.53957086367285
수,16,광진구,9.11111111111111,11.736662119436382,3.2151246820979753
수,16,구로구,9.0,9.888795284759787,2.6237703587708627
수,16,금천구,5.0,4.613433245900475,1.0482910591237866
수,16,노원구,45.77777777777778,51.52888151014756,9.918563105300446
수,16,도봉구,16.555555555555557,17.182313328712908,2.7182798476937684
수,16,동대문구,10.666666666666666,13.610493359237562,3.330723289854495
수,16,동작구,11.333333333333334,12.350619419657972,1.4789412186347872
수,16,마포구,15.11111111111111,19.03558865997605,4.766716006201938
수,16,서대문구,23.88888888888889,22.736193588729964,5.442471524631189
수,16,서초구,8.333333333333334,9.66823653541065,1.5848094684765457
수,16,성동구,8.333333333333334,9.712182178480194,3.0414863006051918
수,16,성북구,12.444444444444445,13.590208764755715,2.633174127155562
수,16,송파구,13.555555555555555,13.01603160092204,2.3373954301007713
수,16,양천구,9.11111111111111,10.63499782627602,3.090128087268363
수,16,영등포구,15.0,18.887410980153774,4.790598961389138
수,16,용산구,2.5555555555555554,4.1284746329176825,1.8029459647614534
수,16,은평구,13.555555555555555,16.98009083343179,4.138675996792018
수,16,종로구,8.88888888888889,9.899886967152007,2.0326507947985264
수,16,중구,3.0,4.644746539431687,1.88645507863084
수,16,중랑구,13.0,17.806598353467916,5.874687894585435
수,17,강남구,6.555555555555555,7.883600005332678,2.618499276766828
수,17,강동구,14.666666666666666,15.282476309482583,3.025811117114549
수,17,강북구,4.444444444444445,6.244063077914917,2.5326418553418715
수,17,강서구,16.666666666666668,19.308918278218744,4.248946556869715
수,17,관악구,5.444444444444445,6.12682553448082,2.298961226598466
수,17,광진구,8.444444444444445,10.09934795751117,3.1324750485477444
수,17,구로구,6.666666666666667,6.30976172244625,1.5944701027234152
수,17,금천구,1.8888888888888888,3.480404272171734,1.5932832805272483
수,17,노원구,26.77777777777778,29.706665813248605,4.198394362842399
수,17,도봉구,7.888888888888889,9.11183451393585,2.1400654811550632
수,17,동대문구,8.222222222222221,8.902714666231072,3.1171370266694414
수,17,동작구,5.666666666666667,6.821198492804743,1.8098620862663277
수,17,마포구,12.11111111111111,15.790294777042647,4.378427120215688
수,17,서대문구,20.88888888888889,21.48043163901986,3.4991364538373784
수,17,서초구,5.555555555555555,7.006632671453304,2.4318832002928676
수,17,성동구,6.333333333333333,8.556824004529851,3.1252885658024443
수,17,성북구,6.777777777777778,7.885272199951079,1.5294257584046835
수,17,송파구,12.222222222222221,12.424663667234462,3.3686421149673356
수,17,양천구,6.0,7.079726376445569,2.1243852138422348
수,17,영등포구,9.555555555555555,13.076196161095362,3.652263052071729
수,17,용산구,2.111111111111111,3.038685985373853,1.329335870381717
수,17,은평구,10.222222222222221,13.022109340945919,3.738778753428004
수,17,종로구,9.11111111111111,10.569086611794038,2.216247633881947
수,17,중구,3.4444444444444446,4.651928721675187,1.351054750638612
수,17,중랑구,10.333333333333334,10.655708991728886,1.0376967093915885
수,18,강남구,5.777777777777778,6.658275556372034,2.1219107707421605
수,18,강동구,6.222222222222222,6.802234213192749,2.523235626802745
수,18,강북구,4.555555555555555,4.82260388702334,1.683600204203814
수,18,강서구,11.222222222222221,12.615405918895918,4.17912937164726
수,18,관악구,4.333333333333333,4.5499883401801835,2.032727200981356
수,18,광진구,3.111111111111111,4.576964233829403,2.0632760002000694
수,18,구로구,2.6666666666666665,4.608629499195347,2.5649845191699914
수,18,금천구,2.7777777777777777,3.0607536039966603,2.2068679091620806
수,18,노원구,11.666666666666666,14.115609782064428,3.8714648358419543
수,18,도봉구,7.0,6.80261636652607,3.1825749050150165
수,18,동대문구,5.0,5.398512955238454,3.3368632081207696
수,18,동작구,4.111111111111111,4.767230045514237,1.8363409422295942
수,18,마포구,10.666666666666666,14.703037641659424,4.6615460465726715
수,18,서대문구,12.333333333333334,11.623790473837088,3.4144622736824286
수,18,서초구,6.444444444444445,6.524889910101904,1.7762758688916422
수,18,성동구,4.111111111111111,4.8469486285641175,1.845324122819954
수,18,성북구,5.555555555555555,6.327013794560381,1.1499026998921842
수,18,송파구,7.222222222222222,7.711438554721506,2.3999672677729027
수,18,양천구,6.444444444444445,6.339442030529726,1.7633067604440673
수,18,영등포구,8.666666666666666,9.952779135584676,3.4012065871635198
수,18,용산구,2.0,2.550226789591417,1.8795943729823843
수,18,은평구,8.0,9.59295370090316,3.2843337009714597
수,18,종로구,7.222222222222222,9.103763303938855,4.164045639146071
수,18,중구,3.3333333333333335,4.562468093769637,2.081988601962484
수,18,중랑구,5.222222222222222,6.482819249473057,2.3779806497833906
수,19,강남구,3.6666666666666665,4.656026791386942,1.6779471774101522
수,19,강동구,3.888888888888889,3.987241720822455,1.7324249307245263
수,19,강북구,3.111111111111111,3.1848464218367307,0.7470792613134052
수,19,강서구,5.222222222222222,6.494753776182142,1.9317287297276131
수,19,관악구,2.0,2.8674360877646894,1.391543581578586
수,19,광진구,2.5555555555555554,2.749260273657892,1.0854041159045105
수,19,구로구,3.2222222222222223,2.960981024884754,0.6070369431376543
수,19,금천구,1.7777777777777777,1.9703508839066082,0.7413590390323892
수,19,노원구,8.333333333333334,8.918924424791799,1.799699577012133
수,19,도봉구,2.5555555555555554,2.773577105304134,0.9393713508075009
수,19,동대문구,2.111111111111111,2.6667211604530876,1.6360604895814375
수,19,동작구,3.0,3.2691580898357873,1.1750782069389922
수,19,마포구,6.222222222222222,7.388683194191357,2.0946058501949003
수,19,서대문구,4.333333333333333,4.186300755130024,2.6191320307523336
수,19,서초구,4.222222222222222,5.232383015800805,1.9112920861908083
수,19,성동구,2.2222222222222223,2.696953600075728,1.0734640077448157
수,19,성북구,2.4444444444444446,2.617690315839353,1.1511482693286075
수,19,송파구,4.444444444444445,4.1313296130961445,2.0504639844974473
수,19,양천구,1.8888888888888888,2.2944267051833647,1.4112222262596572
수,19,영등포구,5.666666666666667,5.9789227178267295,1.8582826232792051
수,19,용산구,2.4444444444444446,2.4212061291738403,1.1069865751109846
수,19,은평구,3.3333333333333335,4.398206703639109,1.8654575248437457
수,19,종로구,4.222222222222222,6.038324873545019,2.0760777085114555
수,19,중구,2.4444444444444446,3.0686304527658788,1.462568102951334
수,19,중랑구,3.111111111111111,4.319507101803556,1.8569811510952112
수,20,강남구,2.0,2.355256774253977,1.0331029182294817
수,20,강동구,2.6666666666666665,2.1959829924878704,1.5445576790837086
수,20,강북구,1.2222222222222223,1.522702716031431,1.1505794892056884
수,20,강서구,4.0,3.9150792583669283,1.4975970542755934
수,20,관악구,0.7777777777777778,1.282575862665297,0.6851007263766475
수,20,광진구,1.7777777777777777,1.3899678376394773,1.184890457873081
수,20,구로구,0.8888888888888888,1.4863484419475637,1.0376923235388276
수,20,금천구,0.5555555555555556,0.7303673412482256,0.5947731642872115
수,20,노원구,4.333333333333333,5.007986205235234,1.992158304603716
수,20,도봉구,1.3333333333333333,1.415828576248764,0.8131961531895906
수,20,동대문구,1.2222222222222223,1.5592216155577852,0.6663939504033539
수,20,동작구,1.2222222222222223,1.486556198142126,1.2712445719429377
수,20,마포구,1.5555555555555556,1.4597420473991016,0.6675590521490585
수,20,서대문구,2.0,1.4122965896499475,0.8491081888165829
수,20,서초구,1.8888888888888888,1.908602963846304,1.3378278507254526
수,20,성동구,0.8888888888888888,1.1422277551483346,0.6705759200956622
수,20,성북구,1.3333333333333333,1.5545183088340768,0.8479510634153143
수,20,송파구,2.4444444444444446,2.095379121728853,2.073294095731761
수,20,양천구,0.4444444444444444,0.8228384235229469,0.8764541432765909
수,20,영등포구,3.7777777777777777,2.325235541369658,2.168013596562086
수,20,용산구,1.6666666666666667,1.4960710652921605,1.6509810138958358
수,20,은평구,3.3333333333333335,2.4564875634713625,1.4522674064545673
수,20,종로구,0.8888888888888888,1.8558839285202968,1.2262945730765815
수,20,중구,2.3333333333333335,1.8207236881418463,0.966085646386127
수,20,중랑구,2.111111111111111,2.510066594730098,1.2675918806959563
수,21,강남구,1.2222222222222223,1.2517505126120159,0.6399523377182423
수,21,강동구,1.1111111111111112,1.275257731940167,0.9410292169224638
수,21,강북구,0.5555555555555556,0.8311139410677866,0.8261021280547526
수,21,강서구,1.4444444444444444,2.240731442272603,0.7962869978281587
수,21,관악구,1.2222222222222223,1.1406859463192454,0.7876337898638108
수,21,광진구,1.1111111111111112,1.0779909513903925,0.6955325664145695
수,21,구로구,2.0,1.708673911371093,0.9457737997833298
수,21,금천구,0.1111111111111111,0.3723983040937891,0.4221688629199083
수,21,노원구,1.0,2.3828936660139792,1.3828936660139788
수,21,도봉구,0.3333333333333333,0.5639820237644066,0.5749615815287341
수,21,동대문구,1.3333333333333333,1.2429151208714777,0.543997136921019
수,21,동작구,0.8888888888888888,0.9632935287491075,0.9809950546878439
수,21,마포구,0.5555555555555556,1.0867214315573794,0.7700550864804618
수,21,서대문구,0.7777777777777778,0.9591447697166379,0.4953823197272129
수,21,서초구,1.2222222222222223,1.230096410465754,1.2113095877088322
수,21,성동구,0.4444444444444444,0.743460430022085,0.5093548821245929
수,21,성북구,0.8888888888888888,1.1839205600718665,0.9454210835241726
수,21,송파구,0.8888888888888888,1.3762318329028618,1.1263015306266646
수,21,양천구,0.3333333333333333,0.5786201763095418,0.5551322215399135
수,21,영등포구,3.6666666666666665,2.132416497758226,1.9145040640685909
수,21,용산구,0.8888888888888888,1.0068603130697111,0.8314927686238552
수,21,은평구,1.0,1.2661987653153313,0.4987400408656316
수,21,종로구,1.7777777777777777,1.6531596489608509,0.8696977999000255
수,21,중구,0.5555555555555556,0.9293734752900747,0.481298861054056
수,21,중랑구,2.0,1.5325495217251874,1.200274981684417
수,22,강남구,1.4444444444444444,1.2595280379257887,1.17392786665196
수,22,강동구,1.3333333333333333,1.0741746169706958,0.8133872016382674
수,22,강북구,0.3333333333333333,0.5483018446629215,0.5049231079171155
수,22,강서구,1.2222222222222223,1.531286845129774,0.9267989408036938
수,22,관악구,0.6666666666666666,0.8982111495335557,0.645439945883137
수,22,광진구,0.7777777777777778,0.60126836296029,0.7287975563830322
수,22,구로구,1.6666666666666667,1.262428376020879,0.9312723768055954
수,22,금천구,0.3333333333333333,0.2757304034132854,0.4400502692340533
수,22,노원구,1.5555555555555556,1.7588823490666405,1.1508788705151995
수,22,도봉구,0.2222222222222222,0.2932487080183561,0.3654575134315761
수,22,동대문구,0.6666666666666666,0.6940104340633381,0.49610747936577393
수,22,동작구,0.2222222222222222,0.5191092524411431,0.48891991012164215
수,22,마포구,0.4444444444444444,0.8943480516238161,0.9403543355167385
수,22,서대문구,0.5555555555555556,0.6271328493773489,0.7231626277457783
수,22,서초구,0.7777777777777778,0.7486853445198369,0.5703325319653927
수,22,성동구,0.7777777777777778,0.7024481962487976,0.5583705609907272
수,22,성북구,0.3333333333333333,0.47430177685695923,0.5494079862168213
수,22,송파구,0.6666666666666666,0.9354337942244622,0.8002583684154396
수,22,양천구,1.4444444444444444,0.8676756020374365,0.7814837717468498
수,22,영등포구,2.0,1.502283861118955,1.3143523714379721
수,22,용산구,0.5555555555555556,0.9289473351526857,0.7445949279014215
수,22,은평구,0.3333333333333333,0.5992244950493428,0.5474297328645625
수,22,종로구,1.3333333333333333,1.358651916290495,0.6660478205784724
수,22,중구,0.8888888888888888,0.9418809166820612,1.032011089682139
수,22,중랑구,1.0,0.779127704950747,0.9475625827005438
수,23,강남구,0.5555555555555556,0.6308312146155305,0.8010424312252712
수,23,강동구,0.5555555555555556,0.7051917316623868,0.5308599085530497
수,23,강북구,0.3333333333333333,0.2647548276458831,0.4355580029477998
수,23,강서구,0.2222222222222222,0.8068284986156034,0.6404492926720015
수,23,관악구,0.2222222222222222,0.30258937414686193,0.4697447463487578
수,23,광진구,0.1111111111111111,0.2639517800390064,0.32624919349271436
수,23,구로구,0.5555555555555556,0.3857075478118354,0.45692559396571625
수,23,금천구,0.1111111111111111,0.1681195514393665,0.24040662585137498
수,23,노원구,1.3333333333333333,1.0704287187947032,0.8143586726451597
수,23,도봉구,0.0,0.17385455591982438,0.17385455591982438
수,23,동대문구,0.4444444444444444,0.5898683402124297,0.6824401990810703
수,23,동작구,0.1111111111111111,0.24022627412332648,0.29735673384129896
수,23,마포구,0.3333333333333333,0.3276770498215989,0.42020208393393577
수,23,서대문구,0.1111111111111111,0.3996346121786143,0.4272624508486866
수,23,서초구,0.1111111111111111,0.360590084539133,0.3999384123884575
수,23,성동구,0.2222222222222222,0.25532241701203146,0.3670839553621134
수,23,성북구,0.1111111111111111,0.2835514024569382,0.3402372370707205
수,23,송파구,0.2222222222222222,0.5416299120549328,0.5388375768822012
수,23,양천구,0.2222222222222222,0.3733799183137356,0.4530855311267658
수,23,영등포구,0.5555555555555556,0.5603710961218008,0.9195586105623644
수,23,용산구,0.2222222222222222,0.413449756686405,0.4884379900357821
수,23,은평구,0.3333333333333333,0.39528525984059804,0.4550774095431149
수,23,종로구,1.0,0.5799887070488101,0.8824311755116059
수,23,중구,0.2222222222222222,0.4543108751061996,0.4412777379677607
수,23,중랑구,0.5555555555555556,0.3799265060678318,0.5039956484886469
월,0,강남구,0.2222222222222222,0.26657103269883126,0.3992711402591652
월,0,강동구,0.1111111111111111,0.21302113438987713,0.2737473292678043
월,0,강북구,0.0,0.16091620644610372,0.16091620644610372
월,0,강서구,0.4444444444444444,0.49834384092265044,0.7505231901181868
월,0,관악구,0.2222222222222222,0.16577889139212112,0.3120426761659739
월,0,광진구,0.1111111111111111,0.10613529165724744,0.1901861288767558
월,0,구로구,0.2222222222222222,0.1732500617124726,0.3209401745773619
월,0,금천구,0.1111111111111111,0.08473341052293298,0.17661841722344193
월,0,노원구,0.5555555555555556,0.5624762152876307,0.6093043752188813
월,0,도봉구,0.2222222222222222,0.07794268618276462,0.2671760710910278
월,0,동대문구,0.6666666666666666,0.322091484598546,0.6645495853903142
월,0,동작구,0.2222222222222222,0.11018554695668072,0.28513534422220155
월,0,마포구,0.1111111111111111,0.17080461774787686,0.2570821259453171
월,0,서대문구,0.2222222222222222,0.25425133973719494,0.366009295913352
월,0,서초구,0.3333333333333333,0.1803199369644918,0.4012700804275087
월,0,성동구,0.2222222222222222,0.09595180890563017,0.3006382954372047
월,0,성북구,0.0,0.12499682915736456,0.12499682915736456
월,0,송파구,0.5555555555555556,0.2812791539534311,0.6425329551150236
월,0,양천구,0.0,0.12231638237863776,0.12231638237863776
월,0,영등포구,0.0,0.14267112772310842,0.14267112772310842
월,0,용산구,0.1111111111111111,0.14805560744102705,0.23475669727137138
월,0,은평구,0.1111111111111111,0.11269317136889843,0.1975553299202194
월,0,종로구,0.3333333333333333,0.21279959962085632,0.4127360831660183
월,0,중구,0.4444444444444444,0.25110164629472537,0.43361377141930235
월,0,중랑구,0.1111111111111111,0.13036680199934858,0.21427511569186622
월,1,강남구,0.0,0.12297077067583312,0.12297077067583312
월,1,강동구,0.0,0.1808919253757387,0.1808919253757387
월,1,강북구,0.0,0.10909474092886155,0.10909474092886155
월,1,강서구,0.3333333333333333,0.2598142448425864,0.41017449535892103
월,1,관악구,0.0,0.11905830636289688,0.11905830636289688
월,1,광진구,0.0,0.04516651171071098,0.04516651171071098
월,1,구로구,0.0,0.07430874292855968,0.07430874292855968
월,1,금천구,0.1111111111111111,0.05578537886267773,0.15587579195946688
월,1,노원구,0.2222222222222222,0.2772215240535079,0.40522298909615384
월,1,도봉구,0.0,0.05786985813400877,0.05786985813400877
월,1,동대문구,0.2222222222222222,0.18296162056621737,0.3354093251388554
월,1,동작구,0.0,0.05721606920198722,0.05721606920198722
월,1,마포구,0.1111111111111111,0.10386367724640055,0.1906310143330311
월,1,서대문구,0.2222222222222222,0.187177614887443,0.33954602174009724
월,1,서초구,0.6666666666666666,0.2384802042610344,0.5534164312492377
월,1,성동구,0.1111111111111111,0.06421171098733718,0.16370691425027803
월,1,성북구,0.1111111111111111,0.11070995045449886,0.2025465620940419
월,1,송파구,0.2222222222222222,0.13272243298549616,0.3054039430975017
월,1,양천구,0.0,0.07874445816353183,0.07874445816353183
월,1,영등포구,0.0,0.09377363235225053,0.09377363235225053
월,1,용산구,0.5555555555555556,0.1398124131055864,0.5486539827360832
월,1,은평구,0.0,0.06886444759184321,0.06886444759184321
월,1,종로구,0.1111111111111111,0.14956206748702303,0.2309345496080539
월,1,중구,0.3333333333333333,0.15823713895248145,0.3849692334928309
월,1,중랑구,0.1111111111111111,0.09902653075923358,0.1947076661238876
월,2,강남구,0.0,0.12399928925189219,0.12399928925189219
월,2,강동구,0.1111111111111111,0.11917448066577749,0.20822901635159263
월,2,강북구,0.0,0.13033166584213787,0.13033166584213787
월,2,강서구,0.2222222222222222,0.28453018659681617,0.3583780241719922
월,2,관악구,0.0,0.14463896782852026,0.14463896782852026
월,2,광진구,0.0,0.04194014168902751,0.04194014168902751
월,2,구로구,0.0,0.051085528250720456,0.051085528250720456
월,2,금천구,0.0,0.04906195209199535,0.04906195209199535
월,2,노원구,0.2222222222222222,0.3058872317178567,0.4798522594355178
월,2,도봉구,0.1111111111111111,0.07365997082820659,0.16945698976952941
월,2,동대문구,0.0,0.14518064745437698,0.14518064745437698
월,2,동작구,0.0,0.06039718655660309,0.06039718655660309
월,2,마포구,0.1111111111111111,0.09392871969172012,0.18674441853244222
월,2,서대문구,0.1111111111111111,0.11619921385099102,0.20825940052967576
월,2,서초구,0.1111111111111111,0.27077493306198114,0.3218539227673256
월,2,성동구,0.2222222222222222,0.07413992052653116,0.27446414742008995
월,2,성북구,0.1111111111111111,0.07041067362220955,0.16583852029964136
월,2,송파구,0.3333333333333333,0.13919691826621722,0.40224419790230276
월,2,양천구,0.0,0.06991433772050953,0.06991433772050953
월,2,영등포구,0.0,0.11334448043119326,0.11334448043119326
월,2,용산구,0.0,0.11593878479010535,0.11593878479010535
월,2,은평구,0.0,0.04936144133695207,0.04936144133695207
월,2,종로구,0.0,0.1177777411137985,0.1177777411137985
월,2,중구,0.2222222222222222,0.27565405999607345,0.3114088130916536
월,2,중랑구,0.1111111111111111,0.11924658492866841,0.20362317600212776
월,3,강남구,0.0,0.11648688736506181,0.11648688736506181
월,3,강동구,0.0,0.15213661824360125,0.15213661824360125
월,3,강북구,0.1111111111111111,0.17710679327968976,0.2546662062863796
월,3,강서구,0.2222222222222222,0.2687957589464501,0.4090573878001683
월,3,관악구,0.0,0.12215002184488334,0.12215002184488334
월,3,광진구,0.0,0.04047555059945756,0.04047555059945756
월,3,구로구,0.0,0.05637555707721661,0.05637555707721661
월,3,금천구,0.2222222222222222,0.07214131393496387,0.2694110378915491
월,3,노원구,0.0,0.16677597073972728,0.16677597073972728
월,3,도봉구,0.0,0.05418913443635306,0.05418913443635306
월,3,동대문구,0.0,0.08724271144739998,0.08724271144739998
월,3,동작구,0.1111111111111111,0.07082701034718784,0.1696623907361671
월,3,마포구,0.1111111111111111,0.1634439334579656,0.25545537859922146
월,3,서대문구,0.1111111111111111,0.07743574210268725,0.1691224031068311
월,3,서초구,0.0,0.07862274121212172,0.07862274121212172
월,3,성동구,0.1111111111111111,0.06661419673200912,0.16614488666754207
월,3,성북구,0.2222222222222222,0.09862409232076369,0.270410374404851
월,3,송파구,0.0,0.0822852100542316,0.0822852100542316
월,3,양천구,0.1111111111111111,0.08902282518779908,0.182564490056829
월,3,영등포구,0.0,0.11405067534772012,0.11405067534772012
월,3,용산구,0.0,0.08058811272235089,0.08058811272235089
월,3,은평구,0.0,0.05360667948395173,0.05360667948395173
월,3,종로구,0.1111111111111111,0.10833448435198648,0.20506197510659796
월,3,중구,0.1111111111111111,0.10399274554573289,0.19242117577252132
월,3,중랑구,0.0,0.07532031505641647,0.07532031505641647
월,4,강남구,0.1111111111111111,0.27723488852158706,0.31970033242466855
월,4,강동구,0.8888888888888888,0.9587434539694782,0.5246505595015907
월,4,강북구,0.2222222222222222,0.34967633892986166,0.43356141774342893
월,4,강서구,0.5555555555555556,0.7154089572910954,0.7044511049346479
월,4,관악구,0.0,0.49549421070131927,0.49549421070131927
월,4,광진구,0.1111111111111111,0.05552856373861104,0.1559313877013925
월,4,구로구,0.1111111111111111,0.12205826181803421,0.20744838587282846
월,4,금천구,0.5555555555555556,0.3974028665627098,0.5582652761882989
월,4,노원구,0.7777777777777778,1.3927092178654508,0.6149314400876729
월,4,도봉구,0.0,0.10771023052079916,0.10771023052079916
월,4,동대문구,1.0,0.7945316871512045,0.20546831284879546
월,4,동작구,0.7777777777777778,0.7510500541852743,0.3992601862060967
월,4,마포구,1.8888888888888888,1.5838428326816978,0.43075538875464553
월,4,서대문구,0.0,0.07311140042184056,0.07311140042184056
월,4,서초구,0.1111111111111111,0.1555180106047513,0.24582368348368236
월,4,성동구,0.0,0.08046358189254185,0.08046358189254185
월,4,성북구,0.7777777777777778,0.666749057648259,0.5045820803801335
월,4,송파구,0.5555555555555556,0.7541959078883794,0.5781671958742429
월,4,양천구,0.0,0.13799930308562808,0.13799930308562808
월,4,영등포구,0.8888888888888888,0.573604957337141,0.587455149573457
월,4,용산구,0.0,0.05907492411066592,0.05907492411066592
월,4,은평구,0.4444444444444444,0.46220708591161713,0.5457490077076907
월,4,종로구,0.1111111111111111,0.10441687239289592,0.19433960865532923
월,4,중구,0.0,0.07702885158302474,0.07702885158302474
월,4,중랑구,0.3333333333333333,0.3163535617589963,0.45191347034536844
월,5,강남구,0.0,0.3629017897817074,0.3629017897817074
월,5,강동구,1.7777777777777777,1.7524032618346956,0.9617166780048364
월,5,강북구,1.0,0.6267728188330164,0.8357744279109293
월,5,강서구,0.1111111111111111,0.5138603890890971,0.5259664781485627
월,5,관악구,0.4444444444444444,0.6117080150375632,0.6098993330785186
월,5,광진구,0.1111111111111111,0.08333055331355403,0.1826640906257525
월,5,구로구,0.3333333333333333,0.1593028121826053,0.3462171581881124
월,5,금천구,0.0,0.13167300523530276,0.13167300523530276
월,5,노원구,0.0,0.6905655439866689,0.6905655439866689
월,5,도봉구,1.2222222222222223,1.4801940683541635,0.46804850117513236
월,5,동대문구,0.1111111111111111,0.2728232360419859,0.3379275124041594
월,5,동작구,0.4444444444444444,0.8048550185646044,0.5776361525795048
월,5,마포구,0.2222222222222222,0.5208715831956376,0.5346720959489342
월,5,서대문구,0.0,0.21566934504266302,0.21566934504266302
월,5,서초구,0.1111111111111111,0.24478706334421985,0.30616312265570556
월,5,성동구,1.0,0.5534720388717894,0.5162683278858976
월,5,성북구,0.1111111111111111,0.2460421006302883,0.29482191447465605
월,5,송파구,0.8888888888888888,0.7544193709258296,0.5091739388578889
월,5,양천구,2.2222222222222223,1.960075108445845,0.7368668226642464
월,5,영등포구,0.2222222222222222,0.24691096573815927,0.374764646587206
월,5,용산구,0.0,0.05081268555336087,0.05081268555336087
월,5,은평구,1.4444444444444444,0.9996826147919641,0.5399489290625719
월,5,종로구,0.0,0.061767823797421455,0.061767823797421455
월,5,중구,0.0,0.04793035209989186,0.04793035209989186
월,5,중랑구,0.6666666666666666,0.7309444359967382,0.4883750140472368
월,6,강남구,0.6666666666666666,0.80806100199241,0.5722906327857609
월,6,강동구,0.8888888888888888,1.1720489750942844,0.6305142590290662
월,6,강북구,2.4444444444444446,2.277706660810666,0.9377585070122473
월,6,강서구,2.888888888888889,2.8083584365969,0.7699362928284575
월,6,관악구,2.3333333333333335,2.3324834243517523,1.1834607304314233
월,6,광진구,1.5555555555555556,1.2467958277686553,0.6105262613829135
월,6,구로구,0.3333333333333333,0.5502778213205728,0.47049349576784305
월,6,금천구,1.0,1.1905289773879866,0.386130443963287
월,6,노원구,2.111111111111111,2.1656100364942743,0.7978558175898355
월,6,도봉구,1.4444444444444444,1.7819950648592662,0.7225081319741604
월,6,동대문구,0.6666666666666666,1.1334183654043835,0.8955361799401413
월,6,동작구,0.0,0.3267611564137401,0.3267611564137401
월,6,마포구,1.2222222222222223,1.2611019927597567,0.5102100689626299
월,6,서대문구,3.7777777777777777,4.604028100203855,1.3569850489928148
월,6,서초구,0.1111111111111111,0.17734599324686562,0.26294322623320265
월,6,성동구,1.8888888888888888,1.6230585339814665,0.4483937938539375
월,6,성북구,1.1111111111111112,1.333311917000054,0.49084532899554945
월,6,송파구,0.6666666666666666,0.627566577856933,0.5750310728590908
월,6,양천구,1.1111111111111112,1.061297845225204,0.4748589840577634
월,6,영등포구,0.8888888888888888,0.7863736767751036,0.34339454109515344
월,6,용산구,0.8888888888888888,1.0398518379470647,0.6273068080295953
월,6,은평구,2.6666666666666665,2.3787679597330946,0.6708345222911407
월,6,종로구,0.2222222222222222,0.09947061807443508,0.28715872994418157
월,6,중구,0.0,0.07087074365436832,0.07087074365436832
월,6,중랑구,0.1111111111111111,0.38765414081469945,0.3963386382320133
월,7,강남구,7.666666666666667,8.732147214489299,1.8569889184314314
월,7,강동구,12.222222222222221,13.91426632957043,1.6920441073482069
월,7,강북구,13.555555555555555,13.419764219073398,1.5950786411241349
월,7,강서구,12.666666666666666,14.834769418028328,2.6599852555553474
월,7,관악구,10.555555555555555,12.65027533954433,2.094719783988775
월,7,광진구,6.777777777777778,8.084426690660337,1.5305019955415473
월,7,구로구,7.555555555555555,7.995860478474857,1.12072626078504
월,7,금천구,6.0,6.264584378381066,1.3984412888889333
월,7,노원구,18.333333333333332,22.8992581142614,4.565924780928069
월,7,도봉구,5.0,5.226189074264334,1.167093901492193
월,7,동대문구,10.444444444444445,11.427423187674586,1.4899739698889245
월,7,동작구,3.6666666666666665,5.372062658909958,2.04148339602416
월,7,마포구,17.77777777777778,17.030164362768247,2.4983567255261057
월,7,서대문구,12.666666666666666,13.408909837089091,2.6485820764657504
월,7,서초구,5.111111111111111,5.752127949126205,2.2414825688004716
월,7,성동구,5.666666666666667,5.9633921483662355,0.9548399897353446
월,7,성북구,15.222222222222221,15.47607927833396,2.015391253224404
월,7,송파구,10.0,12.811114125014079,3.0536536739964504
월,7,양천구,7.666666666666667,7.299137138188901,1.594225804704891
월,7,영등포구,10.88888888888889,11.945495989593162,1.7273107561481262
월,7,용산구,7.888888888888889,7.707993579121778,1.0080813722949327
월,7,은평구,10.222222222222221,12.609642664909398,2.387420442687176
월,7,종로구,3.4444444444444446,4.86884947819055,1.6728889478740634
월,7,중구,2.5555555555555554,2.3322761816465727,0.5971716336560852
월,7,중랑구,9.0,12.372398804520586,3.7899451031395768
월,8,강남구,11.0,12.019634618220385,1.9249102671501659
월,8,강동구,19.555555555555557,21.58326028433802,3.1335826700911142
월,8,강북구,11.777777777777779,11.585342859905737,1.7202409702908312
월,8,강서구,20.77777777777778,22.302538053241435,3.13174667404199
월,8,관악구,16.0,16.66171259969044,2.4987799564570867
월,8,광진구,8.444444444444445,9.237485407903316,2.1629998196355213
월,8,구로구,13.88888888888889,14.6571770788825,2.6204346294741283
월,8,금천구,3.7777777777777777,5.116017070578514,1.5940923285219835
월,8,노원구,38.111111111111114,39.5427937716928,7.505873475839319
월,8,도봉구,14.444444444444445,16.09551351485545,3.406042027021437
월,8,동대문구,17.0,18.893510000221447,2.484327431713843
월,8,동작구,13.666666666666666,15.513675892739323,3.8070632244623397
월,8,마포구,18.555555555555557,19.442956966143573,2.3022842626189117
월,8,서대문구,14.444444444444445,17.076118556039912,2.904832634839925
월,8,서초구,6.666666666666667,8.572271959998766,2.3994665107858646
월,8,성동구,8.444444444444445,9.433320592689537,2.121791809865909
월,8,성북구,17.22222222222222,19.078869692128293,3.163580480303959
월,8,송파구,10.11111111111111,12.951761165647858,2.9383287437940044
월,8,양천구,8.333333333333334,10.414068118208235,2.321072217092942
월,8,영등포구,9.0,11.20421040916778,2.5766114076801108
월,8,용산구,7.0,7.621185620186026,1.3289774009631032
월,8,은평구,23.11111111111111,23.766004147017412,2.3105959816864625
월,8,종로구,5.555555555555555,7.543554594008487,2.256410206294066
월,8,중구,4.222222222222222,4.654235886222128,1.3012324369182118
월,8,중랑구,11.222222222222221,12.210978459453598,2.621298934311736
월,9,강남구,13.0,14.27451840053932,3.5410332091094983
월,9,강동구,18.444444444444443,20.972982061716547,4.513333278881394
월,9,강북구,8.11111111111111,11.05719955230936,3.219244292345201
월,9,강서구,33.333333333333336,32.33412834868897,3.1591875340310285
월,9,관악구,17.88888888888889,18.382260451656578,2.8339950977289754
월,9,광진구,14.11111111111111,14.82296960002042,3.734600791494451
월,9,구로구,20.77777777777778,20.190190706751395,2.6141774156681867
월,9,금천구,7.555555555555555,8.3884132356592,1.6916959146441044
월,9,노원구,47.888888888888886,51.67998349390103,4.721073333401353
월,9,도봉구,13.88888888888889,16.62919891026531,2.740310021376421
월,9,동대문구,20.555555555555557,19.184451575757343,2.91895610453362
월,9,동작구,14.88888888888889,15.089333747272626,2.7561840910358777
월,9,마포구,19.0,21.74555806650304,2.7455580665030412
월,9,서대문구,23.11111111111111,24.20589472826215,3.646833044062163
월,9,서초구,7.777777777777778,9.789192465561655,2.3823838818647562
월,9,성동구,13.222222222222221,12.340647749015695,2.7121178643909265
월,9,성북구,18.77777777777778,18.945134926671848,1.8667320742095954
월,9,송파구,16.22222222222222,17.121024473186168,3.681500477761907
월,9,양천구,12.666666666666666,15.605880776168776,3.236889842863687
월,9,영등포구,10.222222222222221,12.523490585316777,2.3012683630945547
월,9,용산구,6.111111111111111,8.3777695911783,2.6907182126616522
월,9,은평구,24.11111111111111,25.071936521584618,3.1663963323948914
월,9,종로구,6.555555555555555,6.875022636300193,2.2992450514507445
월,9,중구,5.333333333333333,5.428147591246181,0.9503461016414855
월,9,중랑구,16.555555555555557,16.987264378498768,2.6790702583554133
월,10,강남구,13.444444444444445,15.083308734989373,3.4441945568163543
월,10,강동구,37.0,37.512871455012316,2.91950537434337
월,10,강북구,17.0,16.901876959651297,3.626048357354498
월,10,강서구,32.888888888888886,34.011806526473634,4.2095722561987765
월,10,관악구,14.222222222222221,17.228041467324527,4.423626619747127
월,10,광진구,15.777777777777779,15.814804283461747,2.3763322767179025
월,10,구로구,25.555555555555557,24.011163559248114,3.082222249783235
월,10,금천구,9.222222222222221,9.215039749793414,1.8233013721490512
월,10,노원구,57.333333333333336,60.4713707011407,7.477371701550349
월,10,도봉구,18.22222222222222,19.670274004118635,2.2306220835993553
월,10,동대문구,20.88888888888889,19.82399630229301,4.264587486911953
월,10,동작구,13.444444444444445,14.53781645957105,2.3793671967838677
월,10,마포구,19.88888888888889,22.592735796517402,4.467931359134522
월,10,서대문구,36.0,36.02964440475895,5.007549911564251
월,10,서초구,11.222222222222221,12.13857090984412,2.457045772705303
월,10,성동구,6.0,8.697080306559506,3.0444278186927054
월,10,성북구,15.777777777777779,17.06715282852916,1.790824096652391
월,10,송파구,20.666666666666668,21.343083382513075,2.1770953579991
월,10,양천구,24.666666666666668,24.533529792751374,1.4795753504839244
월,10,영등포구,14.555555555555555,17.68096288719664,4.313272643409167
월,10,용산구,9.333333333333334,9.215563111638186,2.031867685551072
월,10,은평구,22.77777777777778,25.04888595158036,4.530305720040079
월,10,종로구,8.88888888888889,10.168904190803481,2.2421146813243964
월,10,중구,5.666666666666667,6.596495313846786,1.9415029383884024
월,10,중랑구,20.77777777777778,24.68350919427746,4.300409738704485
월,11,강남구,14.666666666666666,16.945723472581566,2.469072174882894
월,11,강동구,27.555555555555557,29.612712705680117,4.583534593358735
월,11,강북구,15.11111111111111,16.21146310409158,3.035817868589006
월,11,강서구,35.111111111111114,34.553416454803354,5.378399302588828
월,11,관악구,19.444444444444443,17.200226691471947,2.991377112327878
월,11,광진구,15.666666666666666,15.542274241185304,1.5140026173781096
월,11,구로구,14.11111111111111,17.13565803200876,3.024546920897647
월,11,금천구,7.222222222222222,8.371342674063673,1.6923576787951355
월,11,노원구,39.44444444444444,42.395063702104835,5.125227636760032
월,11,도봉구,14.11111111111111,14.08753950704384,3.3924082779608327
월,11,동대문구,23.11111111111111,21.766081270653572,4.437090955940923
월,11,동작구,15.444444444444445,16.886712001743092,2.783774661467773
월,11,마포구,22.666666666666668,25.050626715863558,3.4967482114971995
월,11,서대문구,24.77777777777778,25.569102761343448,3.5633479733535864
월,11,서초구,9.555555555555555,10.879062470157768,2.800004069912374
월,11,성동구,10.666666666666666,12.199024078835299,1.980194411335786
월,11,성북구,13.333333333333334,15.06946474779334,3.6238289613956525
월,11,송파구,12.777777777777779,15.833555067030062,3.3886208419617834
월,11,양천구,17.444444444444443,17.76522338940837,1.6765237273066473
월,11,영등포구,20.11111111111111,20.32301884178856,2.603147734216047
월,11,용산구,10.0,10.497802845090035,1.7942963577320958
월,11,은평구,25.555555555555557,26.018337995689617,4.063662568211722
월,11,종로구,9.0,10.97158063885862,2.951878806755695
월,11,중구,5.888888888888889,5.852234836115774,1.9331705270687978
월,11,중랑구,14.0,16.670454574150085,2.9856584731454805
월,12,강남구,22.333333333333332,22.19297032858012,3.9477467476477255
월,12,강동구,29.444444444444443,32.54340268239425,4.587519015434001
월,12,강북구,15.88888888888889,17.79102243459385,3.0595298697305906
월,12,강서구,39.0,36.946739172043266,5.4946190030582915
월,12,관악구,23.22222222222222,23.32512705100866,2.922507978916584
월,12,광진구,16.444444444444443,18.35749938248404,2.0209076624852313
월,12,구로구,24.444444444444443,22.79064152426236,2.6192340995943515
월,12,금천구,9.333333333333334,10.074834431061833,2.0920518172206566
월,12,노원구,51.333333333333336,56.29734462552946,7.034916857724595
월,12,도봉구,14.777777777777779,16.51214266674647,3.9543581825658083
월,12,동대문구,23.444444444444443,24.757545563853707,2.705514373642702
월,12,동작구,16.11111111111111,18.18531925596719,3.8412240656695076
월,12,마포구,34.666666666666664,34.049753453932425,3.458471925070044
월,12,서대문구,35.22222222222222,38.49389438985584,5.236807121600508
월,12,서초구,16.0,16.39582723832323,2.0166995271153065
월,12,성동구,14.222222222222221,15.48058886733155,2.388026193048492
월,12,성북구,13.0,16.536771734064118,3.5367717340641196
월,12,송파구,20.555555555555557,22.467398020486257,2.989276744145753
월,12,양천구,22.0,24.799092423466128,4.040293520907331
월,12,영등포구,27.22222222222222,27.19349523747872,3.411258949220895
월,12,용산구,9.333333333333334,10.59503121728905,3.051788813218767
월,12,은평구,24.0,26.58504571807027,3.836869335992686
월,12,종로구,14.333333333333334,15.359067281738639,3.4080792102062065
월,12,중구,10.444444444444445,10.298895603153023,1.5797119293905881
월,12,중랑구,24.555555555555557,25.265379123121125,3.4504504061032453
월,13,강남구,16.0,18.55679921142047,3.1968080221129114
월,13,강동구,32.44444444444444,33.35584104278971,2.4544172721340534
월,13,강북구,14.333333333333334,15.553398713897817,2.6999394110038875
월,13,강서구,27.77777777777778,33.03651446157496,5.25873668379718
월,13,관악구,15.444444444444445,17.40623692045188,2.4187990205898973
월,13,광진구,14.222222222222221,16.04478055278469,2.9169535051099262
월,13,구로구,14.777777777777779,17.33105355195715,3.7062135208237197
월,13,금천구,9.333333333333334,9.291916857402537,1.9353312085282635
월,13,노원구,63.0,63.714363914991296,4.232468224945318
월,13,도봉구,15.555555555555555,15.84928701080282,1.640447705200503
월,13,동대문구,12.333333333333334,16.39180764254987,4.568912002052203
월,13,동작구,13.88888888888889,15.157121827625259,2.309724290247443
월,13,마포구,29.22222222222222,34.9488196854837,6.189501944931562
월,13,서대문구,23.666666666666668,29.04623714633307,5.865521905965829
월,13,서초구,12.222222222222221,14.992148663498293,5.0041768669500435
월,13,성동구,11.444444444444445,13.819578625475668,2.53205073766376
월,13,성북구,16.333333333333332,16.897578093577888,2.3103814681430705
월,13,송파구,16.88888888888889,19.785769604460384,4.60216625939331
월,13,양천구,21.88888888888889,22.20222584817477,3.367019964069073
월,13,영등포구,19.333333333333332,21.111210135702223,4.0823708468274855
월,13,용산구,10.88888888888889,10.03393559170204,3.099266462395553
월,13,은평구,26.333333333333332,23.667734434632003,4.148157369099384
월,13,종로구,13.222222222222221,14.47189604966735,4.0559328689201
월,13,중구,6.888888888888889,7.5166412399664955,2.056405555652947
월,13,중랑구,22.0,21.652222256991383,4.454354078580719
월,14,강남구,15.666666666666666,17.855069585738814,3.1617312537153577
월,14,강동구,32.888888888888886,34.88744066762022,3.625378206381362
월,14,강북구,17.444444444444443,18.157588951739406,2.1609375589606765
월,14,강서구,28.77777777777778,32.37796548019407,3.985581258780829
월,14,관악구,16.555555555555557,17.654823517660393,3.1315340009529833
월,14,광진구,19.666666666666668,18.680055669947926,2.0853947828342663
월,14,구로구,15.0,16.95651569603688,2.5289336478985156
월,14,금천구,6.555555555555555,6.733638531389654,1.6343662651341864
월,14,노원구,69.88888888888889,68.73218730357425,8.726241129985585
월,14,도봉구,17.555555555555557,18.16852471932595,2.264658844776272
월,14,동대문구,14.222222222222221,15.684265019892697,3.757995464931573
월,14,동작구,18.88888888888889,19.4018342393782,2.847046353467771
월,14,마포구,50.888888888888886,46.936510587378535,4.677265440233075
월,14,서대문구,29.555555555555557,31.66055733761811,3.464571679882064
월,14,서초구,9.222222222222221,11.583283943655427,2.7549257328839047
월,14,성동구,12.0,12.425053798799446,2.468132737464226
월,14,성북구,10.88888888888889,15.02166780309521,4.132778914206322
월,14,송파구,19.11111111111111,18.850440051045254,1.6794708638852347
월,14,양천구,20.333333333333332,20.436574965100327,3.315862093785869
월,14,영등포구,18.444444444444443,19.659497629552085,5.222845678842447
월,14,용산구,9.555555555555555,9.37048102491315,1.8919988932301175
월,14,은평구,19.555555555555557,21.109505457634047,2.586758764370858
월,14,종로구,18.22222222222222,18.520941787200908,2.8035658319691823
월,14,중구,5.555555555555555,6.3526968175748735,1.331247210146698
월,14,중랑구,14.444444444444445,17.77130378214505,4.160967496581745
월,15,강남구,10.444444444444445,12.444134546498775,2.4634596134354374
월,15,강동구,22.555555555555557,26.63694658916003,5.676825383708644
월,15,강북구,12.555555555555555,14.653519652273417,2.794809648647141
월,15,강서구,31.0,32.17413769926637,5.223768991216327
월,15,관악구,14.777777777777779,16.93051658592166,3.529850942121764
월,15,광진구,14.11111111111111,15.052194430743548,2.5033872145725025
월,15,구로구,17.11111111111111,16.948803382933928,1.747866581194219
월,15,금천구,6.888888888888889,6.910760974064273,2.3928047493281848
월,15,노원구,69.55555555555556,66.89736358089483,7.196614781970262
월,15,도봉구,19.22222222222222,18.87504397515992,2.967742756927573
월,15,동대문구,14.222222222222221,16.827676458413393,3.1895442948499317
월,15,동작구,15.222222222222221,15.094883492816239,2.3771454444898694
월,15,마포구,32.888888888888886,33.037424403150546,5.293496099087158
월,15,서대문구,26.0,24.920127782358314,3.2247704055044704
월,15,서초구,12.0,12.241592238680031,1.2753701835297413
월,15,성동구,9.11111111111111,9.318801492309118,3.241243376096979
월,15,성북구,15.555555555555555,17.017033590800352,2.6740370972740686
월,15,송파구,14.222222222222221,15.993390912103413,2.8554143760137136
월,15,양천구,15.11111111111111,16.507051079819114,2.986366050728892
월,15,영등포구,19.333333333333332,19.12979981175478,1.671120113699744
월,15,용산구,3.5555555555555554,5.4255122215243174,1.8699566659687616
월,15,은평구,24.88888888888889,24.594476468183146,3.2207056579479714
월,15,종로구,10.88888888888889,12.356411215073244,2.9585021474503725
월,15,중구,5.777777777777778,5.163861930082372,1.1411724328197481
월,15,중랑구,14.88888888888889,16.908986175840013,3.4172516973651526
월,16,강남구,10.0,12.267354229971605,2.4667697521072705
월,16,강동구,20.22222222222222,21.25085241571128,3.3565102349496883
월,16,강북구,10.222222222222221,10.209215061188015,2.183049667037964
월,16,강서구,31.11111111111111,29.560389429677652,6.195033558481799
월,16,관악구,11.666666666666666,11.886502977048606,3.0643769989762273
월,16,광진구,9.88888888888889,12.085038238706625,3.5066345271874146
월,16,구로구,8.555555555555555,10.20656785800468,2.7909280947212216
월,16,금천구,4.222222222222222,4.937559069955474,1.897645024351028
월,16,노원구,51.333333333333336,56.66794696134272,6.9026864460554895
월,16,도봉구,15.555555555555555,16.841134300354835,3.1396679747790643
월,16,동대문구,14.444444444444445,14.962130259463894,2.6696648677567865
월,16,동작구,10.444444444444445,11.57447872466534,3.5704683359603724
월,16,마포구,21.444444444444443,21.677182802173782,3.6871241107215096
월,16,서대문구,19.333333333333332,22.49220829549815,3.3588321404448878
월,16,서초구,8.88888888888889,9.863079555456572,1.4674848099167404
월,16,성동구,10.333333333333334,10.234060061165062,2.20065191178883
월,16,성북구,10.222222222222221,13.310924920484574,4.344698222863073
월,16,송파구,11.88888888888889,12.878631561109916,1.972780396191281
월,16,양천구,13.11111111111111,11.533529406671068,2.4941402068702283
월,16,영등포구,17.444444444444443,20.424959062867636,4.448190807549344
월,16,용산구,5.777777777777778,4.741847106181805,2.2962382694264867
월,16,은평구,20.555555555555557,19.48748906770823,3.7152696422016067
월,16,종로구,7.888888888888889,9.672118840059515,2.5817818876220797
월,16,중구,3.0,4.3582362286541585,2.3616122464692624
월,16,중랑구,21.11111111111111,19.97761475809656,2.818141242175858
월,17,강남구,5.666666666666667,7.829578353036625,2.638302794119334
월,17,강동구,12.666666666666666,15.492444291341185,3.6053584664115825
월,17,강북구,4.888888888888889,6.101944198920435,2.3486580852949093
월,17,강서구,19.11111111111111,20.822119788933307,4.0770563508236215
월,17,관악구,7.444444444444445,6.865508937528809,2.4142876814070657
월,17,광진구,9.555555555555555,10.379163361475268,2.081446269031441
월,17,구로구,4.222222222222222,6.00723962046068,1.954466713187915
월,17,금천구,4.222222222222222,4.118690531595392,1.1457569533556977
월,17,노원구,28.666666666666668,30.570941092808457,4.928211276685907
월,17,도봉구,8.444444444444445,8.927477721125987,1.957367020096879
월,17,동대문구,6.666666666666667,8.728166956324737,2.5677724303729934
월,17,동작구,9.555555555555555,8.872212771088018,1.8016103417911806
월,17,마포구,16.333333333333332,17.11263759505933,2.144221273887185
월,17,서대문구,17.0,20.438646919326516,5.309572311663658
월,17,서초구,6.777777777777778,7.506089763148978,1.7140844989900574
월,17,성동구,10.666666666666666,10.106833091495423,2.6223928862937558
월,17,성북구,5.555555555555555,7.220831109433748,2.255978715710385
월,17,송파구,11.666666666666666,12.454635535239314,3.0630846240492158
월,17,양천구,7.666666666666667,7.8390204478587435,2.181291693786437
월,17,영등포구,9.333333333333334,13.060321594040353,4.338490324630829
월,17,용산구,1.5555555555555556,2.9454411168365953,1.7805034691477448
월,17,은평구,16.77777777777778,14.430968842005818,3.1726826793144096
월,17,종로구,12.333333333333334,11.662156523486036,2.4082792492713656
월,17,중구,5.555555555555555,5.4292839754145055,2.1546822218011803
월,17,중랑구,7.888888888888889,10.026830509633823,2.4613811593082144
월,18,강남구,7.777777777777778,7.360443443539568,2.777961898849882
월,18,강동구,6.888888888888889,7.433896787942803,1.66062673069791
월,18,강북구,5.111111111111111,4.978476638939321,1.593554548516516
월,18,강서구,10.88888888888889,12.161458863642958,1.7188794502798705
월,18,관악구,4.0,4.869740569180769,1.7756416314526047
월,18,광진구,3.6666666666666665,4.4889587122982695,1.4974641545787748
월,18,구로구,3.6666666666666665,5.06963076143096,1.5163176038344088
월,18,금천구,3.888888888888889,3.344968513274013,1.25150426959747
월,18,노원구,11.666666666666666,14.955348253678588,3.45869024897982
월,18,도봉구,3.888888888888889,5.384938743300461,1.6533911655405953
월,18,동대문구,5.444444444444445,5.643582510834906,1.746576145093858
월,18,동작구,6.222222222222222,5.131815601886725,2.1038680430227346
월,18,마포구,14.222222222222221,15.772817249217281,3.2394313588992176
월,18,서대문구,8.444444444444445,9.986440387292234,2.394078824264425
월,18,서초구,6.0,6.117958615677806,2.6475736527838944
월,18,성동구,2.7777777777777777,4.633388544521026,1.855610766743248
월,18,성북구,5.444444444444445,5.83652254471997,2.7389552227880047
월,18,송파구,7.666666666666667,7.888505698560875,1.7562373938313944
월,18,양천구,4.888888888888889,6.172644655181866,1.3288128944339213
월,18,영등포구,8.555555555555555,9.655146404865047,3.097809675667618
월,18,용산구,1.1111111111111112,2.244525714248733,1.3379492740030234
월,18,은평구,8.555555555555555,10.078056844044097,2.684934718668695
월,18,종로구,10.333333333333334,10.361881799487936,2.7714779180735594
월,18,중구,4.333333333333333,5.010880855626656,1.2783082500487006
월,18,중랑구,6.333333333333333,6.774235008550324,1.9673828189982234
월,19,강남구,4.555555555555555,4.839584680305263,1.2622809885509514
월,19,강동구,3.2222222222222223,4.032683904064658,1.6803716511896687
월,19,강북구,4.777777777777778,3.5118102629937735,1.4240075269921526
월,19,강서구,4.111111111111111,5.966367089718037,2.5133651410728186
월,19,관악구,3.0,3.0033059496298056,0.9916824871506902
월,19,광진구,2.3333333333333335,2.6565622198995036,1.333853681228553
월,19,구로구,1.3333333333333333,2.738477960214338,1.4874426331635118
월,19,금천구,2.0,1.935852113261372,1.3581507610795138
월,19,노원구,7.111111111111111,8.961955116034929,3.6170926054251376
월,19,도봉구,2.7777777777777777,2.977441690639171,0.7460522967616994
월,19,동대문구,1.1111111111111112,2.5889130700308693,1.8277294533508375
월,19,동작구,3.5555555555555554,3.2901666392920674,1.5120018744420016
월,19,마포구,5.555555555555555,6.929956579916209,2.2599353184001427
월,19,서대문구,2.6666666666666665,3.6818004482837146,1.6669176961140577
월,19,서초구,5.0,5.321240362675245,1.3495417976296669
월,19,성동구,2.4444444444444446,2.812318734822749,1.5050274771316106
월,19,성북구,1.7777777777777777,2.7331722867557797,1.028663448600971
월,19,송파구,2.7777777777777777,3.870051338676826,2.070532834326368
월,19,양천구,2.4444444444444446,2.5165751206373153,1.3464798932248514
월,19,영등포구,4.222222222222222,5.0279024324513095,1.233283739550267
월,19,용산구,1.3333333333333333,2.3358813375740746,1.0565102092497067
월,19,은평구,4.555555555555555,4.796622772600174,1.5918146841181968
월,19,종로구,7.444444444444445,6.732531531205198,2.4972336802278288
월,19,중구,3.111111111111111,3.2130733246065577,1.885564665288641
월,19,중랑구,4.222222222222222,4.496227879391086,1.5152872446089358
월,20,강남구,3.111111111111111,2.6193759118549287,1.7013373639088616
월,20,강동구,1.6666666666666667,2.002199577118764,0.9816739361361816
월,20,강북구,1.6666666666666667,1.5702614163152062,0.9197654309271847
월,20,강서구,3.4444444444444446,3.8396341724161545,1.1502196074018545
월,20,관악구,0.5555555555555556,1.2260263414725618,0.8487386439987714
월,20,광진구,1.1111111111111112,1.3357386872358958,0.54752385617625
월,20,구로구,1.2222222222222223,1.4617558386906084,0.6174595320795304
월,20,금천구,0.7777777777777778,0.6457079889022409,0.7700147228066544
월,20,노원구,3.5555555555555554,4.477657208618752,1.5753799372256887
월,20,도봉구,1.7777777777777777,1.4158423010877177,0.8642635530529065
월,20,동대문구,2.4444444444444446,1.6017302754026366,1.2717783121660484
월,20,동작구,1.2222222222222223,1.344925970099416,0.7717512046192156
월,20,마포구,1.4444444444444444,1.4338818822964419,1.0407676907159207
월,20,서대문구,1.6666666666666667,1.4379893498518788,0.701695038757131
월,20,서초구,1.5555555555555556,2.0059383505108777,0.9759055422862569
월,20,성동구,0.8888888888888888,1.116051820901509,0.8757777331248654
월,20,성북구,1.6666666666666667,1.6298292026618961,0.9043062723032992
월,20,송파구,1.5555555555555556,1.9841969292677188,0.9254014139784843
월,20,양천구,0.3333333333333333,0.8813744116160112,0.5883462863386163
월,20,영등포구,1.2222222222222223,1.9667620695390928,0.920194640205383
월,20,용산구,1.4444444444444444,1.4047871913234593,0.7376192623201665
월,20,은평구,1.6666666666666667,2.307962091630324,1.3370001969885759
월,20,종로구,1.7777777777777777,1.8502452166664796,0.40884634019591876
월,20,중구,2.111111111111111,1.8666946594753167,0.6496016581457935
월,20,중랑구,3.111111111111111,2.5432429634572737,1.3244638531475141
월,21,강남구,0.4444444444444444,1.126465937821558,0.8989709155877958
월,21,강동구,1.5555555555555556,1.337049113172211,0.8228089578601612
월,21,강북구,0.6666666666666666,0.7478119217719554,0.6210399314673491
월,21,강서구,3.2222222222222223,2.469970277346812,1.1039507074989132
월,21,관악구,1.0,1.0575347298734645,0.49826277016886394
월,21,광진구,1.5555555555555556,1.1326397445716303,0.8641701726283053
월,21,구로구,1.8888888888888888,1.6221133929087754,0.6931739282304213
월,21,금천구,0.2222222222222222,0.3594908390447141,0.42296737525600203
월,21,노원구,3.6666666666666665,2.5146546491021637,2.000414993548281
월,21,도봉구,0.3333333333333333,0.5113640377927776,0.5288633041146232
월,21,동대문구,1.0,1.094148409690049,0.5177978024148678
월,21,동작구,0.7777777777777778,0.890641725256277,0.8512708279803661
월,21,마포구,0.5555555555555556,1.0767844471770458,0.7321501011513256
월,21,서대문구,0.7777777777777778,0.953909528786435,0.7126722506079401
월,21,서초구,0.5555555555555556,1.0084481607807123,0.4895077351402651
월,21,성동구,0.7777777777777778,0.7876556062028365,0.5405963635519359
월,21,성북구,2.111111111111111,1.3628775714600887,1.4586969595525412
월,21,송파구,0.8888888888888888,1.3331507989610734,1.0227129665492811
월,21,양천구,0.1111111111111111,0.4930407650998294,0.4965648871551147
월,21,영등포구,1.2222222222222223,1.4699507185816252,0.9964730198245113
월,21,용산구,0.7777777777777778,1.0496548879070797,0.9593942055400247
월,21,은평구,1.2222222222222223,1.2805912945170448,1.0366643827955182
월,21,종로구,1.7777777777777777,1.6201002879205464,1.010157031893797
월,21,중구,1.0,0.964843369301522,0.7011882044153415
월,21,중랑구,0.6666666666666666,1.272784760003948,1.11504486231153
월,22,강남구,0.7777777777777778,1.2229503993445532,0.7436207697549275
월,22,강동구,1.2222222222222223,1.0223361630736312,0.6932336231543683
월,22,강북구,0.2222222222222222,0.47045612778690515,0.5242363212378464
월,22,강서구,1.7777777777777777,1.6567193870114183,0.5354868269793452
월,22,관악구,1.2222222222222223,0.9954511905163285,0.741777388504518
월,22,광진구,0.5555555555555556,0.5579146674812994,0.6685528907675876
월,22,구로구,0.8888888888888888,1.0118048200238192,0.638441806808082
월,22,금천구,0.1111111111111111,0.24931422934359215,0.307227025279748
월,22,노원구,2.5555555555555554,1.8133792058584421,1.0822970315910903
월,22,도봉구,0.2222222222222222,0.28011581086906046,0.4432005405368188
월,22,동대문구,0.5555555555555556,0.6628468753537884,0.838890333532095
월,22,동작구,0.1111111111111111,0.43910179966029955,0.45637561639871305
월,22,마포구,0.6666666666666666,0.7981715286999127,0.5815016237694229
월,22,서대문구,0.6666666666666666,0.6132553989650487,0.7484423940173875
월,22,서초구,0.5555555555555556,0.6150597101441654,0.529142170679834
월,22,성동구,0.3333333333333333,0.5471917757270962,0.5218407527278366
월,22,성북구,0.2222222222222222,0.38327624908082997,0.40418495663977555
월,22,송파구,1.0,1.0407798376137491,0.8736521454119526
월,22,양천구,0.7777777777777778,0.7229655770629767,0.34994972920908174
월,22,영등포구,0.8888888888888888,1.2260404281734036,0.9095772251327988
월,22,용산구,0.2222222222222222,0.8400884463894643,0.6597224964825276
월,22,은평구,0.6666666666666666,0.5746290884206711,0.8797174291746102
월,22,종로구,1.2222222222222223,1.282952453644347,0.9154850661136928
월,22,중구,0.4444444444444444,0.8625388713459565,0.759904318941984
월,22,중랑구,0.5555555555555556,0.6360640840316663,0.462937014850201
월,23,강남구,0.5555555555555556,0.5709261759101102,0.6648911851634882
월,23,강동구,1.0,0.7651705948739153,0.9559186655143157
월,23,강북구,0.2222222222222222,0.24042995780433912,0.3531453007584523
월,23,강서구,0.6666666666666666,0.7410017762776864,0.8845717375892147
월,23,관악구,0.2222222222222222,0.2488595053629234,0.3377867701906878
월,23,광진구,0.1111111111111111,0.2356954191418303,0.3073845028786622
월,23,구로구,0.2222222222222222,0.3059618004780708,0.38919976607346646
월,23,금천구,0.2222222222222222,0.16654059306558708,0.31720086076864695
월,23,노원구,0.6666666666666666,0.9166709721336793,0.785968480069019
월,23,도봉구,0.0,0.1666993655146308,0.1666993655146308
월,23,동대문구,0.3333333333333333,0.49953746977236535,0.6086088096115222
월,23,동작구,0.0,0.21248690907597723,0.21248690907597723
월,23,마포구,0.1111111111111111,0.25422738456646116,0.32086229433940533
월,23,서대문구,0.1111111111111111,0.372801580668848,0.3902977926137453
월,23,서초구,0.3333333333333333,0.30809142846227705,0.5265068353548991
월,23,성동구,0.1111111111111111,0.2268794816819829,0.29003095832861203
월,23,성북구,0.2222222222222222,0.26639286592988015,0.4381850012349155
월,23,송파구,0.8888888888888888,0.5527279519748441,0.8955546533290458
월,23,양천구,0.2222222222222222,0.33231110955638343,0.4104946205301529
월,23,영등포구,0.2222222222222222,0.44951931734742157,0.5005731578323231
월,23,용산구,0.5555555555555556,0.4276688785562539,0.6042741770731209
월,23,은평구,0.2222222222222222,0.3396265950587161,0.42428429536815837
월,23,종로구,0.2222222222222222,0.4179981587347267,0.4825999117780472
월,23,중구,0.3333333333333333,0.4214260558037931,0.4726751644399432
월,23,중랑구,0.3333333333333333,0.3055095150933179,0.46885113382290833
일,0,강남구,0.2222222222222222,0.2779358128003818,0.377018590760551
일,0,강동구,0.2222222222222222,0.2634471015825119,0.37565008738719957
일,0,강북구,0.4444444444444444,0.2752113005206042,0.5336711395316477
일,0,강서구,0.8888888888888888,0.8179045262855742,1.1274088671127926
일,0,관악구,0.1111111111111111,0.24622631573440756,0.29959134463043857
일,0,광진구,0.1111111111111111,0.14082640180603934,0.22713007051709738
일,0,구로구,0.7777777777777778,0.30209518100061733,0.867632095583342
일,0,금천구,0.1111111111111111,0.10101828076315628,0.1911114126713666
일,0,노원구,1.1111111111111112,1.002072034427024,0.5500017636187581
일,0,도봉구,0.0,0.116067832977519,0.116067832977519
일,0,동대문구,0.2222222222222222,0.3146130856586644,0.37913514208003035
일,0,동작구,0.0,0.13956915234526632,0.13956915234526632
일,0,마포구,0.3333333333333333,0.26383086543363976,0.40519424975671353
일,0,서대문구,0.7777777777777778,0.4678846401611805,0.637924170159065
일,0,서초구,0.4444444444444444,0.22876658216780799,0.5374554510994618
일,0,성동구,0.1111111111111111,0.1224011570215606,0.2064822105971908
일,0,성북구,0.2222222222222222,0.177551507283132,0.3245826543595378
일,0,송파구,0.0,0.32183221779486093,0.32183221779486093
일,0,양천구,0.0,0.20328918473024282,0.20328918473024282
일,0,영등포구,0.4444444444444444,0.23490533642361447,0.447267224287648
일,0,용산구,0.3333333333333333,0.32946923227606484,0.5126867211816271
일,0,은평구,0.0,0.15611125846671475,0.15611125846671475
일,0,종로구,0.3333333333333333,0.3452066446859127,0.5589312207891916
일,0,중구,0.2222222222222222,0.2740934708683677,0.35571368751999705
일,0,중랑구,0.3333333333333333,0.2798951507573973,0.4382411475059712
일,1,강남구,0.1111111111111111,0.130727192569466,0.20822253534902152
일,1,강동구,0.0,0.18828568688961336,0.18828568688961336
일,1,강북구,0.0,0.13680071520931336,0.13680071520931336
일,1,강서구,0.3333333333333333,0.34142462724229444,0.49318341953208766
일,1,관악구,0.2222222222222222,0.20567344137098525,0.3341103522709836
일,1,광진구,0.0,0.059630018777846586,0.059630018777846586
일,1,구로구,0.1111111111111111,0.09745374131951215,0.19070788893022314
일,1,금천구,0.0,0.06421271397747598,0.06421271397747598
일,1,노원구,0.1111111111111111,0.3019121523026874,0.34590748271683036
일,1,도봉구,0.0,0.07598968908361946,0.07598968908361946
일,1,동대문구,0.0,0.17338388136143826,0.17338388136143826
일,1,동작구,0.0,0.07290443314044912,0.07290443314044912
일,1,마포구,0.2222222222222222,0.14079207313809253,0.30446077952051426
일,1,서대문구,0.1111111111111111,0.21715899158305374,0.28420260606930214
일,1,서초구,0.5555555555555556,0.2625968948252557,0.5527768058258131
일,1,성동구,0.0,0.07310505241712788,0.07310505241712788
일,1,성북구,0.4444444444444444,0.18685147341765856,0.5026318405570576
일,1,송파구,0.1111111111111111,0.20605434246429835,0.27278759954381926
일,1,양천구,0.2222222222222222,0.13255793473296074,0.29815472165633383
일,1,영등포구,0.1111111111111111,0.11924670139532245,0.2042392361589228
일,1,용산구,0.2222222222222222,0.18553978044251263,0.32399721601287745
일,1,은평구,0.0,0.09279337763037072,0.09279337763037072
일,1,종로구,0.3333333333333333,0.2129937889636337,0.4163592985523683
일,1,중구,0.2222222222222222,0.18326503060059426,0.3702477298433394
일,1,중랑구,0.3333333333333333,0.15588852777200002,0.3918698376627967
일,2,강남구,0.1111111111111111,0.11640118767511638,0.20123564349094428
일,2,강동구,0.1111111111111111,0.11416209905355859,0.20370033233050372
일,2,강북구,0.2222222222222222,0.13872007883069915,0.30377389640424673
일,2,강서구,0.1111111111111111,0.3089391355237262,0.36552215802780236
일,2,관악구,0.4444444444444444,0.27125945876590557,0.5235046183581853
일,2,광진구,0.0,0.04786726741688244,0.04786726741688244
일,2,구로구,0.0,0.06782241606079359,0.06782241606079359
일,2,금천구,0.0,0.05232502560088309,0.05232502560088309
일,2,노원구,0.1111111111111111,0.2533971459241154,0.313136043298129
일,2,도봉구,0.2222222222222222,0.07992923499950606,0.26969185287148845
일,2,동대문구,0.4444444444444444,0.13893966850440778,0.4403352677246729
일,2,동작구,0.0,0.06565411385821755,0.06565411385821755
일,2,마포구,0.2222222222222222,0.10632619881403668,0.283026149311695
일,2,서대문구,0.1111111111111111,0.12146654865991693,0.21392627212203405
일,2,서초구,0.1111111111111111,0.26930767249390686,0.3313124402957139
일,2,성동구,0.1111111111111111,0.07550454168722814,0.17429378889330405
일,2,성북구,0.2222222222222222,0.09049362870983454,0.27037411282570056
일,2,송파구,0.0,0.16232151551817536,0.16232151551817536
일,2,양천구,0.2222222222222222,0.1273583987486876,0.30013426565929074
일,2,영등포구,0.2222222222222222,0.14039091970245288,0.31273335674758185
일,2,용산구,0.2222222222222222,0.21991963461892053,0.31718959910103495
일,2,은평구,0.0,0.05776677559997813,0.05776677559997813
일,2,종로구,0.4444444444444444,0.15621921824920806,0.5139083329966796
일,2,중구,0.3333333333333333,0.16902627209330168,0.44035663060420277
일,2,중랑구,0.1111111111111111,0.14736221994604826,0.2183240218488196
일,3,강남구,0.1111111111111111,0.1095643125024147,0.19858881637124343
일,3,강동구,0.4444444444444444,0.17305417072795448,0.4574388967942336
일,3,강북구,0.3333333333333333,0.18164212780083872,0.44887472781716053
일,3,강서구,0.4444444444444444,0.38701358418426296,0.6519400298095576
일,3,관악구,0.1111111111111111,0.16540655978905675,0.2472274752397413
일,3,광진구,0.1111111111111111,0.045621753436182126,0.14737833412778134
일,3,구로구,0.0,0.06482405551075851,0.06482405551075851
일,3,금천구,0.1111111111111111,0.06399630354208319,0.16202795892081265
일,3,노원구,0.3333333333333333,0.17373550277864214,0.4273769626246829
일,3,도봉구,0.0,0.06556076056066416,0.06556076056066416
일,3,동대문구,0.0,0.08565553026387723,0.08565553026387723
일,3,동작구,0.0,0.06733179804006507,0.06733179804006507
일,3,마포구,0.0,0.17480520446003822,0.17480520446003822
일,3,서대문구,0.1111111111111111,0.09527293921005825,0.1868910541942908
일,3,서초구,0.1111111111111111,0.08872678789215561,0.1815511144818139
일,3,성동구,0.0,0.06146187949905743,0.06146187949905743
일,3,성북구,0.3333333333333333,0.11099272529138951,0.39180969414779343
일,3,송파구,0.0,0.12255494751951801,0.12255494751951801
일,3,양천구,0.1111111111111111,0.1296181654048202,0.21418869711882318
일,3,영등포구,0.3333333333333333,0.14837464877533701,0.3868151080780252
일,3,용산구,0.4444444444444444,0.15400615085785588,0.5154598600455533
일,3,은평구,0.1111111111111111,0.06518008819366002,0.16427012418800174
일,3,종로구,0.4444444444444444,0.14005050202706182,0.4975380295829475
일,3,중구,0.0,0.08858829114447409,0.08858829114447409
일,3,중랑구,0.0,0.10039545190992019,0.10039545190992019
일,4,강남구,0.1111111111111111,0.14391916111220074,0.22777140458918202
일,4,강동구,0.3333333333333333,0.25537692210618457,0.4811142515963034
일,4,강북구,0.3333333333333333,0.25035450342837035,0.4433828859800497
일,4,강서구,1.1111111111111112,0.9414795636731093,0.20457575208932585
일,4,관악구,0.1111111111111111,0.2228654063853471,0.28388478925546656
일,4,광진구,0.0,0.04229076719844637,0.04229076719844637
일,4,구로구,0.2222222222222222,0.09282768090970878,0.2727526936399769
일,4,금천구,0.0,0.10286230375156105,0.10286230375156105
일,4,노원구,0.8888888888888888,1.0490476047147514,0.21393732380609162
일,4,도봉구,0.0,0.0915029952709388,0.0915029952709388
일,4,동대문구,0.0,0.1309954727943468,0.1309954727943468
일,4,동작구,0.0,0.12670635225051907,0.12670635225051907
일,4,마포구,1.1111111111111112,0.8328658608635872,0.2782452502475239
일,4,서대문구,0.1111111111111111,0.0549651961589491,0.15375184846335502
일,4,서초구,0.0,0.1171185540502109,0.1171185540502109
일,4,성동구,0.0,0.05420729207900024,0.05420729207900024
일,4,성북구,0.7777777777777778,0.3569452898664428,0.8320404976362951
일,4,송파구,1.2222222222222223,0.8620981207613855,0.37525016658337723
일,4,양천구,0.0,0.10457945405466067,0.10457945405466067
일,4,영등포구,0.3333333333333333,0.20822008588250293,0.42287861246578334
일,4,용산구,0.1111111111111111,0.0469852535091221,0.14802365013674917
일,4,은평구,0.0,0.1264671822757461,0.1264671822757461
일,4,종로구,0.3333333333333333,0.0940744422487453,0.3797962567866878
일,4,중구,0.2222222222222222,0.07244839234211536,0.2568619193544086
일,4,중랑구,0.1111111111111111,0.17192124197475211,0.25729913772595736
일,5,강남구,0.7777777777777778,0.41057665396949006,0.45522352076510786
일,5,강동구,0.2222222222222222,0.25661345948043746,0.4331674610232982
일,5,강북구,0.2222222222222222,0.16636421835075796,0.3364739105333489
일,5,강서구,0.4444444444444444,0.6836684172342189,0.6913810601075775
일,5,관악구,0.1111111111111111,0.11914091433168555,0.20555863153702808
일,5,광진구,0.0,0.04887083478982454,0.04887083478982454
일,5,구로구,0.0,0.06287669911314733,0.06287669911314733
일,5,금천구,0.0,0.0774124552349742,0.0774124552349742
일,5,노원구,1.0,0.8797748575169103,0.3557731254128686
일,5,도봉구,0.6666666666666666,0.5946687670547375,0.5759277255359793
일,5,동대문구,0.4444444444444444,0.16910926382277125,0.551692971988218
일,5,동작구,0.0,0.16322583198770044,0.16322583198770044
일,5,마포구,0.1111111111111111,0.20761416585946277,0.29082336108546714
일,5,서대문구,0.1111111111111111,0.14925572440376275,0.240086066499113
일,5,서초구,0.6666666666666666,0.5001198726102343,0.48757498241220243
일,5,성동구,0.0,0.09765371729041862,0.09765371729041862
일,5,성북구,0.0,0.09147670290831607,0.09147670290831607
일,5,송파구,0.0,0.1654730245113983,0.1654730245113983
일,5,양천구,0.7777777777777778,0.6385626957178183,0.4336784473315367
일,5,영등포구,0.0,0.09530295852757872,0.09530295852757872
일,5,용산구,0.1111111111111111,0.047799813013522235,0.14889212835694068
일,5,은평구,0.0,0.14772056567165637,0.14772056567165637
일,5,종로구,0.0,0.044030403529373756,0.044030403529373756
일,5,중구,0.0,0.047543118242099336,0.047543118242099336
일,5,중랑구,0.4444444444444444,0.333940297267173,0.5619601694769563
일,6,강남구,0.1111111111111111,0.10432988194115739,0.19842807929769693
일,6,강동구,0.0,0.07802720898237522,0.07802720898237522
일,6,강북구,0.0,0.09717766573493725,0.09717766573493725
일,6,강서구,0.0,0.22546897550514006,0.22546897550514006
일,6,관악구,0.0,0.08741243090046787,0.08741243090046787
일,6,광진구,0.0,0.0552768195171413,0.0552768195171413
일,6,구로구,0.1111111111111111,0.0570845701606002,0.15751551189431204
일,6,금천구,0.0,0.06831056842079272,0.06831056842079272
일,6,노원구,0.2222222222222222,0.1786868186039217,0.33816368878647246
일,6,도봉구,0.4444444444444444,0.1577550696551921,0.45651370799422036
일,6,동대문구,0.0,0.0835480815397229,0.0835480815397229
일,6,동작구,0.0,0.06574821020042429,0.06574821020042429
일,6,마포구,0.0,0.07111073526718581,0.07111073526718581
일,6,서대문구,0.0,0.19199751569551748,0.19199751569551748
일,6,서초구,0.2222222222222222,0.14225180560026324,0.3058598549979242
일,6,성동구,0.0,0.06829349995284173,0.06829349995284173
일,6,성북구,0.0,0.06027871210728164,0.06027871210728164
일,6,송파구,0.0,0.08857675589699952,0.08857675589699952
일,6,양천구,0.0,0.08334672457549121,0.08334672457549121
일,6,영등포구,0.0,0.07708207548027739,0.07708207548027739
일,6,용산구,0.0,0.06047399706349646,0.06047399706349646
일,6,은평구,0.0,0.10739863299618035,0.10739863299618035
일,6,종로구,0.0,0.04202417833698715,0.04202417833698715
일,6,중구,0.0,0.0428111143916789,0.0428111143916789
일,6,중랑구,0.1111111111111111,0.10268286503172035,0.19893167644376997
일,7,강남구,0.7777777777777778,1.2616032625280529,0.7642690915213075
일,7,강동구,0.4444444444444444,1.1510765531696734,0.8721632660264835
일,7,강북구,1.0,1.3111618985221554,0.649778169825766
일,7,강서구,1.0,2.2016632977766464,1.2566352329192414
일,7,관악구,1.4444444444444444,1.652432668486227,1.0502701231328986
일,7,광진구,0.3333333333333333,0.7960205808158467,0.6320170417466229
일,7,구로구,0.4444444444444444,0.6433598954136559,0.5226081229717684
일,7,금천구,0.5555555555555556,1.0000230146688955,0.5219633962916082
일,7,노원구,3.111111111111111,4.239777852562267,1.9550156133192214
일,7,도봉구,1.1111111111111112,1.1266026020933029,0.2387930610360295
일,7,동대문구,1.2222222222222223,1.6290274354251295,1.091295775486795
일,7,동작구,1.0,1.0743349445313808,0.5659529053335415
일,7,마포구,0.6666666666666666,1.3081605918660735,0.9608363308997855
일,7,서대문구,1.5555555555555556,2.033137244778217,1.2707816317255833
일,7,서초구,1.3333333333333333,1.29760356096338,0.6501094646046293
일,7,성동구,1.3333333333333333,1.4396028424404839,0.8203098349399082
일,7,성북구,0.1111111111111111,1.0403256757982473,0.9292145646871361
일,7,송파구,0.8888888888888888,1.4784935803963042,0.9872424619861538
일,7,양천구,1.3333333333333333,1.2647584280021311,0.381527579692051
일,7,영등포구,0.6666666666666666,0.7793348283092446,0.749809666395691
일,7,용산구,0.0,0.5443714320036004,0.5443714320036004
일,7,은평구,0.7777777777777778,1.542818531476216,1.1269633527697467
일,7,종로구,0.2222222222222222,0.5196311226052992,0.5109619578284603
일,7,중구,0.1111111111111111,0.3829799158382366,0.41657925799487305
일,7,중랑구,1.2222222222222223,2.0569790355542366,0.8635249937894822
일,8,강남구,6.777777777777778,7.040718000171838,2.178185450953591
일,8,강동구,5.111111111111111,6.309490038043563,1.567957255365785
일,8,강북구,3.5555555555555554,3.9019777369297604,1.6164583897548417
일,8,강서구,9.555555555555555,10.147359767044756,1.5307909078418525
일,8,관악구,4.111111111111111,4.584090483165543,1.5118444758789984
일,8,광진구,1.3333333333333333,2.1525493557797857,0.980969126904091
일,8,구로구,4.333333333333333,4.5062886908869855,0.8498582660487889
일,8,금천구,2.3333333333333335,2.3373753080434154,0.6930617115437442
일,8,노원구,11.555555555555555,12.3362433297013,1.7747321400224292
일,8,도봉구,3.888888888888889,4.247428476854662,1.6977966596356955
일,8,동대문구,7.222222222222222,7.4690936427143555,1.7957508369913115
일,8,동작구,4.555555555555555,4.548872723632488,0.8899145126724477
일,8,마포구,5.666666666666667,5.556510286051223,1.1200060086408428
일,8,서대문구,2.888888888888889,4.26132721372263,2.1124909631381774
일,8,서초구,2.2222222222222223,2.7697265485659672,1.0871534035525368
일,8,성동구,1.8888888888888888,2.5467148657247423,0.9604805057691441
일,8,성북구,4.666666666666667,4.998211836037362,1.2534134158385457
일,8,송파구,3.7777777777777777,4.631947657824397,1.2610391023228251
일,8,양천구,4.777777777777778,3.9599928441774606,1.1841223029856198
일,8,영등포구,1.6666666666666667,2.9984359174219546,1.58953370798527
일,8,용산구,1.6666666666666667,2.00527974726924,0.6951603266661146
일,8,은평구,6.0,6.92659113841703,1.8784809921421473
일,8,종로구,1.2222222222222223,1.7971679814540995,0.9481088763094753
일,8,중구,2.7777777777777777,2.2832738683515434,1.0743829434123087
일,8,중랑구,4.777777777777778,5.45920454891307,1.3592223798917384
일,9,강남구,5.666666666666667,6.499242218009225,1.95747689442097
일,9,강동구,7.333333333333333,7.6452823398957435,1.8686465315898069
일,9,강북구,2.3333333333333335,3.499680544367478,1.1663472110341446
일,9,강서구,6.0,7.874692867375411,1.8990812789994318
일,9,관악구,7.555555555555555,6.874226029020298,1.5434618008156054
일,9,광진구,0.7777777777777778,2.2896276179137707,1.5118498401359928
일,9,구로구,3.6666666666666665,4.695986132207387,1.3652004739671781
일,9,금천구,1.5555555555555556,2.658416401657725,1.1035002386465902
일,9,노원구,8.666666666666666,9.863296658140587,2.5639797735138163
일,9,도봉구,1.8888888888888888,3.4859892572974065,1.8221299131600277
일,9,동대문구,6.333333333333333,6.976540095926082,1.3350312406600213
일,9,동작구,4.666666666666667,4.936711399411866,1.3450836427791646
일,9,마포구,4.555555555555555,5.681400228987743,1.7223215343614648
일,9,서대문구,4.444444444444445,4.726830917195163,2.033788732708356
일,9,서초구,4.0,4.202064197394426,1.1899202354528902
일,9,성동구,3.0,3.2554578372948306,1.4360365387554195
일,9,성북구,4.777777777777778,5.479888020735582,1.928246793704596
일,9,송파구,3.7777777777777777,5.796561815592937,2.018784037815159
일,9,양천구,3.7777777777777777,4.82140231665806,2.1846052866562626
일,9,영등포구,3.0,4.09662167065467,1.491844105531563
일,9,용산구,2.2222222222222223,3.124391267690258,1.978099803398531
일,9,은평구,8.222222222222221,8.930956219009484,1.9606809077344904
일,9,종로구,1.2222222222222223,2.226416390906758,1.7118889202842498
일,9,중구,1.1111111111111112,1.526938239543567,0.7853761777705659
일,9,중랑구,4.888888888888889,5.500176804025009,2.122157078646029
일,10,강남구,4.888888888888889,6.734018444884999,2.3302307264091047
일,10,강동구,7.111111111111111,9.044404812197952,3.161526480049284
일,10,강북구,2.888888888888889,4.248263186408327,1.5765276569921507
일,10,강서구,9.555555555555555,11.417181601512103,3.00305787628065
일,10,관악구,4.111111111111111,5.70347218395986,2.0723802355551726
일,10,광진구,1.2222222222222223,2.67465431268346,1.5243339788613848
일,10,구로구,5.444444444444445,6.016742438194816,1.3530599957650025
일,10,금천구,4.0,3.7594342209588465,1.2173587045349343
일,10,노원구,13.222222222222221,14.025287589556031,2.367621976264112
일,10,도봉구,3.0,3.801524961831249,1.097884671886616
일,10,동대문구,5.111111111111111,6.303600345164323,1.7841200515437972
일,10,동작구,3.111111111111111,4.046499188453379,1.6720590376197557
일,10,마포구,4.666666666666667,6.133536637273934,1.4668699706072676
일,10,서대문구,4.777777777777778,6.288356384146788,1.6461533858844466
일,10,서초구,4.777777777777778,4.818809308360186,1.7057002846406837
일,10,성동구,2.5555555555555554,2.8553823006061325,1.0223875908141862
일,10,성북구,5.666666666666667,6.1328583587938885,1.786382787238532
일,10,송파구,6.333333333333333,7.826402258466899,2.818313052545207
일,10,양천구,3.3333333333333335,4.765100092599222,2.1098456519677544
일,10,영등포구,2.6666666666666665,3.9857560837704176,1.7806925519974948
일,10,용산구,1.8888888888888888,3.189864490598295,1.5674693377936937
일,10,은평구,8.555555555555555,9.70502878932671,2.502980624486736
일,10,종로구,1.3333333333333333,2.582957177424188,1.3537535081562897
일,10,중구,0.4444444444444444,1.609054036473932,1.1646095920294877
일,10,중랑구,7.666666666666667,7.856384706788098,2.236706954260185
일,11,강남구,5.444444444444445,6.832483251998257,1.6128258967677829
일,11,강동구,5.777777777777778,8.52409771363305,3.2991751924986326
일,11,강북구,4.888888888888889,5.524067411160823,1.5535748425334654
일,11,강서구,8.555555555555555,10.344184929148666,2.227898210991182
일,11,관악구,3.2222222222222223,4.942084691236681,2.4331609501560245
일,11,광진구,1.8888888888888888,3.0736812629280252,1.443395650393312
일,11,구로구,5.222222222222222,5.838053049344509,1.6929483775027556
일,11,금천구,3.5555555555555554,3.6081589243466663,0.9900729053202498
일,11,노원구,8.555555555555555,10.697758830340433,2.386647696427841
일,11,도봉구,4.222222222222222,4.714602609035328,1.456544564897862
일,11,동대문구,6.666666666666667,7.6468518487367,2.3397532672489927
일,11,동작구,4.222222222222222,4.5166630963069805,1.3414527216727956
일,11,마포구,4.222222222222222,6.252901621292048,2.175864332362173
일,11,서대문구,3.4444444444444446,4.778481417789698,1.9308886203621383
일,11,서초구,3.2222222222222223,4.246622686430147,1.70868672253433
일,11,성동구,2.4444444444444446,3.0152935528261406,1.4207836060142427
일,11,성북구,6.0,6.101603477533256,0.8748664417777344
일,11,송파구,5.888888888888889,7.277303032281641,3.1481380722058763
일,11,양천구,2.5555555555555554,4.114608097375811,2.2479579285802296
일,11,영등포구,1.8888888888888888,3.8185829665819884,2.0018166446907846
일,11,용산구,3.2222222222222223,4.009486287238706,1.4170422822433508
일,11,은평구,10.222222222222221,10.986920059982019,3.392998450700649
일,11,종로구,2.111111111111111,3.361880573021546,1.2951832126727885
일,11,중구,1.8888888888888888,2.6598473196317203,0.9376881254093262
일,11,중랑구,5.444444444444445,6.146342805702276,2.1467210969053934
일,12,강남구,8.666666666666666,9.526574280394104,2.3441360496370347
일,12,강동구,12.444444444444445,10.934949152150374,2.7189512732212884
일,12,강북구,7.222222222222222,7.3005326363533145,1.4375061646137186
일,12,강서구,13.333333333333334,13.208914755917036,2.439489176143808
일,12,관악구,4.888888888888889,6.625326632379778,2.6857686682513364
일,12,광진구,2.0,2.9609962655356505,0.9776647544522867
일,12,구로구,4.777777777777778,6.139792667795429,1.637632919512851
일,12,금천구,2.888888888888889,3.8245907364106393,1.1693854485914332
일,12,노원구,18.77777777777778,18.23556689198212,1.8872480082529566
일,12,도봉구,4.555555555555555,5.5327657234153245,2.102561410290031
일,12,동대문구,11.555555555555555,11.502445939640305,1.9181588281534667
일,12,동작구,3.111111111111111,3.8157857061398257,1.164654288390571
일,12,마포구,6.888888888888889,8.157573969804384,1.5479640982206415
일,12,서대문구,5.111111111111111,6.479169612538559,2.135201528182409
일,12,서초구,6.444444444444445,6.60776326409456,1.0488368935332084
일,12,성동구,4.111111111111111,4.297694478531212,1.1807700717657243
일,12,성북구,4.888888888888889,6.093446034500221,2.2513428078306883
일,12,송파구,8.0,9.903469656627166,2.162758503090584
일,12,양천구,8.777777777777779,8.33607557211054,2.095260536861477
일,12,영등포구,8.222222222222221,9.77187621245809,2.5928894052931355
일,12,용산구,5.444444444444445,4.912754417903871,1.791009294342679
일,12,은평구,8.444444444444445,9.222954540855845,2.2008679773199264
일,12,종로구,5.333333333333333,5.937236406954061,1.1737182944391502
일,12,중구,4.333333333333333,4.551808162987665,1.0958509505568452
일,12,중랑구,8.444444444444445,8.928784826451938,2.058304856493156
일,13,강남구,8.88888888888889,9.692622016398088,2.5502787861946556
일,13,강동구,8.333333333333334,10.311249962804855,3.003587317175424
일,13,강북구,6.666666666666667,6.741559432673777,1.9327363939221784
일,13,강서구,14.444444444444445,14.343776528607378,1.7425034778248374
일,13,관악구,8.0,8.309993039454238,1.8846336469021436
일,13,광진구,3.4444444444444446,4.251280432055022,1.7011733326944638
일,13,구로구,5.222222222222222,5.742568338037005,1.2896548750336638
일,13,금천구,1.4444444444444444,2.7837467135903746,1.4150365712855393
일,13,노원구,13.88888888888889,14.253461643550212,2.414211287036265
일,13,도봉구,6.666666666666667,6.582935198926382,1.903934494713882
일,13,동대문구,5.666666666666667,6.8912143805938495,1.8064939636902073
일,13,동작구,3.2222222222222223,4.329971861927315,1.9802340525329578
일,13,마포구,6.333333333333333,7.772242388584934,2.318552160645213
일,13,서대문구,6.444444444444445,6.90493494125737,2.729808659205076
일,13,서초구,6.666666666666667,6.716356494576788,2.039978266601551
일,13,성동구,4.0,4.077952982076464,2.0312280709573383
일,13,성북구,7.333333333333333,6.990712310836592,1.3190053206712717
일,13,송파구,9.555555555555555,10.386155905547099,2.5375136888966523
일,13,양천구,6.777777777777778,6.932459202747832,1.520974642849472
일,13,영등포구,8.222222222222221,8.776778685178774,2.343976196520928
일,13,용산구,5.888888888888889,5.221226676427967,2.6388429798078366
일,13,은평구,14.11111111111111,14.761146040279398,3.30037007457354
일,13,종로구,10.222222222222221,9.407996565378399,2.1084582006405514
일,13,중구,3.2222222222222223,4.190771159578717,1.262982396411556
일,13,중랑구,8.333333333333334,8.565954744159573,1.475344079196246
일,14,강남구,5.0,6.266667653550894,2.114679292772205
일,14,강동구,6.555555555555555,8.471426006509143,2.1532090116094755
일,14,강북구,4.222222222222222,5.149015822701569,2.5002814299429152
일,14,강서구,8.222222222222221,10.30801901490927,2.889279548094574
일,14,관악구,5.777777777777778,6.320229441563686,1.4255658375029594
일,14,광진구,4.0,4.086711716564849,1.280202082847972
일,14,구로구,4.777777777777778,5.565664509245063,2.694691244398145
일,14,금천구,3.0,3.0951184269539844,1.5354111027750863
일,14,노원구,12.777777777777779,12.539484755049099,1.8811850952729334
일,14,도봉구,6.333333333333333,6.174953328263297,1.7835587266190909
일,14,동대문구,6.777777777777778,6.914822556578429,1.9602271124316712
일,14,동작구,3.0,3.711191427682342,1.654422408234292
일,14,마포구,8.444444444444445,8.21096385079865,2.8881842368443666
일,14,서대문구,5.444444444444445,6.095952655519061,1.7671395263537084
일,14,서초구,5.555555555555555,5.118976681218157,1.7336697239628878
일,14,성동구,3.2222222222222223,3.5446529771852853,1.8758924652869555
일,14,성북구,5.0,5.483658360574425,2.5128992481737047
일,14,송파구,8.11111111111111,8.343412741095069,3.0533298273799043
일,14,양천구,5.444444444444445,5.898930116509732,1.7310031603135374
일,14,영등포구,10.0,8.861902811433772,2.7241585835069198
일,14,용산구,4.333333333333333,4.506961194759043,0.9206121016719435
일,14,은평구,8.333333333333334,8.33822724058485,2.1476817900432135
일,14,종로구,7.666666666666667,7.562368012955154,1.7440355030105938
일,14,중구,5.888888888888889,4.283385906210919,2.4674323004092726
일,14,중랑구,6.555555555555555,6.881445656356423,2.141166823383701
일,15,강남구,3.7777777777777777,4.450110664912969,2.016369896426466
일,15,강동구,5.333333333333333,6.6922000703812135,2.8765909874460136
일,15,강북구,4.222222222222222,4.464925619081841,1.5376718686981217
일,15,강서구,8.444444444444445,9.271520951258692,1.777838546757791
일,15,관악구,5.777777777777778,5.802863666167699,1.6107228715731683
일,15,광진구,3.0,3.875865972308079,1.095611507091932
일,15,구로구,3.3333333333333335,4.442921391440623,2.0381978200222974
일,15,금천구,2.0,2.671967865626758,1.5161768258243569
일,15,노원구,12.333333333333334,11.578909992153115,1.9020282445627343
일,15,도봉구,4.222222222222222,5.165494521661976,1.8596240888683981
일,15,동대문구,7.444444444444445,7.092181366709492,2.522918575984706
일,15,동작구,2.7777777777777777,3.4783329061365986,1.6213969793998766
일,15,마포구,5.333333333333333,6.428831024880772,1.7537683746417352
일,15,서대문구,3.888888888888889,4.161305394193002,1.4127038950856452
일,15,서초구,3.6666666666666665,4.0843706346411714,1.655508103808807
일,15,성동구,2.3333333333333335,2.9222119576958896,1.5732300276143492
일,15,성북구,4.444444444444445,4.876507256937606,1.819145192783682
일,15,송파구,6.555555555555555,7.343374759720209,2.5431982897392946
일,15,양천구,4.555555555555555,4.766347580515743,1.9858167322070084
일,15,영등포구,7.111111111111111,6.664744726869826,2.1293485340133405
일,15,용산구,2.6666666666666665,3.3305772747909437,1.3196065203435017
일,15,은평구,5.444444444444445,6.586179435037659,1.9114582898605046
일,15,종로구,4.555555555555555,4.660766887790206,1.47661999824098
일,15,중구,2.111111111111111,2.9332816701956155,1.2933213348076054
일,15,중랑구,4.111111111111111,4.570089552852912,1.3404622768744041
일,16,강남구,3.2222222222222223,3.249165345029722,2.2560999483899713
일,16,강동구,4.444444444444445,4.958875619222653,0.9819404942521339
일,16,강북구,2.6666666666666665,3.2753810277484883,1.3646107474787028
일,16,강서구,6.777777777777778,7.692771100982772,1.8781815393564614
일,16,관악구,1.8888888888888888,3.0481880700736044,1.1882271774165813
일,16,광진구,2.111111111111111,2.7012488019924974,1.2224270952761418
일,16,구로구,4.777777777777778,4.019927840643917,2.1695503092542294
일,16,금천구,1.1111111111111112,1.6002780534109515,0.7846416927433048
일,16,노원구,6.222222222222222,8.646765551438843,2.46962221502445
일,16,도봉구,3.111111111111111,4.037682377741358,1.7039403469176508
일,16,동대문구,6.555555555555555,5.902762994142902,1.5778427955858787
일,16,동작구,1.8888888888888888,2.410082931933301,1.7277478174424976
일,16,마포구,4.777777777777778,5.307593392842342,1.1898609400399396
일,16,서대문구,2.0,2.924377723313967,0.9774535089647336
일,16,서초구,2.4444444444444446,3.114397520429629,1.4898637861405435
일,16,성동구,1.1111111111111112,1.9580691981010203,1.1568148119142996
일,16,성북구,1.7777777777777777,2.571959376546986,1.4454139846723584
일,16,송파구,6.555555555555555,6.965590728013253,1.9327780258962208
일,16,양천구,3.2222222222222223,3.2361803074024427,1.1958372728122868
일,16,영등포구,3.2222222222222223,4.47575529610953,1.418237112379629
일,16,용산구,1.2222222222222223,2.192734251354232,1.0261773565098853
일,16,은평구,3.7777777777777777,4.532915230009304,1.2382054210001585
일,16,종로구,4.555555555555555,3.7006835841097288,1.157848223349796
일,16,중구,2.3333333333333335,2.4208928484049608,0.9158364254832227
일,16,중랑구,3.111111111111111,3.9137184300576657,1.4485563376809825
일,17,강남구,2.7777777777777777,3.2504273972335587,1.0831637049254423
일,17,강동구,4.111111111111111,4.918584817472738,1.9597084185443134
일,17,강북구,1.4444444444444444,2.404183821561363,1.5997303536055854
일,17,강서구,5.666666666666667,6.5527877554815745,2.2462558457139554
일,17,관악구,2.0,2.437025604194987,1.3745272580337462
일,17,광진구,3.4444444444444446,2.9949224421652128,1.0557528299723546
일,17,구로구,2.3333333333333335,2.9760880187473053,1.2151229614827197
일,17,금천구,0.8888888888888888,1.447847899128804,0.8817975468668054
일,17,노원구,5.777777777777778,7.227070288847447,2.758874510825656
일,17,도봉구,2.111111111111111,2.455890175019247,1.217069268616948
일,17,동대문구,3.5555555555555554,3.7845060729738558,1.205935899118585
일,17,동작구,1.3333333333333333,1.847515353153482,1.122851125436519
일,17,마포구,3.7777777777777777,4.01230620159805,1.9692547721177276
일,17,서대문구,1.7777777777777777,2.5086563435285334,1.0963510915317363
일,17,서초구,1.1111111111111112,2.2806821898769223,1.2005358924276253
일,17,성동구,1.0,1.8807680153168265,0.9166652107539713
일,17,성북구,1.1111111111111112,1.8986852328193606,1.0928650758870078
일,17,송파구,3.2222222222222223,4.342570426956079,1.8287771820731828
일,17,양천구,2.111111111111111,2.370373062631178,1.450510928577754
일,17,영등포구,3.3333333333333335,3.7545282529344046,1.6038576458751543
일,17,용산구,1.4444444444444444,2.2703837821953217,1.2430685184335237
일,17,은평구,2.6666666666666665,3.1729503627466844,1.4864298599177406
일,17,종로구,2.6666666666666665,3.210062000108548,1.6183155288141673
일,17,중구,2.2222222222222223,2.341138052437477,1.2669596885578926
일,17,중랑구,1.6666666666666667,2.714942845619014,1.3346320735269188
일,18,강남구,2.2222222222222223,2.7806029048665164,1.5191757476129284
일,18,강동구,3.4444444444444446,3.5300191840250563,1.3193608756983295
일,18,강북구,1.8888888888888888,2.2852983388064754,1.230080684501372
일,18,강서구,3.2222222222222223,4.265563280170799,1.5452712026565798
일,18,관악구,1.8888888888888888,2.165637115562631,1.4551327776595906
일,18,광진구,1.4444444444444444,1.9958007055761127,1.1326672386818475
일,18,구로구,1.7777777777777777,2.4265880348617848,1.1556220879173003
일,18,금천구,0.8888888888888888,1.2853239613115401,0.5574047696094879
일,18,노원구,4.777777777777778,5.714573520896325,2.1099976479779974
일,18,도봉구,1.7777777777777777,2.164388220720527,0.9489023502685813
일,18,동대문구,2.2222222222222223,2.813839414504656,1.6814007475981385
일,18,동작구,1.4444444444444444,1.7006043605219023,0.8266245667038352
일,18,마포구,1.7777777777777777,2.9678806783670115,1.432303979486178
일,18,서대문구,1.3333333333333333,1.9720703816615628,1.2077783784052234
일,18,서초구,3.111111111111111,2.826388980794013,1.1525348850761157
일,18,성동구,2.111111111111111,1.9092346684349377,1.5709138330054022
일,18,성북구,2.2222222222222223,2.090499381886751,0.922916943635494
일,18,송파구,2.4444444444444446,3.3661874646093346,1.9504058914478029
일,18,양천구,1.2222222222222223,2.0121392896455186,1.0792970439259
일,18,영등포구,4.111111111111111,4.0554142548915015,1.6597747576076283
일,18,용산구,2.7777777777777777,2.029058141435469,1.6806928865873727
일,18,은평구,2.7777777777777777,3.0065648156007683,1.2337183069780886
일,18,종로구,2.3333333333333335,3.120127943632842,1.3468002934667205
일,18,중구,2.0,2.147256865076271,0.7323619900960345
일,18,중랑구,2.6666666666666665,2.934314721121316,1.4602365297333584
일,19,강남구,1.6666666666666667,2.2025425649034456,1.1236369981511394
일,19,강동구,3.4444444444444446,2.6152638265078645,1.7189262841378778
일,19,강북구,2.0,1.8411005618416902,1.3352149873697063
일,19,강서구,2.7777777777777777,3.607455700922535,1.38037227511776
일,19,관악구,3.111111111111111,2.41087443384228,1.0146730779828235
일,19,광진구,1.5555555555555556,1.711112186739004,0.8888893497531468
일,19,구로구,2.7777777777777777,2.3837612574565754,0.8518470673766857
일,19,금천구,0.8888888888888888,0.9966606189478102,0.836840496246745
일,19,노원구,4.111111111111111,4.0368116931141556,1.5524343934808444
일,19,도봉구,2.5555555555555554,1.971471326628665,1.540670160189087
일,19,동대문구,4.0,2.439062363654741,1.845886182593793
일,19,동작구,0.4444444444444444,1.3153573217085957,0.8709128772641512
일,19,마포구,1.6666666666666667,2.4872947319519385,1.2855238519258596
일,19,서대문구,1.1111111111111112,1.493552223234651,0.5960798978223738
일,19,서초구,3.4444444444444446,2.8102470902567847,1.5225299187289347
일,19,성동구,1.3333333333333333,1.4599105781229844,0.997564959547343
일,19,성북구,1.3333333333333333,1.5470878827644026,1.1814990138660912
일,19,송파구,3.2222222222222223,3.0709362522157306,2.428463817498857
일,19,양천구,1.0,1.3297119027143498,0.8038196370121717
일,19,영등포구,2.3333333333333335,2.681263263704086,1.1058067856953453
일,19,용산구,3.4444444444444446,2.3728799191546806,1.1728825502734368
일,19,은평구,2.0,2.114924594500814,0.7347101306771328
일,19,종로구,2.111111111111111,2.5710089804256087,0.7049038587717286
일,19,중구,2.111111111111111,2.024071609871618,0.466036666531878
일,19,중랑구,2.7777777777777777,2.6312592538077673,1.4900037506874888
일,20,강남구,1.5555555555555556,1.1835771071518093,0.8045648139058651
일,20,강동구,1.3333333333333333,1.3158237808352011,0.5441594050931717
일,20,강북구,1.4444444444444444,0.9003648024825396,0.7072925922618305
일,20,강서구,1.6666666666666667,1.9358666344214663,1.5642967771706076
일,20,관악구,0.6666666666666666,0.912535724013435,0.7909329067835537
일,20,광진구,0.6666666666666666,0.7854791050930591,0.5585328145304822
일,20,구로구,1.6666666666666667,1.3213151406253356,1.0387579885114067
일,20,금천구,0.2222222222222222,0.4071837597367135,0.4362532438195804
일,20,노원구,2.2222222222222223,2.430003836977149,1.1234396624598184
일,20,도봉구,0.3333333333333333,0.8001094293375715,0.6351906815313866
일,20,동대문구,1.3333333333333333,1.0689440209404764,0.7723887462228858
일,20,동작구,0.4444444444444444,0.6452001180120115,0.676885819058947
일,20,마포구,1.0,1.015202352001987,0.7195740875991655
일,20,서대문구,0.3333333333333333,0.6378876209517244,0.7054826208723229
일,20,서초구,1.3333333333333333,1.2879010822280952,1.1936632455465357
일,20,성동구,0.6666666666666666,0.6021706351235817,0.5927068158997755
일,20,성북구,0.4444444444444444,0.8156442952353525,0.6838308651911448
일,20,송파구,2.2222222222222223,1.6295209889319087,1.1662096182532609
일,20,양천구,0.6666666666666666,0.6032796629189227,0.6468953170792611
일,20,영등포구,1.0,1.0366799718090611,0.49048015993697813
일,20,용산구,1.3333333333333333,1.1504047857437527,0.8333877154875305
일,20,은평구,0.6666666666666666,1.038590287992364,0.7828924306253989
일,20,종로구,0.5555555555555556,1.0887586103434597,0.714280091720659
일,20,중구,0.5555555555555556,1.0294538658925174,0.5248999225056834
일,20,중랑구,1.3333333333333333,1.3943446333617018,1.017614223411558
일,21,강남구,0.7777777777777778,0.626379675690731,0.5733238735784438
일,21,강동구,0.5555555555555556,0.644083887319736,0.6386547544243004
일,21,강북구,0.5555555555555556,0.45093940270580163,0.5107959754526324
일,21,강서구,0.7777777777777778,1.224734188390202,1.0121757503506021
일,21,관악구,0.7777777777777778,0.7694065397095919,0.8606260845956943
일,21,광진구,0.4444444444444444,0.6339684257526043,0.5023041541667452
일,21,구로구,1.3333333333333333,1.1473160065881538,0.8510889577090709
일,21,금천구,0.0,0.23628966866865397,0.23628966866865397
일,21,노원구,1.1111111111111112,1.3343063998379436,0.8879265845342635
일,21,도봉구,0.2222222222222222,0.42755565759774417,0.4363469265991176
일,21,동대문구,0.5555555555555556,0.7068733694948119,0.6337894807393487
일,21,동작구,0.1111111111111111,0.44193062865302263,0.461298131710584
일,21,마포구,0.4444444444444444,0.7746292240881552,0.7243553711343007
일,21,서대문구,0.2222222222222222,0.4804215101760585,0.5041024411613257
일,21,서초구,0.6666666666666666,0.6906289381606263,0.45074860783530024
일,21,성동구,0.3333333333333333,0.40564313513729783,0.4810099955325199
일,21,성북구,0.2222222222222222,0.5642864351188583,0.5312866055915229
일,21,송파구,1.0,1.0015233376528396,0.4781087085679082
일,21,양천구,0.3333333333333333,0.3595786161090715,0.4634146253146921
일,21,영등포구,0.7777777777777778,0.7614086457645804,0.7008760375901234
일,21,용산구,0.7777777777777778,0.7465579147055167,0.5233308525737219
일,21,은평구,0.3333333333333333,0.5483870528266013,0.5150592702103819
일,21,종로구,0.5555555555555556,0.8915116232625417,0.6580210644730564
일,21,중구,0.3333333333333333,0.6113315582374181,0.5443959781617058
일,21,중랑구,0.3333333333333333,0.7952368955239558,0.5586381757431446
일,22,강남구,0.2222222222222222,0.61943354610345,0.5759557917276958
일,22,강동구,0.3333333333333333,0.5919392790403223,0.632015710115057
일,22,강북구,0.3333333333333333,0.35075380810477247,0.5194670412905663
일,22,강서구,1.0,1.0296190422983786,0.7577694752629576
일,22,관악구,0.6666666666666666,0.580683490358293,0.5921481925343
일,22,광진구,0.1111111111111111,0.42277723598877004,0.4490671501447127
일,22,구로구,0.2222222222222222,0.7511309105281821,0.5986628548971061
일,22,금천구,0.1111111111111111,0.21273695893154865,0.2744337794304218
일,22,노원구,1.4444444444444444,1.1817370250924009,0.7264184174468749
일,22,도봉구,0.3333333333333333,0.27812038610499273,0.4268136139806343
일,22,동대문구,0.3333333333333333,0.5399834436133862,0.5417372887430397
일,22,동작구,0.1111111111111111,0.3240280200137603,0.3648407553308115
일,22,마포구,0.2222222222222222,0.6692608602988561,0.6045119014678537
일,22,서대문구,0.6666666666666666,0.407149296829293,0.6051609559920814
일,22,서초구,0.4444444444444444,0.5272044917140115,0.742730414537413
일,22,성동구,0.4444444444444444,0.3972806460801344,0.478084391513764
일,22,성북구,0.1111111111111111,0.33377439781603196,0.3774775096469968
일,22,송파구,0.6666666666666666,0.715790899488389,0.9154538851581387
일,22,양천구,0.3333333333333333,0.42936762281822977,0.4793593968367891
일,22,영등포구,1.7777777777777777,0.768648924941761,1.0112933509820172
일,22,용산구,0.6666666666666666,0.7612284483752805,0.5932927258132676
일,22,은평구,0.5555555555555556,0.4119913108984714,0.6043453725986322
일,22,종로구,0.4444444444444444,0.7536560931763653,0.7198007076730959
일,22,중구,0.4444444444444444,0.5716486085400595,0.6426840032027084
일,22,중랑구,0.4444444444444444,0.5383102671136097,0.6570023375626459
일,23,강남구,0.6666666666666666,0.4794529950219275,0.5081108754100028
일,23,강동구,0.7777777777777778,0.5186732031024115,0.4776403053552916
일,23,강북구,0.2222222222222222,0.2636673089004915,0.372784808411607
일,23,강서구,1.1111111111111112,0.8346160987119307,1.0666095618345173
일,23,관악구,0.2222222222222222,0.34865512593334025,0.415623039539712
일,23,광진구,0.4444444444444444,0.3087271013294917,0.5205335721766002
일,23,구로구,0.4444444444444444,0.4858658714582099,0.6177953779105385
일,23,금천구,0.2222222222222222,0.17165645697971665,0.3153643296371159
일,23,노원구,0.6666666666666666,0.8668530036155961,0.7831315078916936
일,23,도봉구,0.3333333333333333,0.21508203367950135,0.4620950417133842
일,23,동대문구,1.0,0.6114631917760888,0.5159353109559243
일,23,동작구,0.0,0.21987681353039135,0.21987681353039135
일,23,마포구,0.1111111111111111,0.3622082274931555,0.40628448335126743
일,23,서대문구,1.1111111111111112,0.42761901729501645,0.9824459750038437
일,23,서초구,0.2222222222222222,0.32138316549305074,0.4070461161716385
일,23,성동구,0.2222222222222222,0.255028454981533,0.3746318926351174
일,23,성북구,0.1111111111111111,0.3018322652610334,0.34903654427445435
일,23,송파구,0.5555555555555556,0.5678391612227425,0.6298013820484946
일,23,양천구,0.3333333333333333,0.3432295609355943,0.4414810220821975
일,23,영등포구,0.7777777777777778,0.45396010014539967,0.7316634839284482
일,23,용산구,0.2222222222222222,0.5005117526208134,0.48250277744709513
일,23,은평구,0.3333333333333333,0.3561526324422172,0.45594891308601704
일,23,종로구,0.1111111111111111,0.424491062430014,0.43739681440271844
일,23,중구,0.4444444444444444,0.4556043145041846,0.6209150177199552
일,23,중랑구,0.2222222222222222,0.4101622361477022,0.45032643511021003
토,0,강남구,0.6666666666666666,0.36174557015303926,0.5885842243925493
토,0,강동구,0.4444444444444444,0.32684832854260404,0.5248782887888802
토,0,강북구,0.4444444444444444,0.29608144759151167,0.5533324292049568
토,0,강서구,1.5555555555555556,1.0051586081458157,1.09920827493967
토,0,관악구,1.0,0.48501040924142125,0.7585013525488452
토,0,광진구,0.4444444444444444,0.1655029189777629,0.47737898351464797
토,0,구로구,0.1111111111111111,0.27245831363868156,0.31749875348466977
토,0,금천구,0.2222222222222222,0.11702221655394715,0.2928673659794405
토,0,노원구,0.3333333333333333,0.8082453691980391,0.6477533313042785
토,0,도봉구,0.0,0.1251128474287026,0.1251128474287026
토,0,동대문구,0.3333333333333333,0.3813960961268404,0.5742885984470273
토,0,동작구,0.0,0.14468534239020642,0.14468534239020642
토,0,마포구,0.5555555555555556,0.30263565674375353,0.5621269482804747
토,0,서대문구,0.6666666666666666,0.4406712303427187,0.6498692088115837
토,0,서초구,0.1111111111111111,0.21621403450198706,0.27857557988360593
토,0,성동구,0.0,0.13073423429828332,0.13073423429828332
토,0,성북구,0.0,0.20013723530897298,0.20013723530897298
토,0,송파구,0.4444444444444444,0.3693347515820788,0.5595246106213377
토,0,양천구,0.1111111111111111,0.23984178891009428,0.3017313922626611
토,0,영등포구,0.1111111111111111,0.25426690924245754,0.31764058002775974
토,0,용산구,0.5555555555555556,0.3565116948017295,0.6144595972912505
토,0,은평구,0.1111111111111111,0.16148880774380722,0.2376982688945162
토,0,종로구,0.5555555555555556,0.3604045330314302,0.5517609866015074
토,0,중구,0.6666666666666666,0.374670040028809,0.8327673624288073
토,0,중랑구,0.3333333333333333,0.3218136403156083,0.5433708735371261
토,1,강남구,0.3333333333333333,0.14317468088265697,0.3929684282797407
토,1,강동구,0.2222222222222222,0.22560088783999666,0.35893394300600945
토,1,강북구,0.2222222222222222,0.1555967559891869,0.31154637001497015
토,1,강서구,0.3333333333333333,0.37699756883056323,0.5548090897061331
토,1,관악구,0.3333333333333333,0.29575881711401686,0.42248588207789584
토,1,광진구,0.0,0.06986703046174186,0.06986703046174186
토,1,구로구,0.5555555555555556,0.15915060953332089,0.5927116578581496
토,1,금천구,0.1111111111111111,0.07185043953399849,0.16741654157793873
토,1,노원구,0.5555555555555556,0.4280647339470964,0.6316657875640401
토,1,도봉구,0.1111111111111111,0.08825102842068962,0.1827074029580499
토,1,동대문구,0.1111111111111111,0.18620492942983818,0.2577940492158583
토,1,동작구,0.0,0.07548257002281417,0.07548257002281417
토,1,마포구,0.3333333333333333,0.14013825600962138,0.3856949116149521
토,1,서대문구,0.3333333333333333,0.23884698047807806,0.41123417887083136
토,1,서초구,0.1111111111111111,0.17963889911969105,0.251428916224621
토,1,성동구,0.1111111111111111,0.08178967950479775,0.17707324284996712
토,1,성북구,0.6666666666666666,0.20974877328678987,0.7253922356523106
토,1,송파구,0.1111111111111111,0.23870698268954912,0.2948416124242304
토,1,양천구,0.1111111111111111,0.16526596800085655,0.2440699301599241
토,1,영등포구,0.1111111111111111,0.13442297588052973,0.2180244837987857
토,1,용산구,0.3333333333333333,0.24072756443660884,0.47451491412866936
토,1,은평구,0.1111111111111111,0.09780719764502008,0.18595958700055115
토,1,종로구,0.1111111111111111,0.222952871906287,0.27660644555010167
토,1,중구,0.4444444444444444,0.22447060823993795,0.491968767162666
토,1,중랑구,0.1111111111111111,0.15981416580890856,0.23506186731110323
토,2,강남구,0.1111111111111111,0.12300494645110388,0.20022985513764166
토,2,강동구,0.0,0.12151111469335711,0.12151111469335711
토,2,강북구,0.1111111111111111,0.15013911974884853,0.23392892953252156
토,2,강서구,0.3333333333333333,0.325506041211113,0.5121300631382455
토,2,관악구,0.1111111111111111,0.31736897885332926,0.3647409737577183
토,2,광진구,0.0,0.05333239219236186,0.05333239219236186
토,2,구로구,0.0,0.07511271116409214,0.07511271116409214
토,2,금천구,0.0,0.05705703995164676,0.05705703995164676
토,2,노원구,0.1111111111111111,0.25158555832269364,0.3017234202618833
토,2,도봉구,0.0,0.07690236237593744,0.07690236237593744
토,2,동대문구,0.2222222222222222,0.1308237184552371,0.30018478530099396
토,2,동작구,0.1111111111111111,0.07200554828133982,0.16798103434855843
토,2,마포구,0.0,0.10400429995557532,0.10400429995557532
토,2,서대문구,0.0,0.1454338777494139,0.1454338777494139
토,2,서초구,0.8888888888888888,0.5514721983748738,0.6398293933677776
토,2,성동구,0.0,0.08955068380349286,0.08955068380349286
토,2,성북구,0.2222222222222222,0.09687031315245516,0.2795927398500279
토,2,송파구,0.4444444444444444,0.19773641372457398,0.5335580539219829
토,2,양천구,0.1111111111111111,0.1315519367108538,0.21666342848692532
토,2,영등포구,0.1111111111111111,0.14026383767245415,0.22409579400166912
토,2,용산구,0.8888888888888888,0.2799609899073147,0.7633400291550867
토,2,은평구,0.0,0.05761592191483644,0.05761592191483644
토,2,종로구,0.3333333333333333,0.156763599377827,0.3820779539035817
토,2,중구,0.0,0.1826631899121158,0.1826631899121158
토,2,중랑구,0.0,0.15655211749965817,0.15655211749965817
토,3,강남구,0.2222222222222222,0.12531506063313347,0.293182672436255
토,3,강동구,0.2222222222222222,0.15998123010317897,0.3276183529997446
토,3,강북구,0.2222222222222222,0.18853228998636104,0.33349683848954714
토,3,강서구,0.2222222222222222,0.3377594405478505,0.4293150141782638
토,3,관악구,1.0,0.4030709677080631,0.7031992705370492
토,3,광진구,0.0,0.04662098477963214,0.04662098477963214
토,3,구로구,0.2222222222222222,0.08173234712437297,0.2903546952349287
토,3,금천구,0.0,0.06515881392576163,0.06515881392576163
토,3,노원구,0.0,0.17605653532646942,0.17605653532646942
토,3,도봉구,0.0,0.06804442513323551,0.06804442513323551
토,3,동대문구,0.1111111111111111,0.08919197145224307,0.18131365309769668
토,3,동작구,0.2222222222222222,0.0766239702960823,0.25988286465812316
토,3,마포구,0.0,0.13670145745791373,0.13670145745791373
토,3,서대문구,0.2222222222222222,0.11937860444373048,0.3050106905611408
토,3,서초구,0.1111111111111111,0.08908902801407498,0.1807890937689854
토,3,성동구,0.2222222222222222,0.08402469476038164,0.2695181974265753
토,3,성북구,0.2222222222222222,0.10781358804920746,0.25238626443206325
토,3,송파구,0.1111111111111111,0.14095897509089206,0.22626426683937634
토,3,양천구,0.0,0.14059402190573153,0.14059402190573153
토,3,영등포구,0.1111111111111111,0.13319282017177095,0.21720582109011838
토,3,용산구,0.1111111111111111,0.1095426519165684,0.18368193951394718
토,3,은평구,0.1111111111111111,0.059907687922044595,0.1584723472962395
토,3,종로구,0.3333333333333333,0.13588132567363864,0.41421170584914285
토,3,중구,0.3333333333333333,0.1131672515403125,0.4065148390134961
토,3,중랑구,0.1111111111111111,0.10472393840185029,0.19364073415515956
토,4,강남구,0.2222222222222222,0.27135038795086247,0.41923495324622834
토,4,강동구,1.0,0.8139241772150971,0.6294028576631026
토,4,강북구,0.1111111111111111,0.2922434075451777,0.3554638843761692
토,4,강서구,0.7777777777777778,1.0738330548132895,0.5393293651215239
토,4,관악구,2.6666666666666665,1.8698222202338357,0.7968444464328308
토,4,광진구,0.0,0.05086082615818813,0.05086082615818813
토,4,구로구,0.1111111111111111,0.10522807578602744,0.19777907530828573
토,4,금천구,0.3333333333333333,0.22664677528838054,0.38622742011667
토,4,노원구,1.8888888888888888,1.898863344515023,0.6464852724008495
토,4,도봉구,0.1111111111111111,0.09391570240391776,0.18251768937855786
토,4,동대문구,0.1111111111111111,0.2161784815554099,0.2809240503972999
토,4,동작구,1.2222222222222223,0.9106084420059075,0.6542687766800062
토,4,마포구,0.7777777777777778,1.0177322550065342,0.3152843891685211
토,4,서대문구,0.0,0.07993802659633743,0.07993802659633743
토,4,서초구,0.4444444444444444,0.2639566394896206,0.47429613206937826
토,4,성동구,0.1111111111111111,0.06954608121549402,0.16843869684995483
토,4,성북구,0.7777777777777778,0.6271211489628257,0.5260002378908053
토,4,송파구,0.3333333333333333,0.5356218041414506,0.457863022527674
토,4,양천구,0.1111111111111111,0.146603582351789,0.2358825975589286
토,4,영등포구,0.0,0.14551409405215707,0.14551409405215707
토,4,용산구,0.1111111111111111,0.05160498622604771,0.15205842194045976
토,4,은평구,0.3333333333333333,0.27430902350275876,0.42832937770408863
토,4,종로구,0.2222222222222222,0.1066650263898863,0.3131064343841399
토,4,중구,0.1111111111111111,0.07774591522366858,0.1785790955312007
토,4,중랑구,0.3333333333333333,0.27247051776128056,0.450117962449386
토,5,강남구,1.0,0.9340035633219388,0.37929012727966077
토,5,강동구,0.8888888888888888,0.9622894792569918,0.4430463094805826
토,5,강북구,0.6666666666666666,0.3711792295682297,0.5865847917559915
토,5,강서구,2.111111111111111,1.6595877056711812,0.6104875371093571
토,5,관악구,0.3333333333333333,0.4029911025803507,0.4992553866827722
토,5,광진구,0.1111111111111111,0.07445825695597312,0.16497260926341306
토,5,구로구,0.0,0.09258438405616147,0.09258438405616147
토,5,금천구,0.2222222222222222,0.1288902044413974,0.31506599775491373
토,5,노원구,2.3333333333333335,1.7423422740991799,0.5909910592341535
토,5,도봉구,1.4444444444444444,1.5091276216712104,0.6023200876364669
토,5,동대문구,0.3333333333333333,0.3691833249013523,0.35566310858254657
토,5,동작구,1.6666666666666667,1.5203164979880275,0.8717017229349373
토,5,마포구,0.2222222222222222,0.2986555005440316,0.4313919289402569
토,5,서대문구,0.5555555555555556,0.40784453209792937,0.46699959878663616
토,5,서초구,0.7777777777777778,0.6289321776949852,0.7189332873056083
토,5,성동구,0.0,0.181361902804546,0.181361902804546
토,5,성북구,1.0,0.8880141323389421,0.1119858676610578
토,5,송파구,0.2222222222222222,0.3179120408773331,0.3942752659585907
토,5,양천구,1.1111111111111112,1.204392656590418,0.2985610675965968
토,5,영등포구,0.1111111111111111,0.23530510582141353,0.28082885309147876
토,5,용산구,0.0,0.04734319568627829,0.04734319568627829
토,5,은평구,0.3333333333333333,0.5976581881782143,0.34548221149684993
토,5,종로구,0.1111111111111111,0.07176170563983386,0.17093540990497924
토,5,중구,0.0,0.04769585970889892,0.04769585970889892
토,5,중랑구,0.2222222222222222,0.2688539724501598,0.364224833362017
토,6,강남구,0.0,0.18700627616894414,0.18700627616894414
토,6,강동구,0.1111111111111111,0.29613112305916933,0.3550731904594154
토,6,강북구,0.6666666666666666,0.5651555754089365,0.4465612513138198
토,6,강서구,0.8888888888888888,0.870488660787426,0.8937454573387595
토,6,관악구,0.4444444444444444,0.4221906098832298,0.59681670276815
토,6,광진구,0.1111111111111111,0.19811193769093427,0.28003883998199114
토,6,구로구,0.0,0.10810883327102004,0.10810883327102004
토,6,금천구,0.0,0.2142687987008174,0.2142687987008174
토,6,노원구,0.0,0.4148992758432264,0.4148992758432264
토,6,도봉구,0.5555555555555556,0.346498183294609,0.5710284144583049
토,6,동대문구,1.2222222222222223,0.8111622124383454,0.6450213562678956
토,6,동작구,1.1111111111111112,0.47080757739671025,0.7541340585763474
토,6,마포구,0.1111111111111111,0.2285969955022722,0.30352750179489446
토,6,서대문구,1.1111111111111112,1.0276749656694193,0.4742972037747673
토,6,서초구,0.2222222222222222,0.1602492447620399,0.3632484201471342
토,6,성동구,0.0,0.1572743397121145,0.1572743397121145
토,6,성북구,0.5555555555555556,0.4380921874455211,0.4516471786685453
토,6,송파구,0.0,0.13358659900139422,0.13358659900139422
토,6,양천구,0.0,0.1419314784494376,0.1419314784494376
토,6,영등포구,0.3333333333333333,0.339677721895761,0.4757487723391615
토,6,용산구,0.0,0.13170216978287672,0.13170216978287672
토,6,은평구,0.1111111111111111,0.3468935321224775,0.39715294751768204
토,6,종로구,0.0,0.05795122941649559,0.05795122941649559
토,6,중구,0.0,0.047248449084883015,0.047248449084883015
토,6,중랑구,0.2222222222222222,0.18417945794268892,0.3132668656415253
토,7,강남구,3.0,3.5164671798938647,1.3547289289682964
토,7,강동구,2.2222222222222223,3.0628613905354563,1.2126501309949198
토,7,강북구,2.6666666666666665,3.0051527459410012,1.3668796507462255
토,7,강서구,3.5555555555555554,4.509235533443104,1.9281496010435193
토,7,관악구,3.5555555555555554,3.5093256099870107,0.9980979111450681
토,7,광진구,2.7777777777777777,2.6703292826100746,0.7137957925916365
토,7,구로구,1.3333333333333333,1.789581909585183,1.1350349621049238
토,7,금천구,1.0,1.494055431677148,0.7161155632285099
토,7,노원구,6.888888888888889,7.660203119306947,1.4668741142751915
토,7,도봉구,1.0,1.2715428639588817,0.6824043079976403
토,7,동대문구,2.0,2.74107373432621,1.0759621894353568
토,7,동작구,2.4444444444444446,2.453210461327117,0.9378906925853473
토,7,마포구,2.4444444444444446,3.369888612126284,1.201475342090283
토,7,서대문구,7.777777777777778,5.996644246309248,1.832800477842781
토,7,서초구,0.8888888888888888,1.5149487201661556,1.1547766454448964
토,7,성동구,0.6666666666666666,1.2902360973300833,0.7463599224952011
토,7,성북구,2.6666666666666665,3.4332159028587133,1.1954989127912738
토,7,송파구,3.0,3.4032600663009207,1.1470158109266728
토,7,양천구,1.6666666666666667,1.8684101289474175,1.1596692884050115
토,7,영등포구,2.2222222222222223,2.5302746134246785,0.7722938395863594
토,7,용산구,0.0,0.8335102431675037,0.8335102431675037
토,7,은평구,1.0,2.0749532634364964,1.2932309519290426
토,7,종로구,1.5555555555555556,1.5187377693621475,0.8105513656935349
토,7,중구,0.2222222222222222,0.5755647306501572,0.5619978523402609
토,7,중랑구,4.0,4.554918375360226,1.4779985583837307
토,8,강남구,7.333333333333333,7.1875759820856615,1.382660766505188
토,8,강동구,4.888888888888889,6.265135453868021,1.6121517726946883
토,8,강북구,3.888888888888889,4.443090811605451,1.062300656602605
토,8,강서구,8.666666666666666,9.378933731102109,1.8841226451953963
토,8,관악구,4.111111111111111,4.900347138217161,1.2238503380895234
토,8,광진구,2.7777777777777777,2.9110452049048607,1.0195137151092863
토,8,구로구,3.2222222222222223,4.203332997391629,1.6072013729046954
토,8,금천구,4.444444444444445,3.230566231858001,1.9767720791639987
토,8,노원구,11.777777777777779,12.047310802163178,1.6061290036518052
토,8,도봉구,3.4444444444444446,4.4109770063537495,1.7197727478997873
토,8,동대문구,4.333333333333333,5.698665096231548,1.3653317628982147
토,8,동작구,2.888888888888889,3.9110287337743923,1.254399506236787
토,8,마포구,4.888888888888889,5.718174932175058,1.4617941063604434
토,8,서대문구,6.333333333333333,6.14032137901941,1.6370499215647798
토,8,서초구,2.888888888888889,3.0965698047006804,1.011626342490418
토,8,성동구,1.1111111111111112,2.3250578878392236,1.9171281304880219
토,8,성북구,3.3333333333333335,4.645522043937639,1.8248565062345972
토,8,송파구,2.7777777777777777,4.533114658137132,2.0395160853219148
토,8,양천구,4.888888888888889,4.625647608060262,0.983821889562565
토,8,영등포구,4.333333333333333,4.952056937043537,1.3443293432650223
토,8,용산구,1.8888888888888888,2.290466994872547,1.1469036010566542
토,8,은평구,8.555555555555555,8.480465666323886,0.9537933382748081
토,8,종로구,1.5555555555555556,2.3686235340533712,1.2650227541708383
토,8,중구,0.6666666666666666,1.467800019789423,1.0452091068654648
토,8,중랑구,5.666666666666667,5.758240822338071,1.6004606162398431
토,9,강남구,4.333333333333333,5.833765068366926,1.928513028551802
토,9,강동구,5.222222222222222,7.016499019422522,2.3685462396501493
토,9,강북구,4.666666666666667,4.693601725275087,1.2413797876446675
토,9,강서구,9.11111111111111,10.897858153415227,2.343635553046589
토,9,관악구,6.666666666666667,6.524647002849349,1.2464305914630789
토,9,광진구,2.0,3.4863614092559088,2.202308631021462
토,9,구로구,5.444444444444445,5.739740773521273,1.190111904252387
토,9,금천구,3.888888888888889,3.6932637222394473,0.9586259444807399
토,9,노원구,13.666666666666666,14.012289569872909,1.7108818601306355
토,9,도봉구,3.111111111111111,4.203418341882187,1.624520605746883
토,9,동대문구,5.777777777777778,6.670172138443089,1.3259686787748208
토,9,동작구,3.7777777777777777,4.602269187004209,1.5004018552893095
토,9,마포구,7.111111111111111,7.3129645057430785,2.211968966503422
토,9,서대문구,8.333333333333334,7.8087585479679404,2.7312739650146676
토,9,서초구,3.111111111111111,3.7448611314401705,1.379095475818179
토,9,성동구,4.444444444444445,4.273947857699042,1.4407048776335454
토,9,성북구,5.555555555555555,6.030623899659179,1.3804028077930326
토,9,송파구,4.111111111111111,6.062143086867729,2.577883242033474
토,9,양천구,5.222222222222222,5.941443161247504,1.7116503505447105
토,9,영등포구,5.444444444444445,5.752170993018973,1.5262297965568707
토,9,용산구,4.444444444444445,3.8349034613320216,1.2632942440426567
토,9,은평구,7.333333333333333,8.044303326344702,2.1074552878004154
토,9,종로구,1.8888888888888888,2.9902895623512795,1.8587762194361344
토,9,중구,2.2222222222222223,2.3715246371484486,1.3295758370292967
토,9,중랑구,4.444444444444445,5.9558970202844685,2.7084286776896493
토,10,강남구,7.777777777777778,8.053588631232655,1.5622064561294937
토,10,강동구,8.0,9.57941513792956,1.7742344002656685
토,10,강북구,3.5555555555555554,5.041702748511607,1.8626855211786502
토,10,강서구,10.333333333333334,11.376563018514023,2.673434933444618
토,10,관악구,4.555555555555555,5.7248191795493275,2.308888208611931
토,10,광진구,2.5555555555555554,4.111399459250511,1.5558439036949558
토,10,구로구,4.333333333333333,5.9663448128666605,2.508947961503762
토,10,금천구,2.6666666666666665,3.6093011269659203,1.8979092536525215
토,10,노원구,13.333333333333334,15.513771650714839,3.489328990700407
토,10,도봉구,4.666666666666667,5.799753707336012,1.674015115374831
토,10,동대문구,5.444444444444445,6.46997073396522,2.7407542234494056
토,10,동작구,6.555555555555555,5.959162121084875,1.1677716449942113
토,10,마포구,7.333333333333333,7.898171285195918,1.6203417572459697
토,10,서대문구,6.666666666666667,7.679561813558028,1.7102525547169707
토,10,서초구,4.0,4.409463628666306,1.9620164340140454
토,10,성동구,3.6666666666666665,3.589697750422758,1.5005196320634338
토,10,성북구,7.222222222222222,7.228505345295598,1.95923879073826
토,10,송파구,6.555555555555555,7.690881936393978,2.596853520350706
토,10,양천구,4.888888888888889,6.526436694610776,1.8856089259628268
토,10,영등포구,8.11111111111111,7.771891073429624,1.6485170483818063
토,10,용산구,4.111111111111111,4.144206736397239,1.3673881609382377
토,10,은평구,8.222222222222221,9.025625703179148,2.5400706813282965
토,10,종로구,2.7777777777777777,3.7887257234614955,1.3259974197100621
토,10,중구,2.888888888888889,3.36965899276818,0.6562624293509659
토,10,중랑구,4.0,6.801966211198315,3.2022183129359885
토,11,강남구,6.222222222222222,7.929136608766053,2.6688931292068454
토,11,강동구,7.555555555555555,9.08869184984692,2.7593050116173305
토,11,강북구,5.444444444444445,6.775354643270291,2.369104807002161
토,11,강서구,8.666666666666666,10.60139381583296,4.560250910794194
토,11,관악구,4.777777777777778,6.138049827298502,1.7176820318051842
토,11,광진구,2.888888888888889,3.7785456422426527,1.2783906715100664
토,11,구로구,5.111111111111111,5.92629256214812,2.2364330463186572
토,11,금천구,3.3333333333333335,3.813159655299712,1.228881523757448
토,11,노원구,13.222222222222221,13.688692565185216,3.135481435757116
토,11,도봉구,5.111111111111111,5.71857273251993,1.234183358291442
토,11,동대문구,4.333333333333333,6.3193909503225125,2.1826961968353915
토,11,동작구,3.2222222222222223,4.096196925013775,1.7639328253594213
토,11,마포구,8.666666666666666,8.10254413218426,2.519493181009798
토,11,서대문구,5.111111111111111,6.458661631065491,2.215970710456301
토,11,서초구,4.0,4.56608848174254,1.501818955223989
토,11,성동구,2.4444444444444446,3.562762372035701,1.9599485939382708
토,11,성북구,5.666666666666667,6.325872188705241,1.3612039471605004
토,11,송파구,6.111111111111111,7.8199331643933885,2.146508376938518
토,11,양천구,6.0,7.097239485302259,2.4454611801089685
토,11,영등포구,6.222222222222222,8.353431226859042,3.0286985245380342
토,11,용산구,3.5555555555555554,4.18432178272933,1.7581780390280746
토,11,은평구,7.777777777777778,8.975796716460287,2.6984787418199185
토,11,종로구,2.5555555555555554,4.068782072709997,1.5457209369637726
토,11,중구,3.0,3.1768619299706002,1.7347412859133193
토,11,중랑구,5.555555555555555,6.948720687457592,1.565142300158378
토,12,강남구,9.444444444444445,10.717979334592911,2.2944805019797294
토,12,강동구,10.88888888888889,11.431402678177001,0.9551238394485431
토,12,강북구,9.555555555555555,9.122057123677928,2.8165552872058033
토,12,강서구,15.333333333333334,16.329363486568138,2.2389895875907286
토,12,관악구,7.0,7.6158570407686925,1.9965128349579448
토,12,광진구,4.888888888888889,5.0360402816934835,2.448500750458474
토,12,구로구,8.333333333333334,8.176713821656667,2.735684799327684
토,12,금천구,3.6666666666666665,4.155481840347779,0.5318713512859234
토,12,노원구,20.11111111111111,19.685291005410818,3.4575104376653907
토,12,도봉구,6.777777777777778,7.316617711676565,1.781997042096457
토,12,동대문구,10.666666666666666,11.747900825024818,2.594073279396691
토,12,동작구,2.888888888888889,4.02591930450572,1.526886333526277
토,12,마포구,6.0,9.061604669730327,3.2351037373197715
토,12,서대문구,8.444444444444445,9.494535831909447,2.3106600433520144
토,12,서초구,4.888888888888889,5.5498405148864745,2.515054474103268
토,12,성동구,4.111111111111111,4.9884959945907115,2.1992112477953887
토,12,성북구,7.333333333333333,7.576012171496363,2.790325071990649
토,12,송파구,8.777777777777779,9.874100935526322,2.491034670407538
토,12,양천구,7.111111111111111,8.49478110033996,3.107808432494844
토,12,영등포구,19.88888888888889,21.885217999247985,3.367576953663633
토,12,용산구,3.6666666666666665,4.305499482968008,1.597669874381939
토,12,은평구,9.444444444444445,9.903139411348462,1.6898233739767186
토,12,종로구,5.0,6.2618141989396285,2.049009755202991
토,12,중구,5.111111111111111,4.970677589962575,2.020107136693231
토,12,중랑구,9.0,9.99349135841935,2.2937103135044388
토,13,강남구,8.0,8.591868603139618,2.2017070392134634
토,13,강동구,10.222222222222221,11.261666226813853,1.859016873654479
토,13,강북구,8.666666666666666,7.394627288668971,3.310361098144152
토,13,강서구,15.444444444444445,15.103081893024726,3.482953062036536
토,13,관악구,5.444444444444445,6.627929930281205,1.8408959993059857
토,13,광진구,5.222222222222222,5.376821334993787,1.648061458575418
토,13,구로구,6.666666666666667,6.828801631119171,2.1260747575520953
토,13,금천구,3.4444444444444446,4.000404712178324,1.5190736306878192
토,13,노원구,17.555555555555557,17.24962022642255,6.157858121325137
토,13,도봉구,5.333333333333333,5.995536917731514,2.28245369935515
토,13,동대문구,7.0,7.858278690687342,1.562158770076583
토,13,동작구,3.7777777777777777,4.648397377071068,2.0419324300947945
토,13,마포구,6.666666666666667,8.917566137439824,2.8346380198745376
토,13,서대문구,7.777777777777778,8.117059819632177,2.1352016070271356
토,13,서초구,4.0,5.113788334730766,1.980968411548355
토,13,성동구,3.4444444444444446,3.8500427626235174,2.3208179565483498
토,13,성북구,6.444444444444445,7.0444033480855115,1.9337246128416778
토,13,송파구,9.777777777777779,10.745821721227564,1.644872697214928
토,13,양천구,7.666666666666667,7.696507088340005,2.5394667867449954
토,13,영등포구,15.666666666666666,14.894617987695113,4.106078947243046
토,13,용산구,3.2222222222222223,4.3477159784138655,1.8149792036605032
토,13,은평구,8.666666666666666,9.335745146495292,1.7206293351042272
토,13,종로구,5.888888888888889,6.93786148972076,2.3238353919926067
토,13,중구,3.3333333333333335,3.958782651607516,1.9584109871634527
토,13,중랑구,9.0,9.177997300501811,1.6027282740099578
토,14,강남구,5.666666666666667,7.340278944778,3.1706551469631097
토,14,강동구,8.88888888888889,9.566051448284744,2.4391216334090355
토,14,강북구,6.333333333333333,6.306065661784275,1.1124663268820911
토,14,강서구,13.11111111111111,12.660784412617984,2.600022331934681
토,14,관악구,6.0,6.3142293613056095,1.6031652437067787
토,14,광진구,3.0,4.363071965232536,1.7201141776256463
토,14,구로구,4.777777777777778,5.773342159982203,1.697191110496833
토,14,금천구,2.888888888888889,3.272587917491972,0.9553713741644542
토,14,노원구,11.444444444444445,12.110205976913482,3.6314456725659414
토,14,도봉구,4.777777777777778,6.03126206442287,1.996225020524605
토,14,동대문구,5.444444444444445,5.802130776826413,1.8121839433703524
토,14,동작구,4.111111111111111,4.857985010031908,1.513891704605178
토,14,마포구,6.777777777777778,7.966556874206099,2.7310595458658153
토,14,서대문구,5.222222222222222,6.400961688608298,1.3588416131927537
토,14,서초구,4.555555555555555,5.143835223638935,2.0396109339746684
토,14,성동구,3.2222222222222223,3.731062041044988,1.9862066594135028
토,14,성북구,6.0,6.551151858462883,2.5859147286616873
토,14,송파구,6.222222222222222,7.60366725566506,2.6701695256373514
토,14,양천구,4.888888888888889,6.072013975191252,2.292841339355024
토,14,영등포구,9.333333333333334,8.857451438724276,3.762759998092283
토,14,용산구,2.888888888888889,4.025941367344229,1.7281584930587819
토,14,은평구,8.11111111111111,8.961516733683565,2.3091753841024243
토,14,종로구,5.444444444444445,6.626651705935638,1.9828082145031989
토,14,중구,3.2222222222222223,3.3328425334437144,1.5757000581194536
토,14,중랑구,6.777777777777778,7.3697682582966575,1.5880644430471678
토,15,강남구,6.444444444444445,5.763195136495422,1.873204852028663
토,15,강동구,6.666666666666667,7.483081865599682,1.7766895960287319
토,15,강북구,3.5555555555555554,4.509309330936308,1.1248276150409255
토,15,강서구,10.777777777777779,10.799119283454978,1.601655615170616
토,15,관악구,5.111111111111111,5.983025399101963,1.2088236566327204
토,15,광진구,3.5555555555555554,4.3464053999633645,1.5453127585824764
토,15,구로구,6.333333333333333,6.219513419259335,2.738675157568625
토,15,금천구,2.2222222222222223,2.859183254106655,1.787853533670571
토,15,노원구,12.11111111111111,12.790599096830325,2.9354283872432125
토,15,도봉구,5.777777777777778,6.411884948527142,2.2824028934008846
토,15,동대문구,3.4444444444444446,5.16718119720519,2.8071343192687968
토,15,동작구,2.3333333333333335,3.4815264887317667,1.4462308156269923
토,15,마포구,5.222222222222222,7.195133347711364,2.388561885022608
토,15,서대문구,4.777777777777778,5.177696157017286,1.541957752323096
토,15,서초구,4.777777777777778,4.593860977518791,1.9616701902628217
토,15,성동구,2.6666666666666665,3.2257409046414343,1.1892471672355576
토,15,성북구,5.444444444444445,5.998686052770471,2.3203835473245515
토,15,송파구,6.0,6.846942915055635,4.225166334327704
토,15,양천구,4.111111111111111,5.331274565747446,1.550874544482246
토,15,영등포구,7.222222222222222,7.780478281683705,2.2199772599112286
토,15,용산구,2.888888888888889,3.1218463679875317,1.7945077672387098
토,15,은평구,5.111111111111111,6.514760104189588,1.6825122465778035
토,15,종로구,4.777777777777778,5.041644517625553,1.8048713074844622
토,15,중구,3.3333333333333335,3.1321948866100224,1.2403946071793222
토,15,중랑구,5.888888888888889,6.052497355778255,1.365400848808248
토,16,강남구,4.0,4.5560615422738415,1.7491715246804123
토,16,강동구,5.333333333333333,6.772197691045532,2.150728176923996
토,16,강북구,2.888888888888889,3.941693787374299,1.3500091708773785
토,16,강서구,7.222222222222222,9.015499657924543,3.442690257010214
토,16,관악구,1.7777777777777777,3.0801892182968826,1.7911838151438344
토,16,광진구,2.7777777777777777,3.470832758098516,1.7915822224378601
토,16,구로구,1.7777777777777777,3.029360840100042,1.992093329738536
토,16,금천구,1.8888888888888888,2.297651839555549,1.155486848058815
토,16,노원구,10.333333333333334,10.753010392219371,2.6257150574079455
토,16,도봉구,5.333333333333333,5.161765583267064,2.2198247921861474
토,16,동대문구,2.7777777777777777,4.530460835183237,1.9152799859090897
토,16,동작구,1.5555555555555556,2.4956087497329906,1.2777371069575783
토,16,마포구,4.111111111111111,5.4195619870762535,1.6151894052777607
토,16,서대문구,3.111111111111111,3.72803151062839,2.1193764863916353
토,16,서초구,2.111111111111111,3.119532585869854,1.6007920450314337
토,16,성동구,2.888888888888889,3.134377895781526,1.4887370380908704
토,16,성북구,2.5555555555555554,3.3822139073899518,2.272453753556797
토,16,송파구,5.0,6.2388989933160275,2.0170445638973584
토,16,양천구,3.4444444444444446,3.795308445067378,1.7114824253095617
토,16,영등포구,7.0,7.286361410662794,2.673820216276209
토,16,용산구,1.6666666666666667,2.3491232831835487,1.0498165117116776
토,16,은평구,4.777777777777778,5.050073993446866,1.3361794616744038
토,16,종로구,3.0,3.6861869071141466,1.8552051438047137
토,16,중구,2.5555555555555554,2.46117563683312,1.6250895449478773
토,16,중랑구,4.0,5.493769430458251,1.9348699471782558
토,17,강남구,2.7777777777777777,3.4870477249965717,1.547404900776498
토,17,강동구,5.222222222222222,5.546909216466051,2.1222586384698547
토,17,강북구,2.3333333333333335,2.944373041384281,1.5742231251846563
토,17,강서구,6.888888888888889,7.296952352991111,2.536752352894757
토,17,관악구,2.111111111111111,2.5489273709325904,1.4202157653411545
토,17,광진구,2.111111111111111,3.025910191175243,1.4066677095224784
토,17,구로구,1.8888888888888888,2.869153414690019,1.4701559069632602
토,17,금천구,1.0,1.7205984536706496,1.0614182434193709
토,17,노원구,6.666666666666667,8.404200192263788,2.6694995113415034
토,17,도봉구,3.4444444444444446,3.6687869904166592,1.4913073394089778
토,17,동대문구,2.3333333333333335,3.487382777538771,1.343586920971479
토,17,동작구,2.111111111111111,2.2285911722124805,1.146431769900486
토,17,마포구,2.2222222222222223,4.023964108249516,2.070413453700534
토,17,서대문구,1.4444444444444444,2.9872647023031567,2.0221918421485476
토,17,서초구,3.0,2.8474192239567113,1.577322055241855
토,17,성동구,2.5555555555555554,2.710688383660095,1.014352498184862
토,17,성북구,1.8888888888888888,2.551516493936656,1.127130287194096
토,17,송파구,4.555555555555555,5.425240840445528,1.7093495581524383
토,17,양천구,2.0,3.040419876287086,1.040419876287086
토,17,영등포구,3.5555555555555554,5.538935578305236,2.178404587697702
토,17,용산구,1.6666666666666667,2.2158617582258446,1.6184008746670782
토,17,은평구,3.111111111111111,3.598859960389616,1.466835714627837
토,17,종로구,1.8888888888888888,3.331857200646696,1.5634401303573477
토,17,중구,1.5555555555555556,1.9691330126301883,1.4939897746073878
토,17,중랑구,1.8888888888888888,3.4334787821151536,1.5445898932262645
토,18,강남구,2.3333333333333335,3.0941925537242643,0.937039954852387
토,18,강동구,3.111111111111111,3.4573571460827752,1.735184273693494
토,18,강북구,2.111111111111111,2.7444278227646897,1.7177188649365067
토,18,강서구,4.555555555555555,5.570414553229632,2.1859781118050123
토,18,관악구,1.1111111111111112,2.220073184630551,1.4665100142152925
토,18,광진구,2.3333333333333335,2.437244147822733,1.1379752620139192
토,18,구로구,2.111111111111111,2.846245184414398,1.0145862615623598
토,18,금천구,1.2222222222222223,1.484232059290394,0.6425788210616534
토,18,노원구,7.222222222222222,7.340684254350527,1.3759924867306748
토,18,도봉구,2.888888888888889,2.6838820403873545,2.125684068616687
토,18,동대문구,1.3333333333333333,2.6753979714754608,1.4756845286327407
토,18,동작구,2.0,1.9378732472750788,0.9899789349927232
토,18,마포구,3.111111111111111,4.213764729365686,1.2398930200553238
토,18,서대문구,2.3333333333333335,2.693614167680478,0.8890652297438911
토,18,서초구,2.111111111111111,2.3768921683751247,0.6789727567936826
토,18,성동구,2.3333333333333335,2.091385056237694,0.7734625487497158
토,18,성북구,2.888888888888889,2.6347021407405595,1.9779847517330975
토,18,송파구,4.444444444444445,4.105677377629141,1.4602059237237202
토,18,양천구,2.6666666666666665,2.726666188038715,1.347257683016888
토,18,영등포구,4.333333333333333,4.6570783960310775,1.165782158749347
토,18,용산구,1.2222222222222223,1.8525178074349167,1.1813633400888468
토,18,은평구,2.5555555555555554,2.988605996003949,1.720675558648102
토,18,종로구,2.5555555555555554,3.2094884431062756,1.36785196494622
토,18,중구,3.4444444444444446,2.765440701645957,1.5032539902354927
토,18,중랑구,2.888888888888889,3.540742309259684,1.2469658830114403
토,19,강남구,2.4444444444444446,2.98709298357937,1.1103200328705831
토,19,강동구,2.2222222222222223,2.753389961234866,1.6287272169426945
토,19,강북구,1.8888888888888888,2.178428444070927,1.191475018257381
토,19,강서구,4.777777777777778,4.483711717787369,1.7405219507038174
토,19,관악구,4.222222222222222,2.5581725953459014,1.664049626876321
토,19,광진구,3.3333333333333335,2.2565114886993807,1.4108910623082367
토,19,구로구,2.7777777777777777,2.3532866536726145,1.188457600419277
토,19,금천구,0.5555555555555556,1.24099906520724,0.6854435096516842
토,19,노원구,6.222222222222222,5.4098533774476065,2.4554228905090136
토,19,도봉구,1.8888888888888888,2.0625473095253675,0.6298611177206103
토,19,동대문구,2.5555555555555554,2.1494230252099955,1.0437902670367079
토,19,동작구,2.2222222222222223,1.8139045748426728,1.1171943113120912
토,19,마포구,2.6666666666666665,3.2539083355104457,1.466386222968551
토,19,서대문구,2.0,2.1085163572157946,0.8716297215786741
토,19,서초구,2.3333333333333335,2.739783957586733,1.183351003279493
토,19,성동구,2.5555555555555554,1.9740587847097142,1.588830797878067
토,19,성북구,2.2222222222222223,1.8700555237370817,1.6524618113715368
토,19,송파구,3.4444444444444446,3.3360363453696418,1.6343195216226112
토,19,양천구,2.0,2.0205056984322134,0.9943046886437029
토,19,영등포구,2.5555555555555554,3.2525184123295525,1.6442540832174748
토,19,용산구,1.0,2.0043097880087015,1.049134388713728
토,19,은평구,1.7777777777777777,2.1176967914340983,1.2054134812797148
토,19,종로구,3.6666666666666665,3.45119062847982,1.6480590402975963
토,19,중구,2.5555555555555554,2.347197521185127,1.2886514014731045
토,19,중랑구,2.888888888888889,3.225190111798499,1.33774617418057
토,20,강남구,1.3333333333333333,1.692119349913754,1.0773338467919733
토,20,강동구,1.4444444444444444,1.8020719645421062,1.2060444689145584
토,20,강북구,1.2222222222222223,1.1748071428926543,0.8047368776260555
토,20,강서구,2.7777777777777777,3.2480419686308184,0.8628696915243543
토,20,관악구,2.3333333333333335,1.4658772841020544,1.3212730974234124
토,20,광진구,1.0,1.3627340349172608,0.6231785529006153
토,20,구로구,1.5555555555555556,1.483743738477241,0.6591102939068495
토,20,금천구,0.2222222222222222,0.5810742678047777,0.49284826380993846
토,20,노원구,3.4444444444444446,3.5843388740795112,1.994150047484219
토,20,도봉구,0.5555555555555556,1.1364260107769448,0.9961128668387167
토,20,동대문구,1.1111111111111112,1.1727585242200638,0.42893077727571327
토,20,동작구,1.0,1.1166630725524498,1.0143508873856257
토,20,마포구,1.1111111111111112,1.438211222780486,0.9491762748777423
토,20,서대문구,1.2222222222222223,1.0976763737877746,0.7512256552079175
토,20,서초구,2.0,1.6175924586428576,1.182626008180804
토,20,성동구,1.2222222222222223,0.96028944893041,0.9512069631290753
토,20,성북구,2.0,1.5101678356601411,0.8423875198720847
토,20,송파구,2.5555555555555554,2.1424995176704025,1.3015767679759809
토,20,양천구,0.7777777777777778,1.0442506917657812,1.0893935917480484
토,20,영등포구,1.5555555555555556,1.7427867394716952,1.327433989594907
토,20,용산구,1.1111111111111112,1.374992820123261,1.4854931566484366
토,20,은평구,0.5555555555555556,1.4328606046558467,0.9869492368900272
토,20,종로구,2.5555555555555554,1.7008912397683495,1.6962594679675709
토,20,중구,1.1111111111111112,1.334332919135412,0.9224792327643053
토,20,중랑구,1.8888888888888888,2.0769538396157534,0.7939843750400694
토,21,강남구,0.6666666666666666,1.0911388393082593,0.7083958157395036
토,21,강동구,0.7777777777777778,1.0887621630238988,0.5199005663886883
토,21,강북구,0.4444444444444444,0.7682154998394297,0.4640845169967679
토,21,강서구,1.8888888888888888,2.104580328240589,1.8062638132129294
토,21,관악구,0.7777777777777778,1.119819239852261,0.9494188374495592
토,21,광진구,1.3333333333333333,1.0449100766941215,0.47033331279512525
토,21,구로구,1.1111111111111112,1.411183113438441,0.8417666682466458
토,21,금천구,0.0,0.29093291778235836,0.29093291778235836
토,21,노원구,1.7777777777777777,2.016029815576465,1.5050835491043968
토,21,도봉구,0.7777777777777778,0.621967140803324,0.7199804135603661
토,21,동대문구,0.2222222222222222,0.9089426758608854,0.7291514704417805
토,21,동작구,0.7777777777777778,0.847762263063552,0.9393809561291092
토,21,마포구,1.0,1.224985753167502,0.6307240282719588
토,21,서대문구,0.6666666666666666,0.8893063929292495,0.5848526144292587
토,21,서초구,0.7777777777777778,1.0066644156910796,0.8797799754875955
토,21,성동구,0.4444444444444444,0.6046545601741591,0.6466086188135782
토,21,성북구,1.5555555555555556,1.2222612627228786,0.7959417070386162
토,21,송파구,2.4444444444444446,1.6813899010897806,1.511421691848563
토,21,양천구,0.4444444444444444,0.5343016732659354,0.4722600141700999
토,21,영등포구,1.0,1.3885067121855967,1.1941757625407563
토,21,용산구,1.2222222222222223,1.1459712607193022,0.7623537494970325
토,21,은평구,0.8888888888888888,1.0378703580824544,0.619808664672417
토,21,종로구,1.0,1.3466537873023035,0.6530341982269725
토,21,중구,0.4444444444444444,0.8905825152011437,0.579446474317794
토,21,중랑구,1.5555555555555556,1.4564642202198284,0.7597900072602244
토,22,강남구,0.7777777777777778,0.969374027416269,0.916263668046049
토,22,강동구,0.6666666666666666,0.9173976702567211,0.7849548548959264
토,22,강북구,0.5555555555555556,0.5998947327050839,0.4379532042251365
토,22,강서구,2.3333333333333335,1.6511999927775602,1.552611155156804
토,22,관악구,0.7777777777777778,0.8610274726321339,0.8607101644194707
토,22,광진구,1.0,0.6875267276777997,0.7689835745029752
토,22,구로구,1.1111111111111112,1.116925252889268,0.7914350175102179
토,22,금천구,0.1111111111111111,0.24007796070051293,0.30472140641417206
토,22,노원구,1.6666666666666667,1.6023111282408682,1.0950571454533577
토,22,도봉구,0.4444444444444444,0.32930064434015843,0.48636484801814117
토,22,동대문구,0.7777777777777778,0.6338379100880949,0.8114426729540253
토,22,동작구,0.8888888888888888,0.5046023843188172,0.7017837047152136
토,22,마포구,0.6666666666666666,1.000804386992195,0.8138967323979458
토,22,서대문구,0.2222222222222222,0.535071125925286,0.5030043971108976
토,22,서초구,0.3333333333333333,0.6699300358206592,0.700043321519257
토,22,성동구,0.4444444444444444,0.5590505809785862,0.567276865981518
토,22,성북구,1.3333333333333333,0.5700414599183624,0.7632918734149708
토,22,송파구,1.3333333333333333,1.0682452407331975,1.001145568167693
토,22,양천구,1.1111111111111112,0.889107022941864,0.8224278805751911
토,22,영등포구,1.1111111111111112,1.1303469011385192,0.9079676242046746
토,22,용산구,1.1111111111111112,1.0699425923545027,1.114578644132728
토,22,은평구,0.3333333333333333,0.5272436444987919,0.618731351655619
토,22,종로구,0.1111111111111111,1.0336581282236101,0.9258985968887138
토,22,중구,0.8888888888888888,0.9344491383038961,0.6049072465678738
토,22,중랑구,0.6666666666666666,0.6867659959538076,0.8165420873833765
토,23,강남구,0.5555555555555556,0.5892839837431162,0.7523266266436406
토,23,강동구,1.6666666666666667,0.942105619345544,0.7488776648266384
토,23,강북구,0.4444444444444444,0.3277943096421059,0.5749777886979492
토,23,강서구,0.6666666666666666,0.9168662633113548,0.6655957360512487
토,23,관악구,0.4444444444444444,0.4056718843225433,0.5033321951873054
토,23,광진구,0.3333333333333333,0.3509521196970582,0.551702038449098
토,23,구로구,0.4444444444444444,0.4671209539860503,0.6084717181779827
토,23,금천구,0.0,0.17598616421879354,0.17598616421879354
토,23,노원구,0.8888888888888888,1.0012527105739,0.8429256220741888
토,23,도봉구,0.2222222222222222,0.22565676407774454,0.3611569267620973
토,23,동대문구,0.3333333333333333,0.5268997037810359,0.5145649538298958
토,23,동작구,0.2222222222222222,0.25369355378227243,0.35901811740638895
토,23,마포구,0.4444444444444444,0.3999793825143867,0.48895428082620346
토,23,서대문구,0.7777777777777778,0.5270243845243935,0.968677609334639
토,23,서초구,0.3333333333333333,0.35765733560261015,0.4626345572963015
토,23,성동구,0.2222222222222222,0.2916635076724441,0.4048737339785424
토,23,성북구,0.4444444444444444,0.37526202262237607,0.48229627226414507
토,23,송파구,0.4444444444444444,0.5998074212850208,0.5476082821898749
토,23,양천구,0.1111111111111111,0.39779818280280316,0.4248235861470686
토,23,영등포구,0.4444444444444444,0.5346316635912044,0.4872946975104473
토,23,용산구,0.6666666666666666,0.5829163493932402,0.5971935619213892
토,23,은평구,0.3333333333333333,0.41529335027064795,0.5831256745933356
토,23,종로구,0.5555555555555556,0.5442884671657144,1.011719587115966
토,23,중구,0.3333333333333333,0.49141279268927157,0.5287350461494126
토,23,중랑구,0.2222222222222222,0.43743229596680727,0.46518735004742695
화,0,강남구,0.0,0.23402731078962175,0.23402731078962175
화,0,강동구,0.2222222222222222,0.21821049022828892,0.3462286411356358
화,0,강북구,0.0,0.16188023432529297,0.16188023432529297
화,0,강서구,0.0,0.3480051204269717,0.3480051204269717
화,0,관악구,0.0,0.15053616191235913,0.15053616191235913
화,0,광진구,0.1111111111111111,0.11346405911308739,0.19609098505156877
화,0,구로구,0.3333333333333333,0.18599579388874593,0.41540881428347876
화,0,금천구,0.1111111111111111,0.08113357959404605,0.17144411252131558
화,0,노원구,0.0,0.41612235827761945,0.41612235827761945
화,0,도봉구,0.0,0.0754696834264767,0.0754696834264767
화,0,동대문구,0.2222222222222222,0.2574930923948624,0.3626316315453015
화,0,동작구,0.1111111111111111,0.10452676183472281,0.1961473489409955
화,0,마포구,0.2222222222222222,0.18169278515796697,0.33273898348246794
화,0,서대문구,0.6666666666666666,0.31669571833503546,0.5219778216010964
화,0,서초구,0.0,0.14759073798580186,0.14759073798580186
화,0,성동구,0.1111111111111111,0.09337962974382842,0.18133368951821674
화,0,성북구,0.1111111111111111,0.12499507064799444,0.21362397702705366
화,0,송파구,0.4444444444444444,0.2066470315006947,0.4731833530333961
화,0,양천구,0.1111111111111111,0.13819369451659683,0.21430727601037125
화,0,영등포구,0.0,0.14128091820196087,0.14128091820196087
화,0,용산구,0.1111111111111111,0.15495648884155405,0.23606393263337783
화,0,은평구,0.0,0.10625914614999812,0.10625914614999812
화,0,종로구,0.0,0.20586358534098415,0.20586358534098415
화,0,중구,0.1111111111111111,0.20515471839004007,0.2883195184513132
화,0,중랑구,0.0,0.13053987812928258,0.13053987812928258
화,1,강남구,0.1111111111111111,0.12732404367015437,0.2089848548689407
화,1,강동구,0.3333333333333333,0.2334177074534134,0.4421734949954963
화,1,강북구,0.1111111111111111,0.10721212190642727,0.20205357972203666
화,1,강서구,0.1111111111111111,0.2355550633837417,0.30143313095123886
화,1,관악구,0.1111111111111111,0.14600773649606247,0.23028191485506355
화,1,광진구,0.0,0.04427691103147645,0.04427691103147645
화,1,구로구,0.1111111111111111,0.08209273156932259,0.17876594740528257
화,1,금천구,0.0,0.05248191812014565,0.05248191812014565
화,1,노원구,0.4444444444444444,0.34970370160467534,0.4946955078102763
화,1,도봉구,0.2222222222222222,0.06130960080847278,0.25584321129659304
화,1,동대문구,0.0,0.15727627059706956,0.15727627059706956
화,1,동작구,0.0,0.056824860176736186,0.056824860176736186
화,1,마포구,0.0,0.10063277428844034,0.10063277428844034
화,1,서대문구,0.4444444444444444,0.21463272153427282,0.4511831865746653
화,1,서초구,0.1111111111111111,0.1682918044124307,0.25069724683770517
화,1,성동구,0.3333333333333333,0.07091124969065889,0.3697886575959721
화,1,성북구,0.2222222222222222,0.11743371561400832,0.28445030305185565
화,1,송파구,0.1111111111111111,0.1259607876113075,0.2044287531321159
화,1,양천구,0.0,0.0710606961320317,0.0710606961320317
화,1,영등포구,0.1111111111111111,0.09780325495828888,0.19154774462639831
화,1,용산구,0.1111111111111111,0.12957356146996749,0.2130903638069256
화,1,은평구,0.1111111111111111,0.07490758071385473,0.1745902623600398
화,1,종로구,0.1111111111111111,0.14552649125331704,0.22893980223023572
화,1,중구,0.0,0.14098109043845194,0.14098109043845194
화,1,중랑구,0.1111111111111111,0.09544073576719653,0.1901267308441724
화,2,강남구,0.0,0.12058244193768812,0.12058244193768812
화,2,강동구,0.0,0.1228845498418812,0.1228845498418812
화,2,강북구,0.2222222222222222,0.1395372836430649,0.30842420077023724
화,2,강서구,0.6666666666666666,0.30349261531181976,0.7257918712666824
화,2,관악구,0.1111111111111111,0.165969931282201,0.24872041040122062
화,2,광진구,0.0,0.041281259913089986,0.041281259913089986
화,2,구로구,0.0,0.05029202918407389,0.05029202918407389
화,2,금천구,0.0,0.04708559111821534,0.04708559111821534
화,2,노원구,0.6666666666666666,0.36030974076539946,0.6342627077076866
화,2,도봉구,0.1111111111111111,0.06525975569281568,0.15803849098550293
화,2,동대문구,0.1111111111111111,0.14334754485033988,0.20602272451051723
화,2,동작구,0.0,0.06268300245029133,0.06268300245029133
화,2,마포구,0.0,0.08615813226176425,0.08615813226176425
화,2,서대문구,0.0,0.10400954190496542,0.10400954190496542
화,2,서초구,0.8888888888888888,0.5142479875116982,0.6071927300438714
화,2,성동구,0.0,0.06576504648901738,0.06576504648901738
화,2,성북구,0.0,0.07125427213980336,0.07125427213980336
화,2,송파구,0.0,0.10979299611504861,0.10979299611504861
화,2,양천구,0.1111111111111111,0.07322973417327525,0.16459735123006783
화,2,영등포구,0.2222222222222222,0.12625046834178327,0.3020209272876905
화,2,용산구,0.0,0.11895372755893911,0.11895372755893911
화,2,은평구,0.1111111111111111,0.05020764230025645,0.15086479376967932
화,2,종로구,0.1111111111111111,0.12305331097523621,0.19633951607381808
화,2,중구,0.0,0.15146086398947808,0.15146086398947808
화,2,중랑구,0.2222222222222222,0.12701734761960282,0.29340800097791186
화,3,강남구,0.1111111111111111,0.11796471922554007,0.20011682610844525
화,3,강동구,0.0,0.1525759255568888,0.1525759255568888
화,3,강북구,0.0,0.15953628154832689,0.15953628154832689
화,3,강서구,0.6666666666666666,0.4500810307289051,0.8160797606570718
화,3,관악구,0.0,0.1262162959350672,0.1262162959350672
화,3,광진구,0.0,0.04097459420522179,0.04097459420522179
화,3,구로구,0.0,0.05499866077245013,0.05499866077245013
화,3,금천구,0.1111111111111111,0.06655029367235972,0.16284259402934093
화,3,노원구,0.2222222222222222,0.162308883425925,0.30112756328046264
화,3,도봉구,0.0,0.05358189072816147,0.05358189072816147
화,3,동대문구,0.1111111111111111,0.08662591342283403,0.17342516086741724
화,3,동작구,0.1111111111111111,0.06748989374457931,0.16476453769763402
화,3,마포구,0.0,0.11262528993641438,0.11262528993641438
화,3,서대문구,0.0,0.08034552044377584,0.08034552044377584
화,3,서초구,0.0,0.07861386816034138,0.07861386816034138
화,3,성동구,0.1111111111111111,0.0684872069562939,0.16768308699303033
화,3,성북구,0.3333333333333333,0.12384939026174141,0.39613809168577996
화,3,송파구,0.0,0.08018605017746418,0.08018605017746418
화,3,양천구,0.0,0.07509825320945476,0.07509825320945476
화,3,영등포구,0.0,0.1024520347283319,0.1024520347283319
화,3,용산구,0.1111111111111111,0.08568973380555134,0.18614914892361858
화,3,은평구,0.0,0.05331519222882075,0.05331519222882075
화,3,종로구,0.0,0.09964985269863262,0.09964985269863262
화,3,중구,0.1111111111111111,0.08729591241105146,0.18533788663473888
화,3,중랑구,0.1111111111111111,0.08062732177093777,0.17539317708716254
화,4,강남구,0.6666666666666666,0.4471620184449601,0.6529493954752393
화,4,강동구,0.7777777777777778,0.8416503063919115,0.358407529443486
화,4,강북구,0.4444444444444444,0.46178334083432737,0.5854390803235723
화,4,강서구,1.1111111111111112,1.2486325597807266,0.4838635986870229
화,4,관악구,2.2222222222222223,1.7541945576127878,1.1027102162996327
화,4,광진구,0.0,0.05408096171536711,0.05408096171536711
화,4,구로구,0.1111111111111111,0.12485639496330157,0.21693398153360763
화,4,금천구,0.3333333333333333,0.29189640061876765,0.4331323847992478
화,4,노원구,1.7777777777777777,1.829367356559599,0.3260986034478262
화,4,도봉구,0.0,0.1065043328736709,0.1065043328736709
화,4,동대문구,0.2222222222222222,0.31939725618152043,0.4065885696019675
화,4,동작구,0.5555555555555556,0.6388972569012434,0.4617065654286152
화,4,마포구,0.5555555555555556,0.940036428698138,0.5700697071833912
화,4,서대문구,0.0,0.07576928411747495,0.07576928411747495
화,4,서초구,0.1111111111111111,0.1486351053178944,0.23734546688029823
화,4,성동구,0.0,0.07993134107482895,0.07993134107482895
화,4,성북구,0.5555555555555556,0.5152790184917052,0.6847250678103961
화,4,송파구,0.1111111111111111,0.38158586319541643,0.4292583877357936
화,4,양천구,0.0,0.12662764771181015,0.12662764771181015
화,4,영등포구,0.0,0.18657441640457662,0.18657441640457662
화,4,용산구,0.0,0.05486998028070282,0.05486998028070282
화,4,은평구,0.5555555555555556,0.4259303366534375,0.6433468547114833
화,4,종로구,0.1111111111111111,0.11525646540519749,0.20935877318445803
화,4,중구,0.1111111111111111,0.09042833474156746,0.17810940770219785
화,4,중랑구,0.4444444444444444,0.43391723129875426,0.4923880266643792
화,5,강남구,0.8888888888888888,0.9305618669063147,0.20399873458250095
화,5,강동구,1.6666666666666667,1.5738293339134994,0.921358884251087
화,5,강북구,0.2222222222222222,0.34794285753642235,0.3910332947707972
화,5,강서구,1.3333333333333333,1.441230209635492,0.44386001662609975
화,5,관악구,0.4444444444444444,0.5199887974494734,0.6396365216719294
화,5,광진구,0.0,0.06834577549369353,0.06834577549369353
화,5,구로구,0.0,0.11739844399786661,0.11739844399786661
화,5,금천구,0.0,0.1268997613299205,0.1268997613299205
화,5,노원구,2.111111111111111,1.579630634365924,0.6246788952868836
화,5,도봉구,1.6666666666666667,1.658697103732936,0.478879698964664
화,5,동대문구,0.0,0.25046303396146286,0.25046303396146286
화,5,동작구,1.7777777777777777,1.5326052339462342,0.4892139717480727
화,5,마포구,0.4444444444444444,0.6171014365601116,0.542975469949928
화,5,서대문구,0.6666666666666666,0.5334398585498327,0.5108174381703676
화,5,서초구,0.6666666666666666,0.6248938805868636,0.4748619588323611
화,5,성동구,0.0,0.1874524278524236,0.1874524278524236
화,5,성북구,0.8888888888888888,0.8114565776520917,0.2749403741651487
화,5,송파구,0.5555555555555556,0.5964081432743131,0.514599476762979
화,5,양천구,0.7777777777777778,1.2485328922557795,0.47075511447800167
화,5,영등포구,0.3333333333333333,0.25105809544867774,0.3590673717731779
화,5,용산구,0.0,0.05178224352021431,0.05178224352021431
화,5,은평구,1.0,1.055961900289748,0.6402995111108912
화,5,종로구,0.0,0.05624152319232204,0.05624152319232204
화,5,중구,0.0,0.04740711636912334,0.04740711636912334
화,5,중랑구,0.3333333333333333,0.451360635276007,0.5268848372117982
화,6,강남구,0.2222222222222222,0.4634825347375801,0.6064141576115412
화,6,강동구,1.4444444444444444,1.518023850219443,0.6500481504897011
화,6,강북구,2.0,2.2291661506906855,0.22916615069068536
화,6,강서구,1.6666666666666667,2.5719325136112037,1.1036648224270975
화,6,관악구,1.8888888888888888,2.1403134977133393,0.5275736156634632
화,6,광진구,0.8888888888888888,1.089187801831983,0.5146158376861778
화,6,구로구,0.2222222222222222,0.32475213333322855,0.36679615436859003
화,6,금천구,0.4444444444444444,0.831574698846355,0.7402188565954622
화,6,노원구,1.4444444444444444,2.1409725212224724,0.7678379462828404
화,6,도봉구,0.4444444444444444,0.9099091485488446,0.6168129309109889
화,6,동대문구,2.0,1.916184445643189,0.7061935970524164
화,6,동작구,1.1111111111111112,0.7955241794208127,0.45228032417623
화,6,마포구,0.7777777777777778,1.108932865445918,0.825622634742766
화,6,서대문구,4.888888888888889,4.781781394542776,0.6939767441904314
화,6,서초구,0.2222222222222222,0.18735114449778542,0.3523105135876236
화,6,성동구,0.8888888888888888,1.2548314726791148,0.5373012742840276
화,6,성북구,0.3333333333333333,0.7489196231602736,0.6271510476014994
화,6,송파구,0.3333333333333333,0.46700341863216416,0.583319596056098
화,6,양천구,0.3333333333333333,0.6292825574656098,0.7623324480363058
화,6,영등포구,1.0,0.8033464126049958,0.4802453253290158
화,6,용산구,1.1111111111111112,1.0652223206211489,0.7148934616209573
화,6,은평구,1.6666666666666667,2.156610205901797,0.675478100840084
화,6,종로구,0.0,0.08120485362748739,0.08120485362748739
화,6,중구,0.2222222222222222,0.09113217321539938,0.2767182623469539
화,6,중랑구,0.8888888888888888,0.6318435413654947,0.47128522727041644
화,7,강남구,8.666666666666666,9.006232639442182,0.7465162562570643
화,7,강동구,12.88888888888889,13.977966149758393,2.118168350781841
화,7,강북구,10.88888888888889,12.851223686461367,2.023000187593387
화,7,강서구,12.88888888888889,14.95472047369652,2.458367162631092
화,7,관악구,9.444444444444445,12.282159106079591,2.8859701117147196
화,7,광진구,9.11111111111111,8.935002468981287,1.1012304359591143
화,7,구로구,5.888888888888889,7.765045259743094,1.9668572731759373
화,7,금천구,6.0,6.2148253218199025,1.1979913018426975
화,7,노원구,24.444444444444443,23.35970766788263,2.0109138651780754
화,7,도봉구,4.0,5.175393496970187,1.3774307188062913
화,7,동대문구,8.666666666666666,10.873473750951565,2.531786777330966
화,7,동작구,7.777777777777778,6.711583177516301,1.250071556132165
화,7,마포구,13.777777777777779,16.170139429948396,3.028136224821403
화,7,서대문구,14.444444444444445,14.034196554041118,2.191183832981671
화,7,서초구,3.4444444444444446,4.951626065720165,1.8406370751739882
화,7,성동구,3.4444444444444446,5.182564171769837,1.8692333911117582
화,7,성북구,12.777777777777779,15.185278150751417,2.4956986252976097
화,7,송파구,11.555555555555555,13.02864591006795,2.1435591654558004
화,7,양천구,5.777777777777778,7.014804627447922,2.0160008480024487
화,7,영등포구,9.555555555555555,11.319655040091806,1.76409948453625
화,7,용산구,6.444444444444445,7.24936018105523,1.3758468081728392
화,7,은평구,11.88888888888889,12.790972753159021,1.3438865412030618
화,7,종로구,4.333333333333333,5.071365232275129,1.2461233880528022
화,7,중구,1.6666666666666667,2.1750240282059683,0.9709584110298144
화,7,중랑구,11.88888888888889,12.886566442536207,1.7970030388995282
화,8,강남구,11.88888888888889,12.585722087532336,2.876643104741399
화,8,강동구,18.77777777777778,21.184826941972283,4.428058554100336
화,8,강북구,8.555555555555555,10.415041663346154,2.163258187506001
화,8,강서구,22.444444444444443,22.22361386530649,3.7962875730085313
화,8,관악구,13.88888888888889,15.922446699075996,2.7413137700050445
화,8,광진구,8.11111111111111,8.915078584026375,1.9724588976475015
화,8,구로구,13.333333333333334,14.704244550260228,3.1376720146452928
화,8,금천구,5.0,5.558855707064359,1.317640086719647
화,8,노원구,38.0,40.902580441343716,4.31733478663707
화,8,도봉구,13.11111111111111,15.843242756005319,2.73213164489421
화,8,동대문구,23.333333333333332,20.28589686324515,3.913699330235193
화,8,동작구,15.666666666666666,15.733196155312884,2.0134844104038234
화,8,마포구,18.555555555555557,19.611910106107658,2.626199596703614
화,8,서대문구,16.22222222222222,17.364250134350755,4.0504889825694725
화,8,서초구,7.666666666666667,8.933990747555358,1.7780281181727824
화,8,성동구,8.222222222222221,9.52327534793752,1.93633814896503
화,8,성북구,18.666666666666668,19.015263311518535,1.3321651154337235
화,8,송파구,14.666666666666666,14.055021374895736,1.8335563229279315
화,8,양천구,11.222222222222221,11.296570423675664,2.259130249338675
화,8,영등포구,7.888888888888889,10.93057999070493,3.794359126530389
화,8,용산구,7.666666666666667,7.718855837950823,1.679628828256071
화,8,은평구,22.77777777777778,23.822187602748205,2.602712254085842
화,8,종로구,8.0,8.11841158439556,1.2454193080991844
화,8,중구,2.5555555555555554,4.389569892577825,2.1859409382262474
화,8,중랑구,11.11111111111111,12.399524527929868,2.196769018772613
화,9,강남구,11.222222222222221,13.498432368001325,3.0364735885729663
화,9,강동구,21.77777777777778,21.796230882295077,4.163671394765379
화,9,강북구,10.11111111111111,11.216741271560291,2.813358401784915
화,9,강서구,25.88888888888889,29.31030031247503,4.015167108602029
화,9,관악구,15.333333333333334,17.67238577926477,2.8099821471587756
화,9,광진구,12.222222222222221,13.765502521130578,1.6881496058866936
화,9,구로구,21.333333333333332,20.21118105943951,3.5540641354538334
화,9,금천구,6.444444444444445,7.442213447885733,1.5090410886635748
화,9,노원구,45.77777777777778,50.86520572572589,7.673438888551967
화,9,도봉구,19.333333333333332,18.31655310566295,3.936549794931597
화,9,동대문구,17.11111111111111,18.39435760338732,1.9636771204717196
화,9,동작구,10.88888888888889,14.051863632730305,4.163899049286737
화,9,마포구,19.555555555555557,21.143187072483855,3.2422474930070226
화,9,서대문구,24.22222222222222,24.970399457217958,3.320966430396225
화,9,서초구,10.555555555555555,10.478630953201906,2.9994125786675996
화,9,성동구,8.777777777777779,11.216289005017465,2.7346035326927907
화,9,성북구,12.777777777777779,17.204450431441924,5.314355816860667
화,9,송파구,10.777777777777779,15.797405021969784,5.019627244192007
화,9,양천구,18.0,17.191654895056146,4.418253033799391
화,9,영등포구,9.0,11.649467665807233,2.6494676658072334
화,9,용산구,9.777777777777779,8.963407987250466,1.6660982945057854
화,9,은평구,25.444444444444443,24.676165941019324,1.8546305192621975
화,9,종로구,6.666666666666667,7.056409545778267,1.5828691703888291
화,9,중구,3.0,4.979969515585637,1.994932578070297
화,9,중랑구,16.444444444444443,16.857260955925526,3.3078511511964654
화,10,강남구,13.444444444444445,15.171102255393842,2.5600930766229766
화,10,강동구,34.888888888888886,36.574167722681565,2.9253790722275568
화,10,강북구,14.0,15.917914618911274,2.7629827681835994
화,10,강서구,33.0,34.01161967026242,2.8248570787693064
화,10,관악구,17.444444444444443,17.552721130190523,2.646885207169001
화,10,광진구,13.444444444444445,15.421966380553767,2.3106532375190314
화,10,구로구,22.555555555555557,23.08999700982525,2.6774662792350465
화,10,금천구,6.777777777777778,8.115512219809368,2.017289517828325
화,10,노원구,50.111111111111114,56.67226504867472,10.432175056161599
화,10,도봉구,22.11111111111111,20.850789619971387,1.9182466342112043
화,10,동대문구,16.0,17.997642489767625,2.923211356808082
화,10,동작구,14.555555555555555,15.094212686762594,2.5855974290184762
화,10,마포구,23.666666666666668,23.715782476134148,3.8675961658056854
화,10,서대문구,27.11111111111111,33.967570844359486,6.856459733248379
화,10,서초구,11.333333333333334,12.037134402439822,2.9701595765752633
화,10,성동구,7.555555555555555,8.961006555704106,1.951689698073146
화,10,성북구,13.777777777777779,15.779945977140237,2.7498858530957766
화,10,송파구,16.88888888888889,19.636094318821037,3.925207686821194
화,10,양천구,20.11111111111111,23.823149589319076,4.8697988716525735
화,10,영등포구,19.11111111111111,18.291414310848634,3.756402765733448
화,10,용산구,7.666666666666667,8.682031606004323,1.2804088617957892
화,10,은평구,26.444444444444443,26.097770409690416,4.226789683970657
화,10,종로구,6.444444444444445,9.22190245611222,3.5987169705332676
화,10,중구,7.444444444444445,6.510386203874624,2.688489041108728
화,10,중랑구,20.444444444444443,23.967271547175347,4.1182970981549225
화,11,강남구,13.555555555555555,16.078319535774355,2.927190586417789
화,11,강동구,25.11111111111111,29.025994731985584,5.570633095574205
화,11,강북구,13.333333333333334,15.528170917929081,3.7478901545482333
화,11,강서구,27.11111111111111,31.17330111083323,5.527559081549007
화,11,관악구,14.333333333333334,16.755805192835886,2.8298536791698714
화,11,광진구,10.333333333333334,13.592515449365218,4.137309995806638
화,11,구로구,20.11111111111111,18.850847291242673,4.680975709699924
화,11,금천구,9.444444444444445,8.81324688748616,1.9717185168236482
화,11,노원구,37.44444444444444,40.54193032179214,3.597165774947933
화,11,도봉구,13.88888888888889,13.891018372784163,2.1510760317571425
화,11,동대문구,16.666666666666668,20.003520040464387,3.7872302715847215
화,11,동작구,17.666666666666668,17.396754903639753,2.453602731820945
화,11,마포구,20.77777777777778,24.470018430007,3.7373738148134503
화,11,서대문구,21.555555555555557,25.267434641474644,5.670920489172019
화,11,서초구,9.555555555555555,10.841467713710609,2.5367059295293313
화,11,성동구,10.222222222222221,11.703887488639214,1.9020300980884233
화,11,성북구,13.444444444444445,14.174592939104045,3.3897160001847944
화,11,송파구,13.777777777777779,15.350858343071414,3.786637054748091
화,11,양천구,17.22222222222222,17.70985777819651,2.220835583302728
화,11,영등포구,16.444444444444443,18.586171989668692,3.8180761967172967
화,11,용산구,10.666666666666666,10.716582810545466,3.596961180055592
화,11,은평구,22.444444444444443,23.417861459900514,4.72942403437782
화,11,종로구,9.777777777777779,10.75206249370862,2.1732488006302972
화,11,중구,5.0,5.739280246880274,1.6378010848130633
화,11,중랑구,16.666666666666668,16.48848934274713,2.3654637686012054
화,12,강남구,20.666666666666668,21.890612566281227,3.4166127362714027
화,12,강동구,37.111111111111114,34.36143774133362,4.279164913926505
화,12,강북구,20.11111111111111,18.10212517693066,3.7602325069419757
화,12,강서구,35.666666666666664,37.14743793709777,2.1230874521150023
화,12,관악구,17.444444444444443,22.177587743571877,5.0200054993267855
화,12,광진구,18.0,18.034024121215246,2.3412631249828157
화,12,구로구,21.11111111111111,22.026419792392563,2.810235970189913
화,12,금천구,8.555555555555555,9.481805412739556,1.921003493456132
화,12,노원구,53.888888888888886,55.20382146908714,7.569879985647526
화,12,도봉구,14.555555555555555,16.593333843645592,3.590144678181819
화,12,동대문구,22.22222222222222,24.157432230250556,3.7249926578112675
화,12,동작구,15.666666666666666,17.952768095302872,2.7556630697796343
화,12,마포구,29.666666666666668,31.74340083395417,4.964913690356985
화,12,서대문구,38.44444444444444,39.093007572707336,4.437201302300574
화,12,서초구,13.777777777777779,16.034049796757948,3.7742572050470082
화,12,성동구,14.333333333333334,15.427398643553285,2.6730121308195764
화,12,성북구,15.444444444444445,16.884587386464275,2.272192616236826
화,12,송파구,22.666666666666668,22.4772273581481,3.5610107726734017
화,12,양천구,27.444444444444443,27.228905988230757,3.624360259667166
화,12,영등포구,20.77777777777778,24.03005194205747,4.503507938229898
화,12,용산구,9.333333333333334,10.520147032685928,2.1592127088525697
화,12,은평구,23.77777777777778,25.478694757878728,3.8292067750910346
화,12,종로구,17.444444444444443,16.51325348331944,2.3262590128049343
화,12,중구,7.0,9.049620330699456,2.3435540752240964
화,12,중랑구,27.0,25.738432498042528,3.0180906120587028
화,13,강남구,16.666666666666668,18.88563020294965,3.5559720800847736
화,13,강동구,28.444444444444443,31.482885923747794,5.164483787100304
화,13,강북구,14.666666666666666,15.301792163346477,2.278705003454417
화,13,강서구,35.888888888888886,33.867450574396095,4.6115961792788305
화,13,관악구,15.333333333333334,17.202630957368218,3.699801952128271
화,13,광진구,16.88888888888889,16.857615310601428,1.907110046418848
화,13,구로구,14.333333333333334,17.077221677923017,3.51472353972976
화,13,금천구,7.888888888888889,8.225279210920553,2.2419685753424248
화,13,노원구,62.666666666666664,63.84776947547128,5.573555121389386
화,13,도봉구,14.333333333333334,15.5660629440487,2.9029423710082543
화,13,동대문구,16.22222222222222,17.10939886091053,5.012054792411627
화,13,동작구,15.777777777777779,15.66793284131683,2.6951627524731765
화,13,마포구,36.333333333333336,37.632432266542374,3.6408941363664016
화,13,서대문구,32.888888888888886,31.50062297484181,4.605701665772862
화,13,서초구,13.777777777777779,14.927825976967748,2.9579736049408183
화,13,성동구,14.11111111111111,14.22415213658106,3.1738223947217366
화,13,성북구,15.555555555555555,16.4341869162064,3.1333043192963603
화,13,송파구,22.77777777777778,21.536833380141818,2.565245891722444
화,13,양천구,22.22222222222222,22.048842855858968,3.3227495970519914
화,13,영등포구,18.22222222222222,20.22209485486047,2.7793317288287107
화,13,용산구,8.222222222222221,9.614061510757171,3.249863685240781
화,13,은평구,19.0,20.73880944192078,3.0821646863637473
화,13,종로구,15.444444444444445,15.396915005468575,1.5648475644357605
화,13,중구,6.666666666666667,7.2313226455437665,1.6723904316137699
화,13,중랑구,22.22222222222222,22.016430195838975,3.1841114827675003
화,14,강남구,17.77777777777778,18.59955963178397,2.601674251734943
화,14,강동구,32.333333333333336,34.816441034757126,3.241839152723454
화,14,강북구,14.555555555555555,17.41030338300947,3.556198490165723
화,14,강서구,34.44444444444444,32.69925461391831,3.2344818895104495
화,14,관악구,18.666666666666668,18.644289820904824,3.4647106643763284
화,14,광진구,17.77777777777778,18.436407094587043,1.580158723371982
화,14,구로구,16.555555555555557,17.093124174456932,1.793868707514637
화,14,금천구,5.777777777777778,6.760484766614965,1.3890864510675354
화,14,노원구,65.88888888888889,67.94818217592757,5.300552499868828
화,14,도봉구,16.333333333333332,17.745360893415583,3.552348833648044
화,14,동대문구,18.333333333333332,17.50102838701161,2.1193696434513978
화,14,동작구,15.444444444444445,18.81977333148254,4.371183578601629
화,14,마포구,35.44444444444444,41.92364397508493,6.479199530640481
화,14,서대문구,29.0,31.22861524293954,5.849135185710324
화,14,서초구,11.11111111111111,12.072509136354462,4.4636399547267755
화,14,성동구,10.0,11.02457551040612,2.5576698417071237
화,14,성북구,13.555555555555555,15.346654428511961,2.6774990084199572
화,14,송파구,16.555555555555557,18.23004222872482,2.4736778321086312
화,14,양천구,19.22222222222222,20.094213346033783,3.5751932980948786
화,14,영등포구,19.666666666666668,19.380447230726354,1.8130106483913078
화,14,용산구,6.222222222222222,8.476852409171732,2.9442612148857537
화,14,은평구,23.0,22.044720893865776,3.468459379628243
화,14,종로구,19.0,18.85507302992435,2.627210874572116
화,14,중구,5.666666666666667,6.860571736948703,1.6745890403418475
화,14,중랑구,21.555555555555557,20.581838256079877,2.0265044594523207
화,15,강남구,13.333333333333334,12.860600654104335,2.4657726590253497
화,15,강동구,26.555555555555557,27.351275163869595,2.761244932915691
화,15,강북구,12.88888888888889,13.932736854056095,2.714106768834845
화,15,강서구,29.11111111111111,31.283909213753915,3.0232833900967937
화,15,관악구,14.0,16.66147759572879,2.6614775957287913
화,15,광진구,15.88888888888889,15.636082156460454,2.5317577440877814
화,15,구로구,12.777777777777779,15.757827451677612,3.254460581242382
화,15,금천구,5.666666666666667,6.250608645056437,1.3924291141058094
화,15,노원구,69.66666666666667,67.29953635900056,5.543546009532065
화,15,도봉구,17.77777777777778,18.357537227653342,2.3178735260187597
화,15,동대문구,14.11111111111111,16.269977845461316,2.895380951316171
화,15,동작구,13.555555555555555,14.60857289984569,2.5400309602884534
화,15,마포구,32.22222222222222,33.369285804892314,6.206909363490719
화,15,서대문구,17.77777777777778,24.458785013288104,7.005920735910115
화,15,서초구,10.333333333333334,12.206715806851562,2.7881289435196335
화,15,성동구,7.555555555555555,8.783030431476753,2.379986919483368
화,15,성북구,16.77777777777778,17.06242960918649,3.4227134637948295
화,15,송파구,10.555555555555555,15.77889613227394,5.522401897140933
화,15,양천구,16.555555555555557,16.515943783385282,2.4970743218736073
화,15,영등포구,17.77777777777778,17.94711625417852,2.807771727092553
화,15,용산구,5.0,5.455699693403255,2.173226611605313
화,15,은평구,19.666666666666668,23.504906661635076,4.701775003995414
화,15,종로구,9.222222222222221,11.535251216694553,3.4271721742203813
화,15,중구,4.555555555555555,5.466685744675953,1.2263299677116035
화,15,중랑구,17.0,16.848431596607366,3.771969837766679
화,16,강남구,11.666666666666666,12.668604521956881,2.560680565277617
화,16,강동구,20.666666666666668,21.3689465551572,4.5763934410525415
화,16,강북구,6.777777777777778,8.264062394575058,2.5867576189004335
화,16,강서구,26.444444444444443,28.617847349936206,3.132585426857068
화,16,관악구,7.888888888888889,10.375943601300975,3.555022752065549
화,16,광진구,12.0,12.29784683270304,3.17829725917475
화,16,구로구,10.222222222222221,10.879687254879094,1.8384329964351334
화,16,금천구,2.2222222222222223,4.05035219770416,1.8281299754819378
화,16,노원구,51.666666666666664,56.20583357941761,7.632443223108114
화,16,도봉구,17.333333333333332,17.808564331063078,1.3441242466589327
화,16,동대문구,11.333333333333334,14.228222070910741,3.4835355211592027
화,16,동작구,8.666666666666666,11.457554962649416,3.4428840827859353
화,16,마포구,18.22222222222222,20.09197476240778,3.965450630249734
화,16,서대문구,19.88888888888889,22.764595417538903,4.094641995002978
화,16,서초구,9.11111111111111,10.000701901244646,1.53845625119034
화,16,성동구,11.11111111111111,10.329241245588548,2.6069080611880207
화,16,성북구,12.777777777777779,13.399677179833192,2.5038816549815572
화,16,송파구,10.333333333333334,12.020871551690455,2.890483580550352
화,16,양천구,8.666666666666666,10.999436332178854,2.718314212456949
화,16,영등포구,21.22222222222222,21.220915936403863,5.046035930159093
화,16,용산구,2.6666666666666665,4.129124420715691,2.3207041104159365
화,16,은평구,15.0,17.404640781167842,3.361819611015777
화,16,종로구,9.444444444444445,10.326520803630983,2.452460234030349
화,16,중구,6.111111111111111,4.977345836790949,2.2589751085140923
화,16,중랑구,19.333333333333332,19.6326481962636,3.6458511703857175
화,17,강남구,7.888888888888889,7.845016481097667,1.6328491910519582
화,17,강동구,15.333333333333334,15.721122252211993,3.131502115531536
화,17,강북구,5.444444444444445,6.378269135413747,1.8389776881329394
화,17,강서구,20.22222222222222,20.281397549475198,2.166514566144661
화,17,관악구,5.888888888888889,6.417093374002143,1.3314860012363998
화,17,광진구,8.777777777777779,9.49624529008928,2.021852681495869
화,17,구로구,4.888888888888889,5.957973568418186,2.3990125726066447
화,17,금천구,2.4444444444444446,3.4743737897365623,1.481284194662579
화,17,노원구,30.22222222222222,30.30893213344445,4.708709184968405
화,17,도봉구,8.444444444444445,9.356374755007074,1.9193034517658853
화,17,동대문구,9.0,9.33023394025473,1.8019462541622973
화,17,동작구,4.888888888888889,6.893281310523385,2.251605529172307
화,17,마포구,16.0,17.149211670217365,2.3336348381285514
화,17,서대문구,20.333333333333332,21.035416547490204,2.1668310647690734
화,17,서초구,7.666666666666667,7.512907518347055,1.7339951311425348
화,17,성동구,8.11111111111111,9.335125613278406,2.5646033580838425
화,17,성북구,8.777777777777779,8.291697079328625,1.564358418490461
화,17,송파구,9.555555555555555,12.012441066743454,3.282171706652811
화,17,양천구,7.0,7.779449847328585,1.9433362620431223
화,17,영등포구,13.444444444444445,14.266840346062814,3.4170201324307845
화,17,용산구,2.111111111111111,3.07689637368164,1.0475228326329211
화,17,은평구,12.222222222222221,13.468725535001044,3.536049921611617
화,17,종로구,6.222222222222222,10.000823946127017,4.220087612598212
화,17,중구,3.6666666666666665,4.450492207633675,1.4522978739644585
화,17,중랑구,10.444444444444445,11.036543260676188,3.881505666217114
화,18,강남구,6.333333333333333,6.877435485740856,2.2971039374417637
화,18,강동구,6.444444444444445,7.024743728316271,2.642578159406169
화,18,강북구,4.333333333333333,4.361113383652501,1.7852734190532717
화,18,강서구,9.88888888888889,12.050038916932001,3.1653492124101237
화,18,관악구,3.5555555555555554,4.322633898560654,1.66547628195248
화,18,광진구,3.4444444444444446,4.330833505417342,2.4492542209658636
화,18,구로구,5.444444444444445,5.329119381554447,1.484001048453049
화,18,금천구,1.5555555555555556,2.9187424601765146,1.4414246441969798
화,18,노원구,15.88888888888889,15.882295060835766,3.9180757513233413
화,18,도봉구,5.555555555555555,5.671950387551933,1.3737365163684623
화,18,동대문구,5.0,5.413704060217851,1.7750945142116137
화,18,동작구,3.5555555555555554,4.596814028475231,1.1771186417853312
화,18,마포구,16.22222222222222,16.140310210080557,2.5549472754770557
화,18,서대문구,9.555555555555555,11.16643905425648,3.6682474138608203
화,18,서초구,5.444444444444445,6.304546625162882,2.260319176529174
화,18,성동구,6.444444444444445,4.91660705698122,2.484983282113685
화,18,성북구,6.333333333333333,6.245530581215398,1.0004191565869247
화,18,송파구,6.888888888888889,7.206305920447958,2.621593384087634
화,18,양천구,4.555555555555555,5.922306436018776,1.7438177665372763
화,18,영등포구,11.11111111111111,9.933700832982069,2.5377003350848963
화,18,용산구,2.888888888888889,2.565128467962288,1.0126577306392268
화,18,은평구,8.555555555555555,9.8101304367993,2.32581934952569
화,18,종로구,9.222222222222221,9.883595239339847,2.0299445971638637
화,18,중구,3.4444444444444446,4.699627642588461,1.7706121587324242
화,18,중랑구,5.888888888888889,6.688302011108253,1.4013370447264806
화,19,강남구,4.666666666666667,4.876335024882345,1.4071413579392424
화,19,강동구,2.3333333333333335,3.677957753359119,1.6974346808487923
화,19,강북구,3.0,3.2717302885688015,1.0294270088521842
화,19,강서구,5.333333333333333,6.456051563449181,2.3052733699278196
화,19,관악구,3.5555555555555554,3.300883071590411,1.3242744140337932
화,19,광진구,1.7777777777777777,2.7534898080006105,1.421254507736167
화,19,구로구,2.6666666666666665,2.959374960181852,0.6306688379029615
화,19,금천구,1.5555555555555556,1.7810025266500997,0.9328713419665728
화,19,노원구,8.666666666666666,9.301058832248124,2.6648975026698687
화,19,도봉구,1.8888888888888888,2.7642740721255707,1.203472837338265
화,19,동대문구,2.2222222222222223,2.8740635149294436,1.2368054211223276
화,19,동작구,5.222222222222222,3.7742779421286463,1.901364471963034
화,19,마포구,7.0,7.22117191253762,2.9259103828738486
화,19,서대문구,4.444444444444445,4.074821864915905,1.8088921134785834
화,19,서초구,5.666666666666667,5.395077941311421,1.3006537759968444
화,19,성동구,2.7777777777777777,2.8311962952045984,1.3656806242331836
화,19,성북구,3.0,2.861531029802522,1.6258733867445523
화,19,송파구,3.6666666666666665,3.927092737430636,1.0523863825661715
화,19,양천구,2.4444444444444446,2.4612221230167823,0.8937586888883489
화,19,영등포구,5.333333333333333,5.544601031916416,2.2523931741276897
화,19,용산구,2.3333333333333335,2.431165859486614,1.624039037131614
화,19,은평구,3.6666666666666665,4.238832369384171,0.8976071363606286
화,19,종로구,6.444444444444445,6.750994572674766,2.0646132597959217
화,19,중구,3.7777777777777777,3.328343725496909,1.3174792586634854
화,19,중랑구,4.666666666666667,4.513607406161954,2.5046999295124954
화,20,강남구,3.2222222222222223,2.7261586105117233,1.0901621330858224
화,20,강동구,1.4444444444444444,2.015015332584183,1.0250871568296387
화,20,강북구,1.7777777777777777,1.469901907782704,0.8594769077958951
화,20,강서구,3.7777777777777777,3.750572210444321,1.1898835679793778
화,20,관악구,0.8888888888888888,1.2920142626189526,0.80225586413202
화,20,광진구,1.0,1.2539383742898478,0.601144588098128
화,20,구로구,1.5555555555555556,1.5370159133928725,0.7458709485976697
화,20,금천구,0.6666666666666666,0.6144393553173969,0.6464145395175186
화,20,노원구,5.222222222222222,5.494961556285464,1.85978326804669
화,20,도봉구,1.8888888888888888,1.4525818182225132,0.9985338679621985
화,20,동대문구,1.0,1.4931093117616012,0.7517805171958727
화,20,동작구,1.4444444444444444,1.4626647980528982,1.0665741328183616
화,20,마포구,1.5555555555555556,1.4819140185188946,1.1220316108298096
화,20,서대문구,1.2222222222222223,1.3170838920566235,0.7710565816602042
화,20,서초구,1.4444444444444444,1.8974069943160725,0.909344180291641
화,20,성동구,0.7777777777777778,0.900578577658583,1.0962849764176723
화,20,성북구,2.0,1.6627981464369577,0.6915660607948431
화,20,송파구,2.0,2.038638827408038,1.13548531670997
화,20,양천구,1.0,0.9914752775884688,0.774345068796732
화,20,영등포구,1.4444444444444444,1.9207687776475422,1.261596204340518
화,20,용산구,1.1111111111111112,1.3541875767979628,0.9354633112226978
화,20,은평구,3.4444444444444446,2.4533902606867195,2.1655246422705363
화,20,종로구,1.8888888888888888,1.7449899180313402,1.1465590079601726
화,20,중구,1.1111111111111112,1.6696061165591851,0.8623529626769665
화,20,중랑구,2.5555555555555554,2.497822193283164,1.1255339194417804
화,21,강남구,1.4444444444444444,1.2569006503469558,0.9160514739769692
화,21,강동구,1.7777777777777777,1.3440291997544087,0.7652228680746596
화,21,강북구,0.7777777777777778,0.7672212867984476,0.6896671690103342
화,21,강서구,2.5555555555555554,2.3672343802680347,1.0178546914668187
화,21,관악구,1.0,1.195748870830108,0.9678962141522932
화,21,광진구,1.2222222222222223,1.050948512766645,1.002668351647442
화,21,구로구,1.2222222222222223,1.555160680661364,0.7261267320024776
화,21,금천구,0.2222222222222222,0.3100072407474552,0.3832355505079512
화,21,노원구,4.222222222222222,2.8898852619279487,1.9139346508209154
화,21,도봉구,0.1111111111111111,0.4920004024605292,0.5110384222076819
화,21,동대문구,1.1111111111111112,1.1461188997016478,0.8469828137005606
화,21,동작구,0.7777777777777778,0.9390166423755972,0.7424072250709821
화,21,마포구,2.0,1.303450243963439,1.0673581269011272
화,21,서대문구,1.5555555555555556,1.037876142006126,0.5741617416713264
화,21,서초구,1.2222222222222223,1.125429481818836,0.6828820684432285
화,21,성동구,0.6666666666666666,0.709493225472111,0.6138772511226019
화,21,성북구,0.8888888888888888,1.1120546518521044,0.3846831286241972
화,21,송파구,1.1111111111111112,1.4448472188617771,0.639071275500227
화,21,양천구,0.4444444444444444,0.5295128423896797,0.6199233586357381
화,21,영등포구,1.1111111111111112,1.5024902718511426,0.8947828913661113
화,21,용산구,2.0,1.265245083759917,0.9713280947148853
화,21,은평구,1.2222222222222223,1.2274550587102775,0.7813048525118358
화,21,종로구,2.111111111111111,1.6563392958080825,1.0797532339591673
화,21,중구,1.1111111111111112,1.0321003715955763,0.362404234049582
화,21,중랑구,1.3333333333333333,1.432290781152519,0.8321901271530758
화,22,강남구,0.6666666666666666,1.1399830850285213,0.9371185275242397
화,22,강동구,1.8888888888888888,1.1942558588636176,1.068287811653639
화,22,강북구,0.6666666666666666,0.5487085167755691,0.6250880212916649
화,22,강서구,1.4444444444444444,1.5484743354880064,1.5178643272855028
화,22,관악구,0.6666666666666666,0.8448922068598307,0.5744233511839596
화,22,광진구,0.3333333333333333,0.6435475400329556,0.5983316952843861
화,22,구로구,0.4444444444444444,0.9551893523867901,0.7959118703374136
화,22,금천구,0.1111111111111111,0.25724896972839634,0.3225029380319201
화,22,노원구,1.5555555555555556,1.6762040627491295,1.0746443794828844
화,22,도봉구,0.1111111111111111,0.2908381098407955,0.3450432487780076
화,22,동대문구,0.5555555555555556,0.6683033267975467,0.5362852676393172
화,22,동작구,0.6666666666666666,0.5144614686087263,0.692722930724776
화,22,마포구,1.7777777777777777,1.0966815781736043,0.9486462325648632
화,22,서대문구,1.1111111111111112,0.6314459946679637,0.8870493407423873
화,22,서초구,1.1111111111111112,0.6781046449385426,0.7312696057421543
화,22,성동구,0.3333333333333333,0.643958244266027,0.5365849938839383
화,22,성북구,0.4444444444444444,0.4451719240768493,0.532218473518754
화,22,송파구,0.4444444444444444,0.8384349374747884,0.7036712989371988
화,22,양천구,0.3333333333333333,0.7249053560209585,0.5973246911848256
화,22,영등포구,1.0,1.2062955884260296,0.9175264229709542
화,22,용산구,1.7777777777777777,1.156692601254961,0.864796817639924
화,22,은평구,0.2222222222222222,0.5957799397886766,0.5542214296684487
화,22,종로구,0.8888888888888888,1.2833327202417857,0.7676377502869925
화,22,중구,0.5555555555555556,0.9263412857178968,0.8298067010309081
화,22,중랑구,0.4444444444444444,0.6677318537034045,0.6643077287361354
화,23,강남구,1.2222222222222223,0.6711256823635497,0.8899637151687342
화,23,강동구,0.7777777777777778,0.7861339367399565,0.8544986792399474
화,23,강북구,0.5555555555555556,0.24683125925485636,0.5711223172949343
화,23,강서구,0.6666666666666666,0.8027514901241991,0.621684865329094
화,23,관악구,0.0,0.26879532276347384,0.26879532276347384
화,23,광진구,0.2222222222222222,0.25816038619341636,0.37417327656748056
화,23,구로구,0.3333333333333333,0.31963916435613915,0.4099699860608961
화,23,금천구,0.0,0.15896634014920158,0.15896634014920158
화,23,노원구,1.1111111111111112,1.011919552956621,0.6174760578205184
화,23,도봉구,0.2222222222222222,0.17279712720056534,0.3226799832714109
화,23,동대문구,0.3333333333333333,0.5084080719443029,0.49146943890623024
화,23,동작구,0.2222222222222222,0.2373683286532962,0.3400658678826005
화,23,마포구,0.1111111111111111,0.2979989600523654,0.3654617862180982
화,23,서대문구,0.5555555555555556,0.426845648539316,0.5052446466328602
화,23,서초구,0.5555555555555556,0.3611147987465788,0.6116160286767058
화,23,성동구,0.0,0.23277784576386848,0.23277784576386848
화,23,성북구,0.1111111111111111,0.28702806160987515,0.33895242064072423
화,23,송파구,0.4444444444444444,0.5333631311791781,0.6544286347204706
화,23,양천구,0.4444444444444444,0.3707480975633763,0.4835571686458955
화,23,영등포구,0.5555555555555556,0.4512324139057917,0.6526207212165577
화,23,용산구,0.4444444444444444,0.47083919787272754,0.5516610536611029
화,23,은평구,0.1111111111111111,0.36494682412925133,0.4055002246196378
화,23,종로구,0.4444444444444444,0.46553101607563985,0.4691018347124633
화,23,중구,0.5555555555555556,0.4857537204081194,0.6126589029002233
화,23,중랑구,0.4444444444444444,0.3503514597615196,0.5923308465514379
